recipe_new,ingredient_group,order,technique,url,origin
abakando_errea,itsaskia,bigarren platerak,erre,https://eu.wikibooks.org/wiki/Sukaldaritza_liburua/Errezetak/Abakando_errea,bertakoa
ahuntz_gazta_entsalada,barazkia,lehen platerak,entsalada,https://eu.wikibooks.org/wiki/Sukaldaritza_liburua/Errezetak/Ahuntz_gazta_entsalada,
alberjinia_beteak_haragi_xehatuarekin,oliba olioa,lehen platerak,betea,https://eu.wikibooks.org/wiki/Sukaldaritza_liburua/Errezetak/Alberjinia_beteak_haragi_xehatuarekin,
ananaz_beteriko_krepeak,"fruta, arrautza",azkenburukoak,betea,https://eu.wikibooks.org/wiki/Sukaldaritza_liburua/Errezetak/Ananaz_beteriko_krepeak,frantzia
andaluziako_gazpatxoa,oliba olioa,lehen platerak,hotza,https://eu.wikibooks.org/wiki/Sukaldaritza_liburua/Errezetak/Andaluziako_gazpatxoa,espainia
antxoa_arrautzaztatua,arraina,bigarren platerak,frijitu,https://eu.wikibooks.org/wiki/Sukaldaritza_liburua/Errezetak/Antxoa_arrautzaztatua,
antxoa_baratxuritan_frijitua,arraina,bigarren platerak,frijitu,https://eu.wikibooks.org/wiki/Sukaldaritza_liburua/Errezetak/Antxoa_baratxuritan_frijitua,bertakoa
antxoa_betea,arraina,bigarren platerak,betea,https://eu.wikibooks.org/wiki/Sukaldaritza_liburua/Errezetak/Antxoa_betea,
antxoa_frijituak,"arraina, oliba olioa",bigarren platerak,frijitu,https://eu.wikibooks.org/wiki/Sukaldaritza_liburua/Errezetak/Antxoa_frijituak,
antxoa_kremaz_beterikoa,arraina,bigarren platerak,kremak,https://eu.wikibooks.org/wiki/Sukaldaritza_liburua/Errezetak/Antxoa_kremaz_beterikoa,
antxoa_marinatu_entsalada,arraina,lehen platerak,entsalada,https://eu.wikibooks.org/wiki/Sukaldaritza_liburua/Errezetak/Antxoa_marinatu_entsalada,
antxoa_ozpinetan,arraina,lehen platerak,entsalada,https://eu.wikibooks.org/wiki/Sukaldaritza_liburua/Errezetak/Antxoa_ozpinetan,
antxoa_papillote_eran,arraina,bigarren platerak,egosi,https://eu.wikibooks.org/wiki/Sukaldaritza_liburua/Errezetak/Antxoa_papillote_eran,
antxoak_tipulin_eta_baratxuri_freskoekin,"arraina, oliba olioa",bigarren platerak,,https://eu.wikibooks.org/wiki/Sukaldaritza_liburua/Errezetak/Antxoak_tipulin_eta_baratxuri_freskoekin,bertakoa
arkume_izterra_labean_barazkiekin,"barazkia, oliba olioa",bigarren platerak,labekatu,https://eu.wikibooks.org/wiki/Sukaldaritza_liburua/Errezetak/Arkume_izterra_labean_barazkiekin,
arkumea_txilindronean,oliba olioa,bigarren platerak,,https://eu.wikibooks.org/wiki/Sukaldaritza_liburua/Errezetak/Arkumea_txilindronean,bertakoa
arrain_budina,arraina,lehen platerak,egosi,https://eu.wikibooks.org/wiki/Sukaldaritza_liburua/Errezetak/Arrain_budina,
arrain_salda,arraina,lehen platerak,zopak,https://eu.wikibooks.org/wiki/Sukaldaritza_liburua/Errezetak/Arrain_salda,
arrain_zopa,arraina,lehen platerak,zopak,https://eu.wikibooks.org/wiki/Sukaldaritza_liburua/Errezetak/Arrain_zopa,
arrautza_budina,arrautza,lehen platerak,egosi,https://eu.wikibooks.org/wiki/Sukaldaritza_liburua/Errezetak/Arrautza_budina,
arrautza_egosia,arrautza,lehen platerak,egosi,https://eu.wikibooks.org/wiki/Sukaldaritza_liburua/Errezetak/Arrautza_egosia,
arrautza_frijitua,arrautza,bigarren platerak,frijitu,https://eu.wikibooks.org/wiki/Sukaldaritza_liburua/Errezetak/Arrautza_frijitua,
arrautza_galdarraztatua,arrautza,lehen platerak,egosi,https://eu.wikibooks.org/wiki/Sukaldaritza_liburua/Errezetak/Arrautza_galdarraztatua,
arrautza_habia,arrautza,lehen platerak,,https://eu.wikibooks.org/wiki/Sukaldaritza_liburua/Errezetak/Arrautza_habia,
arrautza_mollet_eran,arrautza,lehen platerak,,https://eu.wikibooks.org/wiki/Sukaldaritza_liburua/Errezetak/Arrautza_mollet_eran,frantzia
arrautza_uretan_pasea,arrautza,lehen platerak,egosi,"https://eu.wikibooks.org/wiki/Sukaldaritza_liburua/Errezetak/Arrautza,_uretan_pasea",
arrautzak_kardu_eta_kutixiekin,"oliba olioa, arrautza",bigarren platerak,,https://eu.wikibooks.org/wiki/Sukaldaritza_liburua/Errezetak/Arrautzak_kardu_eta_kutixiekin,
arrautzarekin_labean_eginiko_gazta_tarta,arrautza,azkenburukoak,labekatu,https://eu.wikibooks.org/wiki/Sukaldaritza_liburua/Errezetak/Arrautzarekin_labean_eginiko_gazta_tarta,
arroz-odolki_kruxpetak,arroza,lehen platerak,frijitu,https://eu.wikibooks.org/wiki/Sukaldaritza_liburua/Errezetak/Arroz-odolki_kruxpetak,bertakoa
arroz_beltza,arroza,lehen platerak,,https://eu.wikibooks.org/wiki/Sukaldaritza_liburua/Errezetak/Arroz_beltza,
arroz_entsalada,"barazkia, arroza",lehen platerak,entsalada,https://eu.wikibooks.org/wiki/Sukaldaritza_liburua/Errezetak/Arroz_entsalada,
arroz_esnea,arroza,azkenburukoak,,https://eu.wikibooks.org/wiki/Sukaldaritza_liburua/Errezetak/Arroz_esnea,
arroz_esnea2,"esnekiak, arroza",azkenburukoak,,https://eu.wikibooks.org/wiki/Sukaldaritza_liburua/Errezetak/Arroz_esnea_2,
arroz_hindua,arroza,lehen platerak,,https://eu.wikibooks.org/wiki/Sukaldaritza_liburua/Errezetak/Arroz_hindua,asia
arroz_odolkia_piper_eta_galeper_arrautzekin,"haragia, arroza, arrautza",lehen platerak,,"https://eu.wikibooks.org/wiki/Sukaldaritza_liburua/Errezetak/Arroz_odolkia,_piper_eta_galeper_arrautzekin",bertakoa
arroz_osoa_barazki_salteatuekin,arroza,lehen platerak,frijitu,https://eu.wikibooks.org/wiki/Sukaldaritza_liburua/Errezetak/Arroz_osoa_barazki_salteatuekin,
arroz_osoa_barazkiekin,arroza,lehen platerak,,https://eu.wikibooks.org/wiki/Sukaldaritza_liburua/Errezetak/Arroz_osoa_barazkiekin,
arroz_txuria,arroza,lehen platerak,,https://eu.wikibooks.org/wiki/Sukaldaritza_liburua/Errezetak/Arroz_txuria,
arroz_zopa,arroza,lehen platerak,zopak,https://eu.wikibooks.org/wiki/Sukaldaritza_liburua/Errezetak/Arroz_zopa,
arroz_zuri_egosia,arroza,lehen platerak,egosi,https://eu.wikibooks.org/wiki/Sukaldaritza_liburua/Errezetak/Arroz_zuri_egosia,
arroz_zuria_txirlekin,arroza,lehen platerak,,https://eu.wikibooks.org/wiki/Sukaldaritza_liburua/Errezetak/Arroz_zuria_txirlekin,bertakoa
arroza_abakandoarekin,"itsaskia, arroza",lehen platerak,,https://eu.wikibooks.org/wiki/Sukaldaritza_liburua/Errezetak/Arroza_abakandoarekin,bertakoa
arroza_barazkiekin,arroza,lehen platerak,,https://eu.wikibooks.org/wiki/Sukaldaritza_liburua/Errezetak/Arroza_barazkiekin,
arroza_japoniar_eran_egosia,arroza,lehen platerak,egosi,https://eu.wikibooks.org/wiki/Sukaldaritza_liburua/Errezetak/Arroza_japoniar_eran_egosia,
arroza_oilasko_eta_curryarekin,arroza,lehen platerak,,https://eu.wikibooks.org/wiki/Sukaldaritza_liburua/Errezetak/Arroza_oilasko_eta_curryarekin,asia
arroza_oilaskoarekin,arroza,lehen platerak,,https://eu.wikibooks.org/wiki/Sukaldaritza_liburua/Errezetak/Arroza_oilaskoarekin,
arroza_txibiekin,"itsaskia, arroza",lehen platerak,,https://eu.wikibooks.org/wiki/Sukaldaritza_liburua/Errezetak/Arroza_Txibiekin,bertakoa
arroza_txipiroiekin,"itsaskia, arroza, oliba olioa",lehen platerak,,https://eu.wikibooks.org/wiki/Sukaldaritza_liburua/Errezetak/Arroza_txipiroiekin,bertakoa
arrozezko_odolki_kruxpetak_piper_kremarekin,"haragia, arroza",lehen platerak,kremak,https://eu.wikibooks.org/wiki/Sukaldaritza_liburua/Errezetak/Arrozezko_odolki_kruxpetak_piper_kremarekin,bertakoa
arto_irin_tortilak,arrautza,bigarren platerak,frijitu,https://eu.wikibooks.org/wiki/Sukaldaritza_liburua/Errezetak/Arto_irin_tortillak,mexiko
askotariko_paella,arroza,lehen platerak,,https://eu.wikibooks.org/wiki/Sukaldaritza_liburua/Errezetak/Askotariko_paella,espainia
atun_mendrezka_plantxan_tomate_eta_otarrainxkekin,"arraina, oliba olioa",bigarren platerak,plantxan,https://eu.wikibooks.org/wiki/Sukaldaritza_liburua/Errezetak/Atun_mendrezka_plantxan_tomate_eta_otarrainxkekin,
atungorri_carpaccioa,arraina,lehen platerak,carpaccio,https://eu.wikibooks.org/wiki/Sukaldaritza_liburua/Errezetak/Atungorri_carpaccioa,
atungorri_sashimia,arraina,lehen platerak,hotza,https://eu.wikibooks.org/wiki/Sukaldaritza_liburua/Errezetak/Atungorri_sashimia,asia
azenario_purea,barazkia,lehen platerak,kremak,https://eu.wikibooks.org/wiki/Sukaldaritza_liburua/Errezetak/Azenario_purea,
azpizuna_plantxan,haragia,bigarren platerak,plantxan,https://eu.wikibooks.org/wiki/Sukaldaritza_liburua/Errezetak/Azpizuna_plantxan,
baba_egosia,lekaleak,lehen platerak,egosi,https://eu.wikibooks.org/wiki/Sukaldaritza_liburua/Errezetak/Baba_egosia,
baba_zuriak,lekaleak,lehen platerak,,https://eu.wikibooks.org/wiki/Sukaldaritza_liburua/Errezetak/Babarrun_zuriak,
babak_ilarrekin,lekaleak,lehen platerak,,https://eu.wikibooks.org/wiki/Sukaldaritza_liburua/Errezetak/Babak_ilarrekin,
babak_urdaiazpikoarekin,lekaleak,lehen platerak,,https://eu.wikibooks.org/wiki/Sukaldaritza_liburua/Errezetak/Babak_urdaiazpikoarekin,espainia
bakailao_brandada_piperrekin_eta_ziazerbekin,"arraina, oliba olioa",bigarren platerak,,https://eu.wikibooks.org/wiki/Sukaldaritza_liburua/Errezetak/Bakailao_brandada_piperrekin_eta_ziazerbekin,europa
bakailao_carpaccioa_ziza_eta_pinaziekin,"arraina, oliba olioa",lehen platerak,carpaccio,"https://eu.wikibooks.org/wiki/Sukaldaritza_liburua/Errezetak/Bakailao_carpaccioa,_ziza_eta_pinaziekin",
bakailao_edo_legatz_kroketak,arraina,lehen platerak,frijitu,https://eu.wikibooks.org/wiki/Sukaldaritza_liburua/Errezetak/Bakailao_edo_legatz_kroketak,
bakailao_entsalada,arraina,lehen platerak,entsalada,https://eu.wikibooks.org/wiki/Sukaldaritza_liburua/Errezetak/Bakailao_entsalada,
bakailao_eta_piper_erre_entsalada_epela,"arraina, oliba olioa",lehen platerak,entsalada,https://eu.wikibooks.org/wiki/Sukaldaritza_liburua/Errezetak/Bakailao_eta_piper_erre_entsalada_epela,
bakailao_frijitua,arraina,bigarren platerak,frijitu,https://eu.wikibooks.org/wiki/Sukaldaritza_liburua/Errezetak/Bakailao_frijitua,
bakailao_kokotxak_gari_zainzuri_eta_piper_freskoekin,"arraina, oliba olioa",bigarren platerak,,https://eu.wikibooks.org/wiki/Sukaldaritza_liburua/Errezetak/Bakailao_kokotxak_gari_zainzuri_eta_piper_freskoekin,bertakoa
bakailao_kokotxak_saltsa_berdean,arraina,bigarren platerak,,https://eu.wikibooks.org/wiki/Sukaldaritza_liburua/Errezetak/Bakailao_kokotxak_saltsa_berdean,bertakoa
bakailao_konfitatua_basmati_arrozarekin_eta_ziazerbekin,"barazkia, arroza, arraina, oliba olioa",bigarren platerak,konfitatu,"https://eu.wikibooks.org/wiki/Sukaldaritza_liburua/Errezetak/Bakailao_konfitatua,_basmati_arrozarekin_eta_ziazerbekin",asia
bakailao_konfitatua_piperrekin,arraina,bigarren platerak,konfitatu,https://eu.wikibooks.org/wiki/Sukaldaritza_liburua/Errezetak/Bakailao_konfitatua_piperrekin,
bakailao_masailak_saltsa_berdean_patatekin,arraina,bigarren platerak,,https://eu.wikibooks.org/wiki/Sukaldaritza_liburua/Errezetak/Bakailao_masailak_saltsa_berdean_patatekin,bertakoa
bakailao_nahaskia,arraina,lehen platerak,frijitu,https://eu.wikibooks.org/wiki/Sukaldaritza_liburua/Errezetak/Bakailao_nahaskia,
bakailao_piper_beteak,arraina,bigarren platerak,betea,https://eu.wikibooks.org/wiki/Sukaldaritza_liburua/Errezetak/Bakailo_piper_beteak,
bakailao_tortila,"arraina, arrautza",bigarren platerak,frijitu,https://eu.wikibooks.org/wiki/Sukaldaritza_liburua/Errezetak/Bakailao_tortilla,
bakailaoa_bizkaitar_erara,arraina,bigarren platerak,,https://eu.wikibooks.org/wiki/Sukaldaritza_liburua/Errezetak/Bakailaoa_bizkaitar_erara,bertakoa
bakailaoa_frijitua_piper_saltsa_eta_alioli_gainerrea,arraina,bigarren platerak,frijitu,https://eu.wikibooks.org/wiki/Sukaldaritza_liburua/Errezetak/Bakailaoa_frijitua_piper_saltsa_eta_alioli_gainerrea,
bakailaoa_pil-pil_erara,arraina,bigarren platerak,,https://eu.wikibooks.org/wiki/Sukaldaritza_liburua/Errezetak/Bakailaoa_pil-pil_erara,bertakoa
bakailaoaren_brandada,arraina,bigarren platerak,,https://eu.wikibooks.org/wiki/Sukaldaritza_liburua/Errezetak/Bakailaoaren_brandada,europa
baratxuri_zopa2,arrautza,lehen platerak,zopak,https://eu.wikibooks.org/wiki/Sukaldaritza_liburua/Errezetak/Baratxuri_zopa_2,bertakoa
baratxuri_zopa_bakailaoarekin,arrautza,lehen platerak,zopak,https://eu.wikibooks.org/wiki/Sukaldaritza_liburua/Errezetak/Baratxuri_zopa_bakailaoarekin,bertakoa
barazki_betegaia,barazkia,lehen platerak,betea,https://eu.wikibooks.org/wiki/Sukaldaritza_liburua/Errezetak/Barazki_betegaia,
barazki_budina,barazkia,lehen platerak,egosi,https://eu.wikibooks.org/wiki/Sukaldaritza_liburua/Errezetak/Barazki_budina,
barazki_estrudela,barazkia,lehen platerak,,https://eu.wikibooks.org/wiki/Sukaldaritza_liburua/Errezetak/Barazki_estrudela,europa
barazki_eta_otarrainxka_risottoa,"barazkia, arroza, oliba olioa",lehen platerak,,https://eu.wikibooks.org/wiki/Sukaldaritza_liburua/Errezetak/Barazki_eta_otarrainxka_risottoa,
barazki_eta_txekor_azpizun_erregosia,"barazkia, arrautza",bigarren platerak,erregosi,https://eu.wikibooks.org/wiki/Sukaldaritza_liburua/Errezetak/Barazki_eta_txekor_azpizun_erregosia,
barazki_eta_txipiroi_entsalada,"itsaskia, barazkia, oliba olioa",lehen platerak,entsalada,https://eu.wikibooks.org/wiki/Sukaldaritza_liburua/Errezetak/Barazki_eta_txipiroi_entsalada,bertakoa
barazki_eta_txipiroi_risottoa,"itsaskia, barazkia, arroza, oliba olioa",lehen platerak,,https://eu.wikibooks.org/wiki/Sukaldaritza_liburua/Errezetak/Barazki_eta_txipiroi_risotoa,bertakoa
barazki_eta_zapo_risottoa,"barazkia, arroza, oliba olioa",lehen platerak,,https://eu.wikibooks.org/wiki/Sukaldaritza_liburua/Errezetak/Barazki_eta_zapo_risotoa,bertakoa
barazki_koka,barazkia,lehen platerak,labekatu,https://eu.wikibooks.org/wiki/Sukaldaritza_liburua/Errezetak/Barazki_koka,espainia
barazki_krepeak,"oliba olioa, barazkia, arrautza",lehen platerak,,https://eu.wikibooks.org/wiki/Sukaldaritza_liburua/Errezetak/Barazki_krepeak,frantzia
barazki_lasagna,barazkia,lehen platerak,labekatu,https://eu.wikibooks.org/wiki/Sukaldaritza_liburua/Errezetak/Barazki_lasagna,italia
barazki_menestra,barazkia,lehen platerak,,https://eu.wikibooks.org/wiki/Sukaldaritza_liburua/Errezetak/Barazki_menestra,bertakoa
barazki_menestra2,"oliba olioa, barazkia, arrautza",lehen platerak,,https://eu.wikibooks.org/wiki/Sukaldaritza_liburua/Errezetak/Barazki_menestra_2,bertakoa
barazki_moussaka,barazkia,lehen platerak,labekatu,https://eu.wikibooks.org/wiki/Sukaldaritza_liburua/Errezetak/Barazki_moussaka,europa
barazki_panatxea,barazkia,lehen platerak,marian,https://eu.wikibooks.org/wiki/Sukaldaritza_liburua/Errezetak/Barazki_panatxea,frantzia
barazki_purea,barazkia,lehen platerak,kremak,https://eu.wikibooks.org/wiki/Sukaldaritza_liburua/Errezetak/Barazki_purea,
barazki_salda,barazkia,lehen platerak,zopak,https://eu.wikibooks.org/wiki/Sukaldaritza_liburua/Errezetak/Barazki_salda,
barazki_salteatua,barazkia,lehen platerak,frijitu,https://eu.wikibooks.org/wiki/Sukaldaritza_liburua/Errezetak/Barazki_salteatua,
barazki_saltsa,barazkia,lehen platerak,,https://eu.wikibooks.org/wiki/Sukaldaritza_liburua/Errezetak/Barazki_saltsa,
barazki_tortila,"barazkia, arrautza",lehen platerak,frijitu,https://eu.wikibooks.org/wiki/Sukaldaritza_liburua/Errezetak/Barazki_tortilla,
barazkia_tenpuran_frijitua,barazkia,lehen platerak,frijitu,https://eu.wikibooks.org/wiki/Sukaldaritza_liburua/Errezetak/Barazkia_tenpuran_frijitua,
barazkiak_dadotean_sueztituak,barazkia,lehen platerak,sueztitu,https://eu.wikibooks.org/wiki/Sukaldaritza_liburua/Errezetak/Barazkiak_dadotean_sueztituak,
barbarin_arraintxoak_plantxan_ziazerba_eta_otarrainxkekin,oliba olioa,bigarren platerak,plantxan,https://eu.wikibooks.org/wiki/Sukaldaritza_liburua/Errezetak/Barbarin_arraintxoak_plantxan_ziazerba_eta_otarrainxkekin,
barbarin_frijituak,arraina,bigarren platerak,frijitu,https://eu.wikibooks.org/wiki/Sukaldaritza_liburua/Errezetak/Barbarin_frijituak,
barraskilo_salteatuak,barraskiloak,bigarren platerak,frijitu,https://eu.wikibooks.org/wiki/Sukaldaritza_liburua/Errezetak/Barraskilo_salteatuak,
barraskiloak_bizkaitar_erara,barraskiloak,bigarren platerak,,https://eu.wikibooks.org/wiki/Sukaldaritza_liburua/Errezetak/Barraskiloak_bizkaitar_erara,bertakoa
barraskiloak_parrilan,barraskiloak,bigarren platerak,plantxan,https://eu.wikibooks.org/wiki/Sukaldaritza_liburua/Errezetak/Barraskiloak_parrillan,
basa_arroza_arroz_zuriarekin,arroza,lehen platerak,,"https://eu.wikibooks.org/wiki/Sukaldaritza_liburua/Errezetak/Basa_arroza,_arroz_zuriarekin",asia
basa_arroza_barazkiekin,arroza,lehen platerak,,https://eu.wikibooks.org/wiki/Sukaldaritza_liburua/Errezetak/Basa_arroza_barazkiekin,asia
baserriko_ogi_tosta_berezia,oliba olioa,lehen platerak,,https://eu.wikibooks.org/wiki/Sukaldaritza_liburua/Errezetak/Baserriko_ogi_tosta_berezia,bertakoa
basmati_arroza_entsaladan,"arroza, oliba olioa",lehen platerak,entsalada,https://eu.wikibooks.org/wiki/Sukaldaritza_liburua/Errezetak/Basmati_arroza_entsaladan,asia
baso_fruituen_saltsa,fruta,azkenburukoak,,https://eu.wikibooks.org/wiki/Sukaldaritza_liburua/Errezetak/Baso_fruituen_saltsa,
basurdea_saltsan,oliba olioa,bigarren platerak,,https://eu.wikibooks.org/wiki/Sukaldaritza_liburua/Errezetak/Basurdea_saltsan,
berdela_eskabetxean,arraina,lehen platerak,entsalada,https://eu.wikibooks.org/wiki/Sukaldaritza_liburua/Errezetak/Berdela_eskabetxean,
berdela_labean_piperradarekin,arraina,bigarren platerak,labekatu,https://eu.wikibooks.org/wiki/Sukaldaritza_liburua/Errezetak/Berdela_labean_piperradarekin,bertakoa
bexamelaz_eginiko_haragi_betegaia,haragia,bigarren platerak,betea,https://eu.wikibooks.org/wiki/Sukaldaritza_liburua/Errezetak/Bexamelaz_eginiko_haragi_betegaia,
bijiliako_txitxirioak,lekaleak,lehen platerak,,https://eu.wikibooks.org/wiki/Sukaldaritza_liburua/Errezetak/Bijiliako_Txitxirioak,bertakoa
biribilkia_saltsan,haragia,bigarren platerak,,https://eu.wikibooks.org/wiki/Sukaldaritza_liburua/Errezetak/Biribilkia_saltsan,
bisigua_labean,arraina,bigarren platerak,labekatu,https://eu.wikibooks.org/wiki/Sukaldaritza_liburua/Errezetak/Bisigua_labean,
bizkaitar_saltsa,arraina,bigarren platerak,,https://eu.wikibooks.org/wiki/Sukaldaritza_liburua/Errezetak/Bizkaitar_saltsa,bertakoa
bruselazak_borraja_eta_urdaiazpikoarekin,"haragia, barazkia",lehen platerak,,https://eu.wikibooks.org/wiki/Sukaldaritza_liburua/Errezetak/Bruselazak_borraja_eta_urdaiazpikoarekin,espainia
buia_maionesarekin,itsaskia,lehen platerak,hotza,https://eu.wikibooks.org/wiki/Sukaldaritza_liburua/Errezetak/Buia_maionesarekin,
caprese_entsalada,barazkia,lehen platerak,entsalada,https://eu.wikibooks.org/wiki/Sukaldaritza_liburua/Errezetak/Caprese_entsalada,
cesar_entsalada,barazkia,lehen platerak,entsalada,https://eu.wikibooks.org/wiki/Sukaldaritza_liburua/Errezetak/Cesar_entsalada,
eperrak_saltsan,oliba olioa,bigarren platerak,,https://eu.wikibooks.org/wiki/Sukaldaritza_liburua/Errezetak/Eperrak_saltsan,
eperrak_txokolate_saltsan,txokolatea,bigarren platerak,,https://eu.wikibooks.org/wiki/Sukaldaritza_liburua/Errezetak/Eperrak_txokolate_saltsan,
erreboiloa_basmati_arrozarekin_eta_lekekin,"barazkia, arroza, arraina, oliba olioa",bigarren platerak,,https://eu.wikibooks.org/wiki/Sukaldaritza_liburua/Errezetak/Erreboiloa_basmati_arrozarekin_eta_lekekin,asia
erremolatxa_egosia,barazkia,lehen platerak,egosi,https://eu.wikibooks.org/wiki/Sukaldaritza_liburua/Errezetak/Erremolatxa_egosia,
esne_frijituak,"esnekiak, arrautza",azkenburukoak,frijitu,https://eu.wikibooks.org/wiki/Sukaldaritza_liburua/Errezetak/Esne_frijituak,
etxeko_bizkotxoa_marrubiekin_eta_esne_gainarekin,"fruta, arrautza",azkenburukoak,labekatu,https://eu.wikibooks.org/wiki/Sukaldaritza_liburua/Errezetak/Etxeko_bizkotxoa_marrubiekin_eta_esne_gainarekin,
etxeko_gailetak_kremaz_beteak,arrautza,azkenburukoak,kremak,https://eu.wikibooks.org/wiki/Sukaldaritza_liburua/Errezetak/Etxeko_gailetak_kremaz_beteak,
fideua_barazki_eta_muskuiluekin,"barazkia, oliba olioa",lehen platerak,,https://eu.wikibooks.org/wiki/Sukaldaritza_liburua/Errezetak/Fideua_barazki_eta_muskuiluekin,espainia
fideua_barazki_eta_otarrainxkekin,"pasta, barazkia, oliba olioa",lehen platerak,,"https://eu.wikibooks.org/wiki/Sukaldaritza_liburua/Errezetak/Fideua,_barazki_eta_otarrainxkekin",espainia
fideua_otarrainxka_eta_barazkiekin,"pasta, barazkia, oliba olioa",lehen platerak,,https://eu.wikibooks.org/wiki/Sukaldaritza_liburua/Errezetak/Fideua_otarrainxka_eta_barazkiekin,espainia
fideua_txibiekin,itsaskia,bigarren platerak,,https://eu.wikibooks.org/wiki/Sukaldaritza_liburua/Errezetak/Fideua_txibiekin,espainia
flamenka_eran_eginiko_arrautzak,arrautza,lehen platerak,,https://eu.wikibooks.org/wiki/Sukaldaritza_liburua/Errezetak/Flamenka_eran_eginiko_arrautzak,espainia
fouti_arroza,arroza,lehen platerak,,https://eu.wikibooks.org/wiki/Sukaldaritza_liburua/Errezetak/Fouti_arroza,afrika
frantziar_lekak_perretxiko_eta_otarrainxkekin,"lekaleak, barazkia, oliba olioa",lehen platerak,,https://eu.wikibooks.org/wiki/Sukaldaritza_liburua/Errezetak/Frantziar_lekak_perretxiko_eta_otarrainxkekin,frantzia
frijitzeko_orea,barazkia,lehen platerak,frijitu,https://eu.wikibooks.org/wiki/Sukaldaritza_liburua/Errezetak/Frijitzeko_orea,
fruta_gelatina_bainua,fruta,azkenburukoak,marian,https://eu.wikibooks.org/wiki/Sukaldaritza_liburua/Errezetak/Fruta_gelatina_bainua,
fruta_mazedonia,fruta,azkenburukoak,hotza,https://eu.wikibooks.org/wiki/Sukaldaritza_liburua/Errezetak/Fruta_mazedonia,
fruta_moussea,fruta,azkenburukoak,,https://eu.wikibooks.org/wiki/Sukaldaritza_liburua/Errezetak/Fruta_moussea,frantzia
gaileta-tarta_eta_txokolate_zurizko_kremarekin,txokolatea,azkenburukoak,kremak,https://eu.wikibooks.org/wiki/Sukaldaritza_liburua/Errezetak/Gaileta-tarta_eta_txokolate_zurizko_kremarekin,
galeper_arrautza_egosia,arrautza,lehen platerak,egosi,https://eu.wikibooks.org/wiki/Sukaldaritza_liburua/Errezetak/Galeperra_arrautza_egosia,
galeper_arrautza_pintxoa,arrautza,lehen platerak,hotza,https://eu.wikibooks.org/wiki/Sukaldaritza_liburua/Errezetak/Galeper_arrautza_pintxoa,
galiziar_haragi_enpanada,haragia,bigarren platerak,betea,https://eu.wikibooks.org/wiki/Sukaldaritza_liburua/Errezetak/Galiziar_haragi_enpanada,espainia
ganbak_baratxuritan,"itsaskia, arraina",bigarren platerak,,https://eu.wikibooks.org/wiki/Sukaldaritza_liburua/Errezetak/Ganbak_baratxuritan,bertakoa
ganbak_plantxan_edo_parrilan,"itsaskia, arraina",bigarren platerak,plantxan,https://eu.wikibooks.org/wiki/Sukaldaritza_liburua/Errezetak/Ganbak_plantxan_edo_parrilan,
ganbak_plantxan_edo_zartaginean,"itsaskia, arraina",bigarren platerak,plantxan,https://eu.wikibooks.org/wiki/Sukaldaritza_liburua/Errezetak/Ganbak_plantxan_edo_zartaginean,
ganbaz_beteriko_txipiroi_frijitua,itsaskia,bigarren platerak,frijitu,https://eu.wikibooks.org/wiki/Sukaldaritza_liburua/Errezetak/Ganbaz_beteriko_txipiroi_frijitua,bertakoa
garaiko_barazki_burruntzia,"barazkia, oliba olioa",lehen platerak,plantxan,https://eu.wikibooks.org/wiki/Sukaldaritza_liburua/Errezetak/Garaiko_barazki_burruntzia,
garaiko_ilarrak_patata_ziazerba_eta_txirlekin,lekaleak,bigarren platerak,,"https://eu.wikibooks.org/wiki/Sukaldaritza_liburua/Errezetak/Garaiko_ilarrak,_patata,_ziazerba_eta_txirlekin",bertakoa
gari_zainzuriak_plantxan_txipiroiekin,oliba olioa,lehen platerak,plantxan,"https://eu.wikibooks.org/wiki/Sukaldaritza_liburua/Errezetak/Gari_zainzuriak_plantxan,_txipiroiekin",bertakoa
gazta_eta_urdai_egosi_frijituak,esnekiak,azkenburukoak,egosi,https://eu.wikibooks.org/wiki/Sukaldaritza_liburua/Errezetak/Gazta_eta_urdai_egosi_frijituak,
gazta_izozkia,esnekiak,azkenburukoak,kremak,https://eu.wikibooks.org/wiki/Sukaldaritza_liburua/Errezetak/Gazta_izozkia,
gazta_krema,esnekiak,azkenburukoak,kremak,https://eu.wikibooks.org/wiki/Sukaldaritza_liburua/Errezetak/Gazta_krema,
gazta_kroketak,esnekiak,lehen platerak,frijitu,https://eu.wikibooks.org/wiki/Sukaldaritza_liburua/Errezetak/Gazta_kroketak,
gazta_tarta_labean,esnekiak,azkenburukoak,labekatu,https://eu.wikibooks.org/wiki/Sukaldaritza_liburua/Errezetak/Gazta_tarta_labean,
gazta_tarta_mugurdi_mermeladarekin,esnekiak,azkenburukoak,labekatu,https://eu.wikibooks.org/wiki/Sukaldaritza_liburua/Errezetak/Gazta_tarta_mugurdi_mermeladarekin,
gazta_urdin_kanape_edo_pintxoa,esnekiak,lehen platerak,hotza,https://eu.wikibooks.org/wiki/Sukaldaritza_liburua/Errezetak/Gazta_urdin_kanape_edo_pintxoa,frantzia
gazta_urdin_krema_kanapea,esnekiak,azkenburukoak,kremak,https://eu.wikibooks.org/wiki/Sukaldaritza_liburua/Errezetak/Gazta_urdin_krema_kanapea,frantzia
gaztaz_beteriko_ravioliak_txanpiñoi_eta_txirla_kremarekin,"esnekiak, pasta",lehen platerak,kremak,https://eu.wikibooks.org/wiki/Sukaldaritza_liburua/Errezetak/Gaztaz_beteriko_ravioliak_txanpi%C3%B1oi_eta_txirla_kremarekin,
gianduja_krema,txokolatea,azkenburukoak,kremak,https://eu.wikibooks.org/wiki/Sukaldaritza_liburua/Errezetak/Gianduja_krema,
guakamole_txalupa_otarrainxkekin,"fruta, oliba olioa",lehen platerak,hotza,https://eu.wikibooks.org/wiki/Sukaldaritza_liburua/Errezetak/Guakamole_txalupa_otarrainxkekin,mexiko
guakamolea,fruta,lehen platerak,hotza,https://eu.wikibooks.org/wiki/Sukaldaritza_liburua/Errezetak/Guakamolea,mexiko
haragi_betegaia,haragia,bigarren platerak,betea,https://eu.wikibooks.org/wiki/Sukaldaritza_liburua/Errezetak/Haragi_betegaia,
haragi_bolak_barazki_saltsan,haragia,bigarren platerak,,https://eu.wikibooks.org/wiki/Sukaldaritza_liburua/Errezetak/Haragi_bolak_barazki_saltsan,
haragi_bolak_tomate_saltsan,haragia,bigarren platerak,,https://eu.wikibooks.org/wiki/Sukaldaritza_liburua/Errezetak/Albondigak_tomate_saltsan,
haragi_carpaccioa,haragia,lehen platerak,carpaccio,https://eu.wikibooks.org/wiki/Sukaldaritza_liburua/Errezetak/Haragi_carpaccioa,
haragi_egosiz_eta_txanpiñoiz_beteriko_piperrak,"haragia, oliba olioa",bigarren platerak,egosi,https://eu.wikibooks.org/wiki/Sukaldaritza_liburua/Errezetak/Haragi_egosiz_eta_txanpinoiz_beteriko_piperrak,
haragi_enpanada,haragia,bigarren platerak,betea,https://eu.wikibooks.org/wiki/Sukaldaritza_liburua/Errezetak/Haragi_enpanada,
haragi_enpanadila,haragia,bigarren platerak,betea,https://eu.wikibooks.org/wiki/Sukaldaritza_liburua/Errezetak/Haragi_enpanadilla,
haragi_gisatua,haragia,bigarren platerak,erregosi,https://eu.wikibooks.org/wiki/Sukaldaritza_liburua/Errezetak/Haragi_gisatua,
haragi_kaneloiak,haragia,lehen platerak,labekatu,https://eu.wikibooks.org/wiki/Sukaldaritza_liburua/Errezetak/Haragi_kaneloiak,italia
haragi_kroketak,haragia,lehen platerak,frijitu,https://eu.wikibooks.org/wiki/Sukaldaritza_liburua/Errezetak/Haragi_kroketak,
haragi_lasagna,haragia,lehen platerak,labekatu,https://eu.wikibooks.org/wiki/Sukaldaritza_liburua/Errezetak/Haragi_lasagna,italia
haragi_ragouta,haragia,bigarren platerak,erregosi,https://eu.wikibooks.org/wiki/Sukaldaritza_liburua/Errezetak/Haragi_ragouta,italia
haragia_tartar_eran,haragia,lehen platerak,entsalada,https://eu.wikibooks.org/wiki/Sukaldaritza_liburua/Errezetak/Haragia_tartar_eran,
haragizko_piper_beteak,haragia,bigarren platerak,betea,https://eu.wikibooks.org/wiki/Sukaldaritza_liburua/Errezetak/Haragizko_piper_beteak,
hegalaburra_papillote_eran,arraina,bigarren platerak,egosi,https://eu.wikibooks.org/wiki/Sukaldaritza_liburua/Errezetak/Hegalaburra_papillote_eran,bertakoa
hegaluze_ahuakate_eta_piper_tartarra,"barazkia, arraina, oliba olioa",lehen platerak,entsalada,"https://eu.wikibooks.org/wiki/Sukaldaritza_liburua/Errezetak/Hegaluze,_ahuakate_eta_piper_tartarra",bertakoa
hegaluze_edo_arrain_betegaia,arraina,bigarren platerak,betea,https://eu.wikibooks.org/wiki/Sukaldaritza_liburua/Errezetak/Hegaluze_edo_arrain_betegaia,bertakoa
hegaluze_edo_hegalabur_salda,arraina,lehen platerak,zopak,https://eu.wikibooks.org/wiki/Sukaldaritza_liburua/Errezetak/Hegaluze_edo_hegalabur_salda,bertakoa
hegaluze_edo_hegalaburra_ontziratua,arraina,bigarren platerak,,https://eu.wikibooks.org/wiki/Sukaldaritza_liburua/Errezetak/Hegaluze_edo_hegalaburra_ontziratua,bertakoa
hegaluze_edo_hegalaburra_tipularekin,arraina,bigarren platerak,,https://eu.wikibooks.org/wiki/Sukaldaritza_liburua/Errezetak/Hegaluze_edo_hegalaburra_tipularekin,bertakoa
hegaluze_edo_hegalaburra_tomatearekin,arraina,bigarren platerak,,https://eu.wikibooks.org/wiki/Sukaldaritza_liburua/Errezetak/Hegaluze_edo_hegalaburra_tomatearekin,bertakoa
hegaluze_enpanada,arraina,bigarren platerak,betea,https://eu.wikibooks.org/wiki/Sukaldaritza_liburua/Errezetak/Hegaluze_enpanada,bertakoa
hegaluze_enpanadila,arraina,bigarren platerak,betea,https://eu.wikibooks.org/wiki/Sukaldaritza_liburua/Errezetak/Hegaluze_enpanadilla,bertakoa
hegaluze_entsalada_otarrainxka_eta_piper_gorriz_eginiko_tartarrarekin,"barazkia, arraina, oliba olioa",lehen platerak,entsalada,"https://eu.wikibooks.org/wiki/Sukaldaritza_liburua/Errezetak/Hegaluze_entsalada,_otarrainxka_eta_piper_gorriz_eginiko_tar-tarrarekin",bertakoa
hegaluze_eta_ibarrako_piper_pintxoa,arraina,lehen platerak,hotza,https://eu.wikibooks.org/wiki/Sukaldaritza_liburua/Errezetak/Hegaluze_eta_Ibarrako_piper_pintxoa,bertakoa
hegaluze_tartarra,arraina,lehen platerak,entsalada,https://eu.wikibooks.org/wiki/Sukaldaritza_liburua/Errezetak/Hegaluze_tartarra,bertakoa
hegaluzea_asiako_erara_udaberriko_entsaladan,"barazkia, arraina, oliba olioa",lehen platerak,entsalada,"https://eu.wikibooks.org/wiki/Sukaldaritza_liburua/Errezetak/Hegaluzea_Asiako_erara,_udaberriko_entsaladan",bertakoa
hegaluzea_tomate_konpotarekin,arraina,bigarren platerak,,https://eu.wikibooks.org/wiki/Sukaldaritza_liburua/Errezetak/Hegaluzea_tomate_konpotarekin,bertakoa
hiru_gutiziko_arroza,arroza,lehen platerak,,https://eu.wikibooks.org/wiki/Sukaldaritza_liburua/Errezetak/Hiru_gutiziko_arroza,asia
hostopil_koka,"barazkia, oliba olioa",lehen platerak,labekatu,https://eu.wikibooks.org/wiki/Sukaldaritza_liburua/Errezetak/Hostopil_koka,espainia
hostopila_odolki_eta_barazkiz_beteta,barazkia,lehen platerak,labekatu,https://eu.wikibooks.org/wiki/Sukaldaritza_liburua/Errezetak/Hostopila_odolki_eta_barazkiz_beteta,bertakoa
hur_eta_txokolate_opila,txokolatea,azkenburukoak,labekatu,https://eu.wikibooks.org/wiki/Sukaldaritza_liburua/Errezetak/Hur_eta_txokolate_opila,
ilar_budina,lekaleak,lehen platerak,egosi,https://eu.wikibooks.org/wiki/Sukaldaritza_liburua/Errezetak/Ilar_budina,
ilar_egosia,lekaleak,lehen platerak,egosi,https://eu.wikibooks.org/wiki/Sukaldaritza_liburua/Errezetak/Ilar_egosia,
ilar_krema,lekaleak,lehen platerak,kremak,https://eu.wikibooks.org/wiki/Sukaldaritza_liburua/Errezetak/Ilar_krema,
ilarrak_urdaiazpikoarekin,lekaleak,lehen platerak,,https://eu.wikibooks.org/wiki/Sukaldaritza_liburua/Errezetak/Ilarrak_urdaiazpikoarekin,espainia
irasagarra2,fruta,azkenburukoak,hotza,https://eu.wikibooks.org/wiki/Sukaldaritza_liburua/Errezetak/Irasagarra_2,
itsas_paella,"itsaskia, arroza, oliba olioa",lehen platerak,,https://eu.wikibooks.org/wiki/Sukaldaritza_liburua/Errezetak/Itsas_paella,espainia
itsas_zapoa,arraina,bigarren platerak,,https://eu.wikibooks.org/wiki/Sukaldaritza_liburua/Errezetak/Itsas_zapoa,bertakoa
itsas_zapoa_koxkera_erara,arraina,bigarren platerak,,https://eu.wikibooks.org/wiki/Sukaldaritza_liburua/Errezetak/Itsas_zapoa_koxkera_erara,bertakoa
itsas_zapoa_saltsa_berdean_txirlekin,arraina,bigarren platerak,,https://eu.wikibooks.org/wiki/Sukaldaritza_liburua/Errezetak/Itsas_zapoa_saltsa_berdean_txirlekin,bertakoa
itsaski_krema,itsaskia,bigarren platerak,kremak,https://eu.wikibooks.org/wiki/Sukaldaritza_liburua/Errezetak/Itsaski_krema,
itsaski_paella,"itsaskia, arroza",lehen platerak,,https://eu.wikibooks.org/wiki/Sukaldaritza_liburua/Errezetak/Itsaski_paella,espainia
itsaskiak_sagardoarekin,arraina,bigarren platerak,,https://eu.wikibooks.org/wiki/Sukaldaritza_liburua/Errezetak/Itsaskiak_sagardoarekin,bertakoa
itsasoa_eta_sagardoa,arraina,bigarren platerak,,https://eu.wikibooks.org/wiki/Sukaldaritza_liburua/Errezetak/Itsasoa_eta_sagardoa,bertakoa
izkira_egosiak,itsaskia,bigarren platerak,egosi,https://eu.wikibooks.org/wiki/Sukaldaritza_liburua/Errezetak/Izkira_egosiak,
izokin_kanape_edo_pintxoa,arraina,lehen platerak,hotza,https://eu.wikibooks.org/wiki/Sukaldaritza_liburua/Errezetak/Izokin_kanape_edo_pintxoa,frantzia
izokin_kremaz_beteriko_tartaletak,arraina,bigarren platerak,kremak,https://eu.wikibooks.org/wiki/Sukaldaritza_liburua/Errezetak/Izokin_kremaz_beteriko_tartaletak,
izokin_marinatua,arraina,bigarren platerak,entsalada,https://eu.wikibooks.org/wiki/Sukaldaritza_liburua/Errezetak/Izokin_marinatua,
kafe_budina,arrautza,lehen platerak,egosi,https://eu.wikibooks.org/wiki/Sukaldaritza_liburua/Errezetak/Kafe_budina,
kalabazin_txalupak_otarrainxka_eta_ziazerbaz_beteak,oliba olioa,lehen platerak,betea,https://eu.wikibooks.org/wiki/Sukaldaritza_liburua/Errezetak/Kalabazin_txalupak_otarrainxka_eta_ziazerbaz_beteak,
kardua_urdaiazpiko_eta_arrautza_eskalfatuarekin,"barazkia, arrautza",lehen platerak,egosi,"https://eu.wikibooks.org/wiki/Sukaldaritza_liburua/Errezetak/Kardua,_urdaiazpiko_eta_arrautza_eskalfatuarekin",espainia
kokotxak_leka_eta_tomate_konpotarekin,"lekaleak, arraina, oliba olioa",bigarren platerak,,https://eu.wikibooks.org/wiki/Sukaldaritza_liburua/Errezetak/Kokotxak_leka_eta_tomate_konpotarekin,bertakoa
krema_ingelesa,arrautza,azkenburukoak,kremak,https://eu.wikibooks.org/wiki/Sukaldaritza_liburua/Errezetak/Krema_ingelesa,
krema_opila,arrautza,azkenburukoak,kremak,https://eu.wikibooks.org/wiki/Sukaldaritza_liburua/Errezetak/Krema_opila,
kremaz_beteriko_krepeak,arrautza,azkenburukoak,kremak,https://eu.wikibooks.org/wiki/Sukaldaritza_liburua/Errezetak/Kremaz_beteriko_krepeak,frantzia
kuia_krema_otarrainxkekin,oliba olioa,lehen platerak,kremak,https://eu.wikibooks.org/wiki/Sukaldaritza_liburua/Errezetak/Kuia_krema_otarrainxkekin,
kuia_tomate_eta_kantauriko_antxoa_lasagna,oliba olioa,lehen platerak,labekatu,"https://eu.wikibooks.org/wiki/Sukaldaritza_liburua/Errezetak/Kuia,_tomate_eta_Kantauriko_antxoa_lasagna",italia
kuia_txikiz_eginiko_milorria_bakailaoz_betea,oliba olioa,lehen platerak,betea,"https://eu.wikibooks.org/wiki/Sukaldaritza_liburua/Errezetak/Kuia_txikiz_eginiko_milorria,_bakailaoz_betea",
lanperna_egosiak,itsaskia,bigarren platerak,egosi,https://eu.wikibooks.org/wiki/Sukaldaritza_liburua/Errezetak/Lanperna_egosiak,
legatz_arrautzaztatua,arraina,bigarren platerak,,https://eu.wikibooks.org/wiki/Sukaldaritza_liburua/Errezetak/Legatz_arrautzaztatua,
legatz_betea,arraina,bigarren platerak,betea,https://eu.wikibooks.org/wiki/Sukaldaritza_liburua/Errezetak/Legatz_betea,
legatz_kokotea_labean,arraina,bigarren platerak,labekatu,https://eu.wikibooks.org/wiki/Sukaldaritza_liburua/Errezetak/Legatz_kokotea_labean,bertakoa
legatz_kokotxak_arrautzaztatuak,arraina,bigarren platerak,,https://eu.wikibooks.org/wiki/Sukaldaritza_liburua/Errezetak/Legatz_kokotxak_arrautzaztatuak,bertakoa
legatz_xerrak_plantxan_barazki_eta_baratxuri_freskoekin,"barazkia, arraina",bigarren platerak,plantxan,"https://eu.wikibooks.org/wiki/Sukaldaritza_liburua/Errezetak/Legatz_xerrak_plantxan,_barazki_eta_baratxuri_freskoekin",bertakoa
legatza_barazkiekin_papillote_erara,"arraina, oliba olioa",bigarren platerak,egosi,"https://eu.wikibooks.org/wiki/Sukaldaritza_liburua/Errezetak/Legatza_barazkiekin,_papillote_erara",
legatza_otarrainxka_saldarekin_eta_txirlekin,"arraina, oliba olioa",lehen platerak,,https://eu.wikibooks.org/wiki/Sukaldaritza_liburua/Errezetak/Legatza_otarrainxka_saldarekin_eta_txirlekin,bertakoa
legatza_plantxan_barazkiekin,"barazkia, arraina, oliba olioa",bigarren platerak,plantxan,"https://eu.wikibooks.org/wiki/Sukaldaritza_liburua/Errezetak/Legatza_plantxan,_barazkiekin",
legatza_plantxan_kuia_txikiarekin_eta_pipermorroekin,"barazkia, arraina, oliba olioa",bigarren platerak,plantxan,"https://eu.wikibooks.org/wiki/Sukaldaritza_liburua/Errezetak/Legatza_plantxan,_kuia_txikiarekin_eta_pipermorroekin",
legatza_saltsa_berdean_txirla_eta_kokotxekin,"itsaskia, arraina",bigarren platerak,,https://eu.wikibooks.org/wiki/Sukaldaritza_liburua/Errezetak/Legatza_saltsa_berdean_txirla_eta_kokotxekin,bertakoa
leka_eta_txanpiñoiak_otarrainxkekin,"lekaleak, barazkia, oliba olioa",lehen platerak,,https://eu.wikibooks.org/wiki/Sukaldaritza_liburua/Errezetak/Leka_eta_txanpiak_otarrainxkekin,
leka_freskoak_txipiroi_eta_tipula_goxatuarekin,"lekaleak, barazkia, oliba olioa",lehen platerak,sueztitu,https://eu.wikibooks.org/wiki/Sukaldaritza_liburua/Errezetak/Leka_freskoak_txipiroi_eta_tipula_goxatuarekin,bertakoa
lupia_labean,arraina,bigarren platerak,labekatu,https://eu.wikibooks.org/wiki/Sukaldaritza_liburua/Errezetak/Lupia_labean,
lupia_sagardo_eta_itsaski_lurrinekin,arraina,bigarren platerak,,"https://eu.wikibooks.org/wiki/Sukaldaritza_liburua/Errezetak/Lupia,_sagardo_eta_itsaski_lurrinekin",bertakoa
lurrunetan_eginiko_arroza,arroza,lehen platerak,egosi,https://eu.wikibooks.org/wiki/Sukaldaritza_liburua/Errezetak/Lurrunetan_eginiko_arroza,
marmitakoa2,arraina,bigarren platerak,,https://eu.wikibooks.org/wiki/Sukaldaritza_liburua/Errezetak/Marmitakoa_2,bertakoa
marrubi_eta_kremazko_hostopilak,"fruta, arrautza",azkenburukoak,kremak,https://eu.wikibooks.org/wiki/Sukaldaritza_liburua/Errezetak/Marrubi_eta_kremazko_hostopilak,
marrubi_gelatina,fruta,azkenburukoak,,https://eu.wikibooks.org/wiki/Sukaldaritza_liburua/Errezetak/Marrubi_gelatina,
marrubi_izozkia,fruta,azkenburukoak,hotza,https://eu.wikibooks.org/wiki/Sukaldaritza_liburua/Errezetak/Marrubi_izozkia,
marrubi_marmelada,fruta,azkenburukoak,hotza,https://eu.wikibooks.org/wiki/Sukaldaritza_liburua/Errezetak/Marrubi_marmelada,
marrubi_tarta,fruta,azkenburukoak,labekatu,https://eu.wikibooks.org/wiki/Sukaldaritza_liburua/Errezetak/Marrubi_tarta,
marrubi_tarta2,"fruta, arrautza",azkenburukoak,labekatu,https://eu.wikibooks.org/wiki/Sukaldaritza_liburua/Errezetak/Marrubi_tarta_2,
marrubiak_esne-gain_krema_eta_almendrekin,fruta,azkenburukoak,kremak,https://eu.wikibooks.org/wiki/Sukaldaritza_liburua/Errezetak/Marrubiak_esne-gain_krema_eta_almendrekin,
mendrezka_errea,arraina,bigarren platerak,erre,https://eu.wikibooks.org/wiki/Sukaldaritza_liburua/Errezetak/Mendrezka_errea,
mihi-arrain_xerrak_ganbekin_txakolin_saltsan,itsaskia,bigarren platerak,,https://eu.wikibooks.org/wiki/Sukaldaritza_liburua/Errezetak/Mihi-arrain_popietak_ganbekin_txakolin_saltsan,bertakoa
muskuilu_goxatuak,itsaskia,bigarren platerak,sueztitu,https://eu.wikibooks.org/wiki/Sukaldaritza_liburua/Errezetak/Muskuilu_goxatuak,
muskuilu_krema,itsaskia,bigarren platerak,kremak,https://eu.wikibooks.org/wiki/Sukaldaritza_liburua/Errezetak/Muskuilu_krema,
nafarroako_pikillo_piperrak_bakailaoz_beteak,oliba olioa,lehen platerak,betea,https://eu.wikibooks.org/wiki/Sukaldaritza_liburua/Errezetak/Nafarroako_pikillo_piperrak_bakailaoz_beteak,bertakoa
nafarroako_zainzuriak_bakailao_kokotxekin,oliba olioa,lehen platerak,,https://eu.wikibooks.org/wiki/Sukaldaritza_liburua/Errezetak/Nafarroako_zainzuriak_bakailao_kokotxekin,bertakoa
nafarroako_zainzuriak_onddoz_beteak,oliba olioa,lehen platerak,betea,https://eu.wikibooks.org/wiki/Sukaldaritza_liburua/Errezetak/Nafarroako_zainzuriak_onddoz_beteak,bertakoa
natilak,arrautza,azkenburukoak,,https://eu.wikibooks.org/wiki/Sukaldaritza_liburua/Errezetak/Natilak,bertakoa
neguko_boilur_beltzen_nahaskia,arrautza,lehen platerak,frijitu,https://eu.wikibooks.org/wiki/Sukaldaritza_liburua/Errezetak/Neguko_boilur_beltzen_nahaskia,espainia
odolki_kurruskatsuak_pikillo_piperrekin_eta_azarekin,oliba olioa,lehen platerak,,https://eu.wikibooks.org/wiki/Sukaldaritza_liburua/Errezetak/Odolki_kurruskatsuak_pikillo_piperrekin_eta_azarekin,bertakoa
odolkiz_beteriko_brik_orriak_baba_kremarekin,"barazkia, oliba olioa",lehen platerak,kremak,https://eu.wikibooks.org/wiki/Sukaldaritza_liburua/Errezetak/Odolkiz_beteriko_brik_orriak_babarrun_kremarekin,bertakoa
ogi_opilak,arrautza,azkenburukoak,labekatu,https://eu.wikibooks.org/wiki/Sukaldaritza_liburua/Errezetak/Ogi_opilak,
oilagorrak_saltsan,oliba olioa,bigarren platerak,,https://eu.wikibooks.org/wiki/Sukaldaritza_liburua/Errezetak/Oilagorrak_saltsan,
oilasko_eta_arrautza_kroketak,arrautza,lehen platerak,frijitu,https://eu.wikibooks.org/wiki/Sukaldaritza_liburua/Errezetak/Oilasko_eta_arrautza_kroketak,
oilasko_izterrak_txanpiñoi_krema_eta_curryarekin,oliba olioa,bigarren platerak,kremak,https://eu.wikibooks.org/wiki/Sukaldaritza_liburua/Errezetak/Oilasko_izterrak_txanpinoi_krema_eta_curryarekin,asia
oilasko_kroketak,arrautza,lehen platerak,frijitu,https://eu.wikibooks.org/wiki/Sukaldaritza_liburua/Errezetak/Oilasko_kroketak,
olagarro_entsalada_epela,barazkia,lehen platerak,entsalada,https://eu.wikibooks.org/wiki/Sukaldaritza_liburua/Errezetak/Olagarro_entsalada_epela,
onddo_berria_gorringoarekin,arrautza,lehen platerak,,https://eu.wikibooks.org/wiki/Sukaldaritza_liburua/Errezetak/Onddo_berria_gorringoarekin,bertakoa
onddo_carpaccioa,oliba olioa,lehen platerak,carpaccio,https://eu.wikibooks.org/wiki/Sukaldaritza_liburua/Errezetak/Onddo_%27carpaccio%27a,bertakoa
onddoak_papillote_erara,oliba olioa,lehen platerak,egosi,https://eu.wikibooks.org/wiki/Sukaldaritza_liburua/Errezetak/Onddoak_papillote_erara,bertakoa
onddoz_beteriko_kiribil_kurruskatsua_kuia_kremarekin,oliba olioa,lehen platerak,kremak,"https://eu.wikibooks.org/wiki/Sukaldaritza_liburua/Errezetak/Onddoz_beteriko_kiribil_kurruskatsua,_kuia_kremarekin",bertakoa
ontzian_eginiko_arrautza,arrautza,lehen platerak,,https://eu.wikibooks.org/wiki/Sukaldaritza_liburua/Errezetak/Ontzian_eginiko_arrautza,
orburu_pintxoa_urdaiazpiko_tomate_eta_piperrekin,oliba olioa,lehen platerak,hotza,"https://eu.wikibooks.org/wiki/Sukaldaritza_liburua/Errezetak/Orburu_pintxoa_urdaiazpiko,_tomate_eta_piperrekin",espainia
orburu_txips-ak_eta_orburu_egosiak,oliba olioa,bigarren platerak,egosi,https://eu.wikibooks.org/wiki/Sukaldaritza_liburua/Errezetak/Orburu_%27txips%27-ak_eta_orburu_egosiak,
orburua_arroz_odolkia_eta_arrautza_gorringoa_plantxan,"oliba olioa, arroza, arrautza",lehen platerak,plantxan,"https://eu.wikibooks.org/wiki/Sukaldaritza_liburua/Errezetak/Orburua,_arroz_odolkia_eta_arrautza_gorringoa_plantxan",bertakoa
orburuak_entsaladan_raf_tomateekin,oliba olioa,lehen platerak,entsalada,"https://eu.wikibooks.org/wiki/Sukaldaritza_liburua/Errezetak/Orburuak_entsaladan,_raf_tomateekin",
orburuak_urdaiazpiko_eta_arrautza_galdarraztatuekin,"oliba olioa, arrautza",lehen platerak,egosi,https://eu.wikibooks.org/wiki/Sukaldaritza_liburua/Errezetak/Orburuak_urdaiazpiko_eta_arrautza_galdarraztatuekin,espainia
orburuak_urdaiazpiko_ziazerba_eta_beasaingo_odolkiarekin,oliba olioa,lehen platerak,,"https://eu.wikibooks.org/wiki/Sukaldaritza_liburua/Errezetak/Orburuak,_urdaiazpiko,_ziazerba_eta_Beasaingo_odolkiarekin",espainia
orburuak_urdaiazpikoarekin_eta_beasaingo_odolkiarekin,oliba olioa,lehen platerak,,https://eu.wikibooks.org/wiki/Sukaldaritza_liburua/Errezetak/Orburuak_urdaiazpikoarekin_eta_Beasaingo_odolkiarekin,espainia
otarrainxka_egosiak,itsaskia,bigarren platerak,egosi,https://eu.wikibooks.org/wiki/Sukaldaritza_liburua/Errezetak/Otarrainxka_egosiak,
otarrainxka_eta_onddo_milorria,"itsaskia, oliba olioa",lehen platerak,,https://eu.wikibooks.org/wiki/Sukaldaritza_liburua/Errezetak/Otarrainxka_eta_onddo_milorria,bertakoa
otarrainxka_plantxan_edo_zartaginean,itsaskia,bigarren platerak,plantxan,https://eu.wikibooks.org/wiki/Sukaldaritza_liburua/Errezetak/Otarrainxka_plantxan_edo_zartaginean,
otarrainxkak_ziza_kremarekin_eta_arrautzekin,"itsaskia, oliba olioa, arrautza",bigarren platerak,kremak,https://eu.wikibooks.org/wiki/Sukaldaritza_liburua/Errezetak/Otarrainxkak_ziza_kremarekin_eta_arrautzekin,
otarrainxkaz_eta_barazkiz_beteriko_kirriskatsuak,"itsaskia, barazkia",lehen platerak,frijitu,https://eu.wikibooks.org/wiki/Sukaldaritza_liburua/Errezetak/Otarrainxkaz_eta_barazkiz_beteriko_kirriskatsuak,
paella_valentziarra,arroza,lehen platerak,,https://eu.wikibooks.org/wiki/Sukaldaritza_liburua/Errezetak/Paella_Valentziarra,espainia
pasta_barazkiekin,pasta,lehen platerak,,https://eu.wikibooks.org/wiki/Sukaldaritza_liburua/Errezetak/Pasta_barazkiekin,italia
pasta_boloniar_erara,pasta,lehen platerak,,https://eu.wikibooks.org/wiki/Sukaldaritza_liburua/Errezetak/Pasta_boloniar_erara,italia
pasta_carbonara,pasta,lehen platerak,,https://eu.wikibooks.org/wiki/Sukaldaritza_liburua/Errezetak/Pasta_carbonara,italia
pasta_entsalada,pasta,lehen platerak,entsalada,https://eu.wikibooks.org/wiki/Sukaldaritza_liburua/Errezetak/Pasta_entsalada,italia
pasta_freskoa,pasta,lehen platerak,,https://eu.wikibooks.org/wiki/Sukaldaritza_liburua/Errezetak/Pasta_freskoa,italia
pasta_freskoa2,"oliba olioa, pasta, arrautza",lehen platerak,,https://eu.wikibooks.org/wiki/Sukaldaritza_liburua/Errezetak/Pasta_freskoa_2,italia
pasta_perretxikoekin,pasta,lehen platerak,,https://eu.wikibooks.org/wiki/Sukaldaritza_liburua/Errezetak/Pasta_perretxikoekin,italia
patata_berri_zainzuri_eta_izokin_ketu_entsalada,oliba olioa,lehen platerak,entsalada,"https://eu.wikibooks.org/wiki/Sukaldaritza_liburua/Errezetak/Patata_berri,_zainzuri_eta_izokin_ketu_entsalada",
patata_tortila,arrautza,bigarren platerak,frijitu,https://eu.wikibooks.org/wiki/Sukaldaritza_liburua/Errezetak/Patata_tortila,
patatak_errioxar_erara2,oliba olioa,lehen platerak,,https://eu.wikibooks.org/wiki/Sukaldaritza_liburua/Errezetak/Patatak_errioxar_erara_2,espainia
perloi_egosia_patatekin,arraina,bigarren platerak,egosi,https://eu.wikibooks.org/wiki/Sukaldaritza_liburua/Errezetak/Perloi_egosia_patatekin,
perrexil_olio_saltsa,barazkia,lehen platerak,entsalada,https://eu.wikibooks.org/wiki/Sukaldaritza_liburua/Errezetak/Perrexil_olio_saltsa,
pesto_saltsa,barazkia,lehen platerak,,https://eu.wikibooks.org/wiki/Sukaldaritza_liburua/Errezetak/Pesto_saltsa,italia
petit-suisseak_krema_eta_txokolate_beroarekin,"txokolatea, arrautza",azkenburukoak,kremak,https://eu.wikibooks.org/wiki/Sukaldaritza_liburua/Errezetak/Petit-suisseak_krema_eta_txokolate_beroarekin,
pikillo_piperrak_odolkiz_beteak,oliba olioa,lehen platerak,betea,https://eu.wikibooks.org/wiki/Sukaldaritza_liburua/Errezetak/Pikillo_piperrak_odolkiz_beteak,bertakoa
piper_eta_atun_entsalada,oliba olioa,lehen platerak,entsalada,https://eu.wikibooks.org/wiki/Sukaldaritza_liburua/Errezetak/Piper_eta_atun_entsalada,
piper_morro_erreak_plantxan_bakailao_kokotxekin,oliba olioa,lehen platerak,erre,https://eu.wikibooks.org/wiki/Sukaldaritza_liburua/Errezetak/Piper_morro_erreak_plantxan_bakailao_kokotxekin,
porru_entsalada_guakamole_eta_izokin_ketuarekin,"fruta, oliba olioa",lehen platerak,entsalada,"https://eu.wikibooks.org/wiki/Sukaldaritza_liburua/Errezetak/Porru_entsalada,_guakamole_eta_izokin_ketuarekin",mexiko
porru_eta_otarrainxka_entsalada,oliba olioa,lehen platerak,entsalada,https://eu.wikibooks.org/wiki/Sukaldaritza_liburua/Errezetak/Porru_eta_otarrainxka_entsalada,
prantxikaren_bizkotxoa,arrautza,azkenburukoak,labekatu,https://eu.wikibooks.org/wiki/Sukaldaritza_liburua/Errezetak/Prantxikaren_bizkotxoa,
raf_tomatea_ahuntz_gaztarekin,oliba olioa,lehen platerak,entsalada,https://eu.wikibooks.org/wiki/Sukaldaritza_liburua/Errezetak/Raf_tomatea_ahuntz_gaztarekin,
raf_tomatea_txipiekin,"itsaskia, oliba olioa",lehen platerak,entsalada,https://eu.wikibooks.org/wiki/Sukaldaritza_liburua/Errezetak/Raf_tomatea_txipiekin,
raf_tomateen_entsalada_bakailaoarekin_eta_barazkiekin,oliba olioa,lehen platerak,entsalada,"https://eu.wikibooks.org/wiki/Sukaldaritza_liburua/Errezetak/Raf_tomateen_entsalada,_bakailaoarekin_eta_barazkiekin",
sagar_tarta2,"fruta, arrautza",azkenburukoak,labekatu,https://eu.wikibooks.org/wiki/Sukaldaritza_liburua/Errezetak/Sagar_tarta_2,
sagar_tatin_gozoa,fruta,azkenburukoak,,https://eu.wikibooks.org/wiki/Sukaldaritza_liburua/Errezetak/Sagar_tatin_gozoa,frantzia
sushi_egiteko_ozpina,arroza,lehen platerak,entsalada,https://eu.wikibooks.org/wiki/Sukaldaritza_liburua/Errezetak/Sushi_egiteko_ozpina,asia
tabbuleh_entsalada,barazkia,lehen platerak,entsalada,https://eu.wikibooks.org/wiki/Sukaldaritza_liburua/Errezetak/Tabbuleh_entsalada,
tagliatelle_freskoak_barazki_eta_curryarekin,"barazkia, oliba olioa",lehen platerak,,https://eu.wikibooks.org/wiki/Sukaldaritza_liburua/Errezetak/Tagliatelle_freskoak_barazki_eta_curryarekin,asia
tagliatelleak_antxoa_eta_cherry_tomateekin,"pasta, oliba olioa",lehen platerak,,https://eu.wikibooks.org/wiki/Sukaldaritza_liburua/Errezetak/Tagliateliak_antxoa_eta_cherry_tomateekin,italia
tagliatelleak_otarrainxka_eta_txirlekin,"itsaskia, pasta, oliba olioa",lehen platerak,,https://eu.wikibooks.org/wiki/Sukaldaritza_liburua/Errezetak/Tagliatelleak_otarrainxka_eta_txirlekin,italia
takoen_betegai_edo_haragizko_tinga,haragia,bigarren platerak,betea,https://eu.wikibooks.org/wiki/Sukaldaritza_liburua/Errezetak/Takoen_betegai_edo_haragizko_tinga,mexiko
tipula_eta_piper_sueztitzea,arraina,bigarren platerak,sueztitu,https://eu.wikibooks.org/wiki/Sukaldaritza_liburua/Errezetak/Tipula_eta_piper_sueztitzea,
tiramisu,arrautza,azkenburukoak,,https://eu.wikibooks.org/wiki/Sukaldaritza_liburua/Errezetak/Tiramisu,italia
tiramisu_moussea_arroz_esne_kremarekin,"arroza, arrautza",azkenburukoak,kremak,https://eu.wikibooks.org/wiki/Sukaldaritza_liburua/Errezetak/Tiramisu_moussea_arroz_esne_kremarekin,italia
tolosako_babak,lekaleak,lehen platerak,,https://eu.wikibooks.org/wiki/Sukaldaritza_liburua/Errezetak/Tolosako_babarrunak,bertakoa
tomate_entsalada_bakailaoarekin,oliba olioa,lehen platerak,entsalada,https://eu.wikibooks.org/wiki/Sukaldaritza_liburua/Errezetak/Tomate_entsalada_bakailaoarekin,
tomate_entsalada_gula_eta_leka_freskoekin,oliba olioa,lehen platerak,entsalada,https://eu.wikibooks.org/wiki/Sukaldaritza_liburua/Errezetak/Tomate_entsalada_gula_eta_leka_freskoekin,
tomate_mozzarella_barrengorri_eta_urdaiazpiko_pizza,haragia,bigarren platerak,,"https://eu.wikibooks.org/wiki/Sukaldaritza_liburua/Errezetak/Tomate,_mozzarella,_barrengorri_eta_urdaiazpiko_pizza",italia
tomate_nahaskia,arrautza,lehen platerak,frijitu,https://eu.wikibooks.org/wiki/Sukaldaritza_liburua/Errezetak/%E2%80%9C_Tomate_nahaskia,
tripaki_behi_mutur_edo_txerri_hanka_egosiak,haragia,bigarren platerak,egosi,"https://eu.wikibooks.org/wiki/Sukaldaritza_liburua/Errezetak/Tripaki,_behi_mutur,_edo_txerri_hanka_egosiak",
trufazko_txokolate_tarta,"txokolatea, arrautza",azkenburukoak,labekatu,https://eu.wikibooks.org/wiki/Sukaldaritza_liburua/Errezetak/Trufazko_txokolate_tarta,
ttoro_zopa,arraina,lehen platerak,zopak,https://eu.wikibooks.org/wiki/Sukaldaritza_liburua/Errezetak/Ttoro_zopa,bertakoa
tuterako_kukuluak_brie_gazta_eta_txipiroiekin,"barazkia, oliba olioa",lehen platerak,,https://eu.wikibooks.org/wiki/Sukaldaritza_liburua/Errezetak/Tuterako_kukuluak_brie_gazta_eta_txipiroiekin,bertakoa
tuterako_orburuak_txerri_solomo_kalabazin_eta_curryarekin,oliba olioa,lehen platerak,,"https://eu.wikibooks.org/wiki/Sukaldaritza_liburua/Errezetak/Tuterako_orburuak_txerri_solomo,_kalabazin_eta_curryarekin",asia
txanpiñoi_txapelak_orburu_eta_ziazerbaz_beteak,oliba olioa,lehen platerak,betea,https://eu.wikibooks.org/wiki/Sukaldaritza_liburua/Errezetak/Txanpinoi_txapelak_orburu_eta_ziazerbaz_beteak,
txanpiñoi_txapelak_plantxan_arroz_odolkiarekin,"haragia, arroza, oliba olioa",lehen platerak,plantxan,"https://eu.wikibooks.org/wiki/Sukaldaritza_liburua/Errezetak/Txanpinoi_txapelak_plantxan,_arroz_odolkiarekin",bertakoa
txanpiñoi_txapelak_plantxan_onddo_kremarekin,oliba olioa,lehen platerak,kremak,"https://eu.wikibooks.org/wiki/Sukaldaritza_liburua/Errezetak/Txanpinoi_txapelak_plantxan,_onddo_kremarekin",bertakoa
txekor_azpizuna_asiar_erara,oliba olioa,bigarren platerak,,https://eu.wikibooks.org/wiki/Sukaldaritza_liburua/Errezetak/Txekor_azpizuna_asiar_erara,asia
txekor_azpizuna_orburuekin_eta_idiazabalgo_gaztaren_saltsarekin,oliba olioa,bigarren platerak,,https://eu.wikibooks.org/wiki/Sukaldaritza_liburua/Errezetak/Txekor_azpizuna_orburuekin_eta_Idiazabalgo_gaztaren_saltsarekin,bertakoa
txekor_azpizuna_txanpiñoi_eta_curryarekin,"barazkia, oliba olioa",bigarren platerak,,https://eu.wikibooks.org/wiki/Sukaldaritza_liburua/Errezetak/Txekor_azpizuna_txanpi%C3%B1oi_eta_curryarekin,asia
txekor_masailak_onddoekin_eta_arrozarekin,"arroza, oliba olioa",bigarren platerak,,https://eu.wikibooks.org/wiki/Sukaldaritza_liburua/Errezetak/Txekor_masailak_onddoekin_eta_arrozarekin,bertakoa
txekor_masailak_saltsan,oliba olioa,bigarren platerak,,https://eu.wikibooks.org/wiki/Sukaldaritza_liburua/Errezetak/Txekor_masailak_saltsan,
txekor_muturrak_bizkaitar_saltsan,arrautza,bigarren platerak,,https://eu.wikibooks.org/wiki/Sukaldaritza_liburua/Errezetak/Txekor_muturrak_bizkaitar_saltsan,bertakoa
txekor_tripaki_eta_muturrak_bizkaiko_saltsan,"barazkia, oliba olioa",bigarren platerak,,"https://eu.wikibooks.org/wiki/Sukaldaritza_liburua/Errezetak/Txekor_tripaki_eta_muturrak,_Bizkaiko_saltsan",
txerri_azpizuna_onddoz_beteta_eta_roquefort_saltsarekin,oliba olioa,bigarren platerak,betea,https://eu.wikibooks.org/wiki/Sukaldaritza_liburua/Errezetak/Txerri_azpizuna_onddoz_beteta_eta_Roquefort_saltsarekin,frantzia
txerri_azpizuna_txanpiñoi_eta_roquefort_gaztarekin,oliba olioa,bigarren platerak,,"https://eu.wikibooks.org/wiki/Sukaldaritza_liburua/Errezetak/Txerri_azpizuna,_txanpinoi_eta_Roquefort_gaztarekin",frantzia
txerri_iberiar_sekretoa_parrilan_gernikako_piperrekin,haragia,bigarren platerak,plantxan,https://eu.wikibooks.org/wiki/Sukaldaritza_liburua/Errezetak/Txerri_iberiar_Sekretoa_parrilan_Gernikako_piperrekin,
txerri_iberiarraren_presa_carpaccioa,haragia,lehen platerak,carpaccio,https://eu.wikibooks.org/wiki/Sukaldaritza_liburua/Errezetak/Txerri_iberiarraren_presa_carpaccioa.jpg,
txerri_masailak_saltsan,oliba olioa,bigarren platerak,,https://eu.wikibooks.org/wiki/Sukaldaritza_liburua/Errezetak/Txerri_masailak_saltsan,
txibi_frijituak,itsaskia,bigarren platerak,frijitu,https://eu.wikibooks.org/wiki/Sukaldaritza_liburua/Errezetak/Txibi_frijituak,bertakoa
txipiroi_begi_handiak_bere_tintan,itsaskia,bigarren platerak,,https://eu.wikibooks.org/wiki/Sukaldaritza_liburua/Errezetak/Txipiroi_begi_handiak_bere_tintan,bertakoa
txipiroi_frijituak,itsaskia,bigarren platerak,frijitu,https://eu.wikibooks.org/wiki/Sukaldaritza_liburua/Errezetak/Txipiroi_frijituak,bertakoa
txipiroi_tinta_saltsa,itsaskia,bigarren platerak,,https://eu.wikibooks.org/wiki/Sukaldaritza_liburua/Errezetak/Txipiroi_tinta_saltsa,bertakoa
txipiroiak_bere_tintan,itsaskia,bigarren platerak,,https://eu.wikibooks.org/wiki/Sukaldaritza_liburua/Errezetak/Txipiroiak_bere_tintan,bertakoa
txipiroiak_pelaio_erara,"itsaskia, oliba olioa",bigarren platerak,,https://eu.wikibooks.org/wiki/Sukaldaritza_liburua/Errezetak/Txipiroiak_Pelaio_erara,bertakoa
txipiroiak_plantxan,itsaskia,bigarren platerak,plantxan,https://eu.wikibooks.org/wiki/Sukaldaritza_liburua/Errezetak/Txipiroiak_plantxan,bertakoa
txipiroiak_plantxan_tipula_goxatu_eta_letxugarekin,"itsaskia, barazkia, oliba olioa",lehen platerak,plantxan,https://eu.wikibooks.org/wiki/Sukaldaritza_liburua/Errezetak/Txipiroiak_plantxan_tipula_goxatu_eta_letxugarekin,bertakoa
txirla_handiak_plantxan,itsaskia,bigarren platerak,plantxan,https://eu.wikibooks.org/wiki/Sukaldaritza_liburua/Errezetak/Txirla_handiak_plantxan,
txirlak_marinel_erara,itsaskia,bigarren platerak,,https://eu.wikibooks.org/wiki/Sukaldaritza_liburua/Errezetak/Txirlak_marinel_erara,bertakoa
txirlak_saltsa_berdean,itsaskia,bigarren platerak,,https://eu.wikibooks.org/wiki/Sukaldaritza_liburua/Errezetak/Txirlak_saltsa_berdean,bertakoa
txirlak_zartagian,itsaskia,bigarren platerak,plantxan,https://eu.wikibooks.org/wiki/Sukaldaritza_liburua/Errezetak/Txirlak_zartagian,
txitxardin_entsalada,arraina,lehen platerak,entsalada,https://eu.wikibooks.org/wiki/Sukaldaritza_liburua/Errezetak/Txitxardin_entsalada,
txitxardinak_betiko_eran,arraina,bigarren platerak,,https://eu.wikibooks.org/wiki/Sukaldaritza_liburua/Errezetak/Txitxardinak_betiko_eran,bertakoa
txitxarroa_eskabetxean,arraina,lehen platerak,entsalada,https://eu.wikibooks.org/wiki/Sukaldaritza_liburua/Errezetak/Txitxarroa_eskabetxean,
txitxarroa_labean,arraina,bigarren platerak,labekatu,https://eu.wikibooks.org/wiki/Sukaldaritza_liburua/Errezetak/Txitxarroa_labean,
txitxarroa_piperrada_eta_patata_purearekin,"arraina, oliba olioa",bigarren platerak,kremak,https://eu.wikibooks.org/wiki/Sukaldaritza_liburua/Errezetak/Txitxarroa_piperrada_eta_patata_purearekin,bertakoa
txitxarroa_plantxan_piper_erre_tipula_eta_gari_zainzuriekin,"barazkia, arraina, oliba olioa",bigarren platerak,plantxan,"https://eu.wikibooks.org/wiki/Sukaldaritza_liburua/Errezetak/Txitxarroa_plantxan_piper_erre,_tipula_eta_gari_zainzuriekin",
txitxirioak,lekaleak,lehen platerak,,https://eu.wikibooks.org/wiki/Sukaldaritza_liburua/Errezetak/Txitxirioak,bertakoa
txitxirioak_tripakiekin,"lekaleak, oliba olioa",lehen platerak,,https://eu.wikibooks.org/wiki/Sukaldaritza_liburua/Errezetak/Garbantzuak_tripakiekin,bertakoa
txokolate_bainua,txokolatea,azkenburukoak,marian,https://eu.wikibooks.org/wiki/Sukaldaritza_liburua/Errezetak/Txokolate_bainua,
txokolate_biskuit_izozkia,txokolatea,azkenburukoak,hotza,https://eu.wikibooks.org/wiki/Sukaldaritza_liburua/Errezetak/Txokolate_biskuit_izozkia,
txokolate_cakea,txokolatea,azkenburukoak,labekatu,https://eu.wikibooks.org/wiki/Sukaldaritza_liburua/Errezetak/Txokolate_cakea,
txokolate_coulanta,txokolatea,azkenburukoak,labekatu,https://eu.wikibooks.org/wiki/Sukaldaritza_liburua/Errezetak/Txokolate_coulanta,
txokolate_gailetak,"txokolatea, arrautza",azkenburukoak,labekatu,https://eu.wikibooks.org/wiki/Sukaldaritza_liburua/Errezetak/Txokolate_gailetak,
txokolate_ganatxea,txokolatea,azkenburukoak,,https://eu.wikibooks.org/wiki/Sukaldaritza_liburua/Errezetak/Txokolate_ganatxea,frantzia
txokolate_izozkia,txokolatea,azkenburukoak,hotza,https://eu.wikibooks.org/wiki/Sukaldaritza_liburua/Errezetak/Txokolate_izozkia,
txokolate_krema,txokolatea,azkenburukoak,kremak,https://eu.wikibooks.org/wiki/Sukaldaritza_liburua/Errezetak/Txokolate_krema,
txokolate_moussea,txokolatea,azkenburukoak,,https://eu.wikibooks.org/wiki/Sukaldaritza_liburua/Errezetak/Txokolate_moussea,frantzia
txokolate_muselina,txokolatea,azkenburukoak,,https://eu.wikibooks.org/wiki/Sukaldaritza_liburua/Errezetak/Txokolate_muselina,
txokolate_tarta,txokolatea,azkenburukoak,labekatu,https://eu.wikibooks.org/wiki/Sukaldaritza_liburua/Errezetak/Txokolate_tarta,
txokolate_trufa,txokolatea,azkenburukoak,,https://eu.wikibooks.org/wiki/Sukaldaritza_liburua/Errezetak/Txokolate_trufa,
txokolate_trufa_bonboiak,txokolatea,azkenburukoak,,https://eu.wikibooks.org/wiki/Sukaldaritza_liburua/Errezetak/Txokolate_trufa_bonboiak,
txokolate_trufa_krema,txokolatea,azkenburukoak,kremak,https://eu.wikibooks.org/wiki/Sukaldaritza_liburua/Errezetak/Txokolate_trufa_krema,
txokolate_zuriaren_moussea,txokolatea,azkenburukoak,,https://eu.wikibooks.org/wiki/Sukaldaritza_liburua/Errezetak/Txokolate_zuriaren_moussea,frantzia
txokolatezko_bizkotxo_eta_marrubi_kopa,"txokolatea, arrautza",azkenburukoak,labekatu,https://eu.wikibooks.org/wiki/Sukaldaritza_liburua/Errezetak/Txokolatezko_bizkotxo_eta_marrubi_kopa,
txokolatezko_boilur_tarta,"txokolatea, arrautza",azkenburukoak,labekatu,https://eu.wikibooks.org/wiki/Sukaldaritza_liburua/Errezetak/Txokolatezko_boilur_tarta,espainia
txokolatezko_boilurrak,txokolatea,azkenburukoak,,https://eu.wikibooks.org/wiki/Sukaldaritza_liburua/Errezetak/Txokolatezko_boilurrak,espainia
txokolatezko_euskal_pastela,txokolatea,azkenburukoak,labekatu,https://eu.wikibooks.org/wiki/Sukaldaritza_liburua/Errezetak/Txokolatezko_Euskal_pastela,
txokolatezko_ijito_besoa,txokolatea,azkenburukoak,,https://eu.wikibooks.org/wiki/Sukaldaritza_liburua/Errezetak/Txokolatezko_ijito_besoa,
txokolatezko_krepeak,"txokolatea, arrautza",azkenburukoak,,https://eu.wikibooks.org/wiki/Sukaldaritza_liburua/Errezetak/Txokolatezko_krepeak,frantzia
txokolatezko_pastelak_egiteko_ohiko_bizkotxo_arina,txokolatea,azkenburukoak,labekatu,https://eu.wikibooks.org/wiki/Sukaldaritza_liburua/Errezetak/Txokolatezko_pastelak_egiteko_ohiko_bizkotxo_arina,
udaberri_edo_ziza_hori_nahaskia,arrautza,lehen platerak,frijitu,https://eu.wikibooks.org/wiki/Sukaldaritza_liburua/Errezetak/Udaberri_edo_ziza_hori_nahaskia,
udaberriko_txinatar_biribilkiak,"barazkia, oliba olioa",lehen platerak,,https://eu.wikibooks.org/wiki/Sukaldaritza_liburua/Errezetak/Udaberriko_txinatar_biribilkiak,asia
udako_entsalada,"barazkia, oliba olioa",lehen platerak,entsalada,https://eu.wikibooks.org/wiki/Sukaldaritza_liburua/Errezetak/Udako_entsalada,
udare_purea,fruta,azkenburukoak,kremak,https://eu.wikibooks.org/wiki/Sukaldaritza_liburua/Errezetak/Udare_purea,
udarea_ardotan,fruta,azkenburukoak,,https://eu.wikibooks.org/wiki/Sukaldaritza_liburua/Errezetak/Udarea_ardotan,bertakoa
udareak_urazukretan,fruta,azkenburukoak,,https://eu.wikibooks.org/wiki/Sukaldaritza_liburua/Errezetak/Udareak_urazukretan,
untxia_eta_txanpiñoiak_oporto_erara,oliba olioa,bigarren platerak,,https://eu.wikibooks.org/wiki/Sukaldaritza_liburua/Errezetak/Untxia_eta_txanpi%C3%B1oiak_oporto_erara,europa
urraburua_gatzetan,arraina,bigarren platerak,entsalada,https://eu.wikibooks.org/wiki/Sukaldaritza_liburua/Errezetak/Urraburua_gatzetan,
usoak_saltsan,oliba olioa,bigarren platerak,,https://eu.wikibooks.org/wiki/Sukaldaritza_liburua/Errezetak/Usoak_saltsan,
zainzuri_freskoak_udaberriko_olio_ozpinarekin,"oliba olioa, arrautza",lehen platerak,entsalada,https://eu.wikibooks.org/wiki/Sukaldaritza_liburua/Errezetak/Zainzuri_freskoak_udaberriko_olio_ozpinarekin,
zainzuri_frijituak_ziazerba_kremarekin,"oliba olioa, arrautza",lehen platerak,frijitu,"https://eu.wikibooks.org/wiki/Sukaldaritza_liburua/Errezetak/Zainzuri_frijituak,_ziazerba_kremarekin",
zainzuriak_barazki_ozpin-olioarekin,oliba olioa,lehen platerak,entsalada,https://eu.wikibooks.org/wiki/Sukaldaritza_liburua/Errezetak/Zainzuriak_barazki_ozpin-olioarekin,
zapo_kuia_txiki_eta_txanpiñoi_brotxetak,"arraina, oliba olioa",bigarren platerak,plantxan,"https://eu.wikibooks.org/wiki/Sukaldaritza_liburua/Errezetak/Zapo,_kuia_txiki_eta_txanpi%C3%B1oi_brotxetak",bertakoa
