recipe,ingredient_group,order,technique,url,origin,ingredients
Abakando errea,itsaskia,bigarren platerak,erre,https://eu.wikibooks.org/wiki/Sukaldaritza_liburua/Errezetak/Abakando_errea,bertakoa,abakando
Ahuntz-gazta entsalada,barazkia,lehen platerak,entsalada,https://eu.wikibooks.org/wiki/Sukaldaritza_liburua/Errezetak/Ahuntz_gazta_entsalada,,ahuntz-gazta
Alberjinia beteak haragi-xehatuarekin,oliba olioa,lehen platerak,betea,https://eu.wikibooks.org/wiki/Sukaldaritza_liburua/Errezetak/Alberjinia_beteak_haragi_xehatuarekin,,"alberjinia, haragi-xehatua"
Ananaz beteriko krepeak,"fruta, arrautza",azkenburukoak,betea,https://eu.wikibooks.org/wiki/Sukaldaritza_liburua/Errezetak/Ananaz_beteriko_krepeak,frantzia,anana
Andaluziako gazpatxoa,oliba olioa,lehen platerak,hotza,https://eu.wikibooks.org/wiki/Sukaldaritza_liburua/Errezetak/Andaluziako_gazpatxoa,espainia,
Antxoa arrautzaztatua,arraina,bigarren platerak,frijitu,https://eu.wikibooks.org/wiki/Sukaldaritza_liburua/Errezetak/Antxoa_arrautzaztatua,,antxoa
Antxoa baratxuritan frijitua,arraina,bigarren platerak,frijitu,https://eu.wikibooks.org/wiki/Sukaldaritza_liburua/Errezetak/Antxoa_baratxuritan_frijitua,bertakoa,"antxoa, baratxuri"
Antxoa betea,arraina,bigarren platerak,betea,https://eu.wikibooks.org/wiki/Sukaldaritza_liburua/Errezetak/Antxoa_betea,,antxoa
Antxoa frijituak,"arraina, oliba olioa",bigarren platerak,frijitu,https://eu.wikibooks.org/wiki/Sukaldaritza_liburua/Errezetak/Antxoa_frijituak,,antxoa
Antxoa kremaz beterikoa,arraina,bigarren platerak,kremak,https://eu.wikibooks.org/wiki/Sukaldaritza_liburua/Errezetak/Antxoa_kremaz_beterikoa,,antxoa
Antxoa marinatu entsalada,arraina,lehen platerak,entsalada,https://eu.wikibooks.org/wiki/Sukaldaritza_liburua/Errezetak/Antxoa_marinatu_entsalada,,antxoa
Antxoa ozpinetan,arraina,lehen platerak,entsalada,https://eu.wikibooks.org/wiki/Sukaldaritza_liburua/Errezetak/Antxoa_ozpinetan,,antxoa
Antxoa papillotean,arraina,bigarren platerak,egosi,https://eu.wikibooks.org/wiki/Sukaldaritza_liburua/Errezetak/Antxoa_papillote_eran,,antxoa
Antxoak tipulin eta baratxuri-freskoekin,"arraina, oliba olioa",bigarren platerak,,https://eu.wikibooks.org/wiki/Sukaldaritza_liburua/Errezetak/Antxoak_tipulin_eta_baratxuri_freskoekin,bertakoa,"antxo, tipulin, baratxuri-fresko"
Arkume-izterra labean barazkiekin,"barazkia, oliba olioa",bigarren platerak,labekatu,https://eu.wikibooks.org/wiki/Sukaldaritza_liburua/Errezetak/Arkume_izterra_labean_barazkiekin,,"arkume-izterra, barazki"
Arkumea txilindronean,oliba olioa,bigarren platerak,,https://eu.wikibooks.org/wiki/Sukaldaritza_liburua/Errezetak/Arkumea_txilindronean,bertakoa,arkumea
Arrain budina,arraina,lehen platerak,egosi,https://eu.wikibooks.org/wiki/Sukaldaritza_liburua/Errezetak/Arrain_budina,,arrain
Arrain salda,arraina,lehen platerak,zopak,https://eu.wikibooks.org/wiki/Sukaldaritza_liburua/Errezetak/Arrain_salda,,arrain
Arrain-zopa,arraina,lehen platerak,zopak,https://eu.wikibooks.org/wiki/Sukaldaritza_liburua/Errezetak/Arrain_zopa,,
Arrautza budina,arrautza,lehen platerak,egosi,https://eu.wikibooks.org/wiki/Sukaldaritza_liburua/Errezetak/Arrautza_budina,,arrautza
Arrautza egosia,arrautza,lehen platerak,egosi,https://eu.wikibooks.org/wiki/Sukaldaritza_liburua/Errezetak/Arrautza_egosia,,arrautza
Arrautza frijitua,arrautza,bigarren platerak,frijitu,https://eu.wikibooks.org/wiki/Sukaldaritza_liburua/Errezetak/Arrautza_frijitua,,arrautza
Arrautza galdarraztatua,arrautza,lehen platerak,egosi,https://eu.wikibooks.org/wiki/Sukaldaritza_liburua/Errezetak/Arrautza_galdarraztatua,,arrautza
Arrautza habia,arrautza,lehen platerak,,https://eu.wikibooks.org/wiki/Sukaldaritza_liburua/Errezetak/Arrautza_habia,,arrautza
Mollet-arrautza,arrautza,lehen platerak,,https://eu.wikibooks.org/wiki/Sukaldaritza_liburua/Errezetak/Arrautza_mollet_eran,frantzia,mollet-arrautza
Arrautza uretan pasea,arrautza,lehen platerak,egosi,"https://eu.wikibooks.org/wiki/Sukaldaritza_liburua/Errezetak/Arrautza,_uretan_pasea",,arrautza
Arrautzak kardu eta kutixiekin,"oliba olioa, arrautza",bigarren platerak,,https://eu.wikibooks.org/wiki/Sukaldaritza_liburua/Errezetak/Arrautzak_kardu_eta_kutixiekin,,"arrautz, kardu"
Arrautzarekin labean eginiko gazta-tarta,arrautza,azkenburukoak,labekatu,https://eu.wikibooks.org/wiki/Sukaldaritza_liburua/Errezetak/Arrautzarekin_labean_eginiko_gazta_tarta,,arrautza
Arroz-odolki kruxpetak,arroza,lehen platerak,frijitu,https://eu.wikibooks.org/wiki/Sukaldaritza_liburua/Errezetak/Arroz-odolki_kruxpetak,bertakoa,arroz-odolki
Arroz beltza,arroza,lehen platerak,,https://eu.wikibooks.org/wiki/Sukaldaritza_liburua/Errezetak/Arroz_beltza,,arro
Arroz entsalada,"barazkia, arroza",lehen platerak,entsalada,https://eu.wikibooks.org/wiki/Sukaldaritza_liburua/Errezetak/Arroz_entsalada,,arro
Arroz-esnea,arroza,azkenburukoak,,https://eu.wikibooks.org/wiki/Sukaldaritza_liburua/Errezetak/Arroz_esnea,,arroz-esnea
Arroz-esnea2,"esnekiak, arroza",azkenburukoak,,https://eu.wikibooks.org/wiki/Sukaldaritza_liburua/Errezetak/Arroz_esnea_2,,arroz-esnea
Arroz hindua,arroza,lehen platerak,,https://eu.wikibooks.org/wiki/Sukaldaritza_liburua/Errezetak/Arroz_hindua,asia,arro
Arroz-odolkia piper eta galeper-arrautzekin,"haragia, arroza, arrautza",lehen platerak,,"https://eu.wikibooks.org/wiki/Sukaldaritza_liburua/Errezetak/Arroz_odolkia,_piper_eta_galeper_arrautzekin",bertakoa,"arroz-odolkia, piper, galeper-arrautz"
Arroz-osoa barazki salteatuekin,arroza,lehen platerak,frijitu,https://eu.wikibooks.org/wiki/Sukaldaritza_liburua/Errezetak/Arroz_osoa_barazki_salteatuekin,,"arroz-osoa, barazki"
Arroz-osoa barazkiekin,arroza,lehen platerak,,https://eu.wikibooks.org/wiki/Sukaldaritza_liburua/Errezetak/Arroz_osoa_barazkiekin,,"arroz-osoa, barazki"
Arroz-zuria,arroza,lehen platerak,,https://eu.wikibooks.org/wiki/Sukaldaritza_liburua/Errezetak/Arroz_txuria,,arroz-zuria
Arroz zopa,arroza,lehen platerak,zopak,https://eu.wikibooks.org/wiki/Sukaldaritza_liburua/Errezetak/Arroz_zopa,,arro
Arroz-zuri egosia,arroza,lehen platerak,egosi,https://eu.wikibooks.org/wiki/Sukaldaritza_liburua/Errezetak/Arroz_zuri_egosia,,arroz-zuri
Arroz-zuria txirlekin,arroza,lehen platerak,,https://eu.wikibooks.org/wiki/Sukaldaritza_liburua/Errezetak/Arroz_zuria_txirlekin,bertakoa,"arroz-zuria, txirl"
Arroza abakandoarekin,"itsaskia, arroza",lehen platerak,,https://eu.wikibooks.org/wiki/Sukaldaritza_liburua/Errezetak/Arroza_abakandoarekin,bertakoa,abakandoa
Arroza barazkiekin,arroza,lehen platerak,,https://eu.wikibooks.org/wiki/Sukaldaritza_liburua/Errezetak/Arroza_barazkiekin,,barazki
Arroza japoniar eran egosia,arroza,lehen platerak,egosi,https://eu.wikibooks.org/wiki/Sukaldaritza_liburua/Errezetak/Arroza_japoniar_eran_egosia,,
Arroza oilasko eta curryarekin,arroza,lehen platerak,,https://eu.wikibooks.org/wiki/Sukaldaritza_liburua/Errezetak/Arroza_oilasko_eta_curryarekin,asia,"oilasko, currya"
Arroza oilaskoarekin,arroza,lehen platerak,,https://eu.wikibooks.org/wiki/Sukaldaritza_liburua/Errezetak/Arroza_oilaskoarekin,,oilaskoa
Arroza txibiekin,"itsaskia, arroza",lehen platerak,,https://eu.wikibooks.org/wiki/Sukaldaritza_liburua/Errezetak/Arroza_Txibiekin,bertakoa,txibi
Arroza txipiroiekin,"itsaskia, arroza, oliba olioa",lehen platerak,,https://eu.wikibooks.org/wiki/Sukaldaritza_liburua/Errezetak/Arroza_txipiroiekin,bertakoa,txipiroi
Arroz-odolki kruxpetak piper kremarekin,"haragia, arroza",lehen platerak,kremak,https://eu.wikibooks.org/wiki/Sukaldaritza_liburua/Errezetak/Arrozezko_odolki_kruxpetak_piper_kremarekin,bertakoa,"arroz-odolki, piper"
Arto-irin tortilak,arrautza,bigarren platerak,frijitu,https://eu.wikibooks.org/wiki/Sukaldaritza_liburua/Errezetak/Arto_irin_tortillak,mexiko,arto-irin
Askotariko paella,arroza,lehen platerak,,https://eu.wikibooks.org/wiki/Sukaldaritza_liburua/Errezetak/Askotariko_paella,espainia,
Atun-mendrezka plantxan tomate eta otarrainxkekin,"arraina, oliba olioa",bigarren platerak,plantxan,https://eu.wikibooks.org/wiki/Sukaldaritza_liburua/Errezetak/Atun_mendrezka_plantxan_tomate_eta_otarrainxkekin,,"atun-mendrezka, tomate, otarrainxk"
Atungorri carpaccioa,arraina,lehen platerak,carpaccio,https://eu.wikibooks.org/wiki/Sukaldaritza_liburua/Errezetak/Atungorri_carpaccioa,,
Atungorri sashimia,arraina,lehen platerak,hotza,https://eu.wikibooks.org/wiki/Sukaldaritza_liburua/Errezetak/Atungorri_sashimia,asia,
Azenario purea,barazkia,lehen platerak,kremak,https://eu.wikibooks.org/wiki/Sukaldaritza_liburua/Errezetak/Azenario_purea,,azenario
Azpizuna plantxan,haragia,bigarren platerak,plantxan,https://eu.wikibooks.org/wiki/Sukaldaritza_liburua/Errezetak/Azpizuna_plantxan,,azpizuna
Baba egosia,lekaleak,lehen platerak,egosi,https://eu.wikibooks.org/wiki/Sukaldaritza_liburua/Errezetak/Baba_egosia,,baba
Baba-zuriak,lekaleak,lehen platerak,,https://eu.wikibooks.org/wiki/Sukaldaritza_liburua/Errezetak/Babarrun_zuriak,,baba-zuri
Babak ilarrekin,lekaleak,lehen platerak,,https://eu.wikibooks.org/wiki/Sukaldaritza_liburua/Errezetak/Babak_ilarrekin,,"bab, ilar"
Babak urdaiazpikoarekin,lekaleak,lehen platerak,,https://eu.wikibooks.org/wiki/Sukaldaritza_liburua/Errezetak/Babak_urdaiazpikoarekin,espainia,"bab, urdaiazpikoa"
Bakailao brandada piperrekin eta ziazerbekin,"arraina, oliba olioa",bigarren platerak,,https://eu.wikibooks.org/wiki/Sukaldaritza_liburua/Errezetak/Bakailao_brandada_piperrekin_eta_ziazerbekin,europa,"bakailao, ziazerb"
Bakailao carpaccioa ziza eta pinaziekin,"arraina, oliba olioa",lehen platerak,carpaccio,"https://eu.wikibooks.org/wiki/Sukaldaritza_liburua/Errezetak/Bakailao_carpaccioa,_ziza_eta_pinaziekin",,"bakailao, ziza, pinazi"
Bakailao edo legatz kroketak,arraina,lehen platerak,frijitu,https://eu.wikibooks.org/wiki/Sukaldaritza_liburua/Errezetak/Bakailao_edo_legatz_kroketak,,bakailao
Bakailao entsalada,arraina,lehen platerak,entsalada,https://eu.wikibooks.org/wiki/Sukaldaritza_liburua/Errezetak/Bakailao_entsalada,,bakailao
Bakailao eta piper erre entsalada epela,"arraina, oliba olioa",lehen platerak,entsalada,https://eu.wikibooks.org/wiki/Sukaldaritza_liburua/Errezetak/Bakailao_eta_piper_erre_entsalada_epela,,"bakailao, piper"
Bakailao frijitua,arraina,bigarren platerak,frijitu,https://eu.wikibooks.org/wiki/Sukaldaritza_liburua/Errezetak/Bakailao_frijitua,,bakailao
Bakailao-kokotxak gari-zainzuri eta piper-freskoekin,"arraina, oliba olioa",bigarren platerak,,https://eu.wikibooks.org/wiki/Sukaldaritza_liburua/Errezetak/Bakailao_kokotxak_gari_zainzuri_eta_piper_freskoekin,bertakoa,"bakailao-kokotx, gari-zainzuri, piper-fresko"
Bakailao-kokotxak saltsa-berdean,arraina,bigarren platerak,,https://eu.wikibooks.org/wiki/Sukaldaritza_liburua/Errezetak/Bakailao_kokotxak_saltsa_berdean,bertakoa,bakailao-kokotx
Bakailao konfitatua basmati-arrozarekin eta ziazerbekin,"barazkia, arroza, arraina, oliba olioa",bigarren platerak,konfitatu,"https://eu.wikibooks.org/wiki/Sukaldaritza_liburua/Errezetak/Bakailao_konfitatua,_basmati_arrozarekin_eta_ziazerbekin",asia,"bakailao, ziazerb"
Bakailao konfitatua piperrekin,arraina,bigarren platerak,konfitatu,https://eu.wikibooks.org/wiki/Sukaldaritza_liburua/Errezetak/Bakailao_konfitatua_piperrekin,,bakailao
Bakailao-masailak saltsa-berdean patatekin,arraina,bigarren platerak,,https://eu.wikibooks.org/wiki/Sukaldaritza_liburua/Errezetak/Bakailao_masailak_saltsa_berdean_patatekin,bertakoa,"bakailao-masail, patat"
Bakailao nahaskia,arraina,lehen platerak,frijitu,https://eu.wikibooks.org/wiki/Sukaldaritza_liburua/Errezetak/Bakailao_nahaskia,,bakailao
Bakailao piper-beteak,arraina,bigarren platerak,betea,https://eu.wikibooks.org/wiki/Sukaldaritza_liburua/Errezetak/Bakailo_piper_beteak,,bakailao
Bakailao tortila,"arraina, arrautza",bigarren platerak,frijitu,https://eu.wikibooks.org/wiki/Sukaldaritza_liburua/Errezetak/Bakailao_tortilla,,bakailao
Bakailaoa bizkaitar erara,arraina,bigarren platerak,,https://eu.wikibooks.org/wiki/Sukaldaritza_liburua/Errezetak/Bakailaoa_bizkaitar_erara,bertakoa,"bakailaoa, bizkaitar"
Bakailaoa frijitua piper saltsa eta alioli gainerrea,arraina,bigarren platerak,frijitu,https://eu.wikibooks.org/wiki/Sukaldaritza_liburua/Errezetak/Bakailaoa_frijitua_piper_saltsa_eta_alioli_gainerrea,,"bakailaoa, piper"
Bakailaoa pil-pil erara,arraina,bigarren platerak,,https://eu.wikibooks.org/wiki/Sukaldaritza_liburua/Errezetak/Bakailaoa_pil-pil_erara,bertakoa,bakailaoa
Bakailaoaren brandada,arraina,bigarren platerak,,https://eu.wikibooks.org/wiki/Sukaldaritza_liburua/Errezetak/Bakailaoaren_brandada,europa,bakailaoaren
Baratxuri-zopa2,arrautza,lehen platerak,zopak,https://eu.wikibooks.org/wiki/Sukaldaritza_liburua/Errezetak/Baratxuri_zopa_2,bertakoa,
Baratxuri-zopa bakailaoarekin,arrautza,lehen platerak,zopak,https://eu.wikibooks.org/wiki/Sukaldaritza_liburua/Errezetak/Baratxuri_zopa_bakailaoarekin,bertakoa,bakailaoa
Barazki betegaia,barazkia,lehen platerak,betea,https://eu.wikibooks.org/wiki/Sukaldaritza_liburua/Errezetak/Barazki_betegaia,,barazki
Barazki budina,barazkia,lehen platerak,egosi,https://eu.wikibooks.org/wiki/Sukaldaritza_liburua/Errezetak/Barazki_budina,,barazki
Barazki estrudela,barazkia,lehen platerak,,https://eu.wikibooks.org/wiki/Sukaldaritza_liburua/Errezetak/Barazki_estrudela,europa,barazki
Barazki eta otarrainxka risottoa,"barazkia, arroza, oliba olioa",lehen platerak,,https://eu.wikibooks.org/wiki/Sukaldaritza_liburua/Errezetak/Barazki_eta_otarrainxka_risottoa,,"barazki, otarrainxka"
Barazki eta txekor-azpizun erregosia,"barazkia, arrautza",bigarren platerak,erregosi,https://eu.wikibooks.org/wiki/Sukaldaritza_liburua/Errezetak/Barazki_eta_txekor_azpizun_erregosia,,"barazki, txekor-azpizun"
Barazki eta txipiroi entsalada,"itsaskia, barazkia, oliba olioa",lehen platerak,entsalada,https://eu.wikibooks.org/wiki/Sukaldaritza_liburua/Errezetak/Barazki_eta_txipiroi_entsalada,bertakoa,"barazki, txipiroi"
Barazki eta txipiroi risottoa,"itsaskia, barazkia, arroza, oliba olioa",lehen platerak,,https://eu.wikibooks.org/wiki/Sukaldaritza_liburua/Errezetak/Barazki_eta_txipiroi_risotoa,bertakoa,"barazki, txipiroi"
Barazki eta zapo risottoa,"barazkia, arroza, oliba olioa",lehen platerak,,https://eu.wikibooks.org/wiki/Sukaldaritza_liburua/Errezetak/Barazki_eta_zapo_risotoa,bertakoa,"barazki, zapo"
Barazki koka,barazkia,lehen platerak,labekatu,https://eu.wikibooks.org/wiki/Sukaldaritza_liburua/Errezetak/Barazki_koka,espainia,barazki
Barazki krepeak,"oliba olioa, barazkia, arrautza",lehen platerak,,https://eu.wikibooks.org/wiki/Sukaldaritza_liburua/Errezetak/Barazki_krepeak,frantzia,barazki
Barazki lasagna,barazkia,lehen platerak,labekatu,https://eu.wikibooks.org/wiki/Sukaldaritza_liburua/Errezetak/Barazki_lasagna,italia,barazki
Barazki menestra,barazkia,lehen platerak,,https://eu.wikibooks.org/wiki/Sukaldaritza_liburua/Errezetak/Barazki_menestra,bertakoa,barazki
Barazki menestra2,"oliba olioa, barazkia, arrautza",lehen platerak,,https://eu.wikibooks.org/wiki/Sukaldaritza_liburua/Errezetak/Barazki_menestra_2,bertakoa,barazki
Barazki moussaka,barazkia,lehen platerak,labekatu,https://eu.wikibooks.org/wiki/Sukaldaritza_liburua/Errezetak/Barazki_moussaka,europa,barazki
Barazki panatxea,barazkia,lehen platerak,marian,https://eu.wikibooks.org/wiki/Sukaldaritza_liburua/Errezetak/Barazki_panatxea,frantzia,barazki
Barazki purea,barazkia,lehen platerak,kremak,https://eu.wikibooks.org/wiki/Sukaldaritza_liburua/Errezetak/Barazki_purea,,barazki
Barazki salda,barazkia,lehen platerak,zopak,https://eu.wikibooks.org/wiki/Sukaldaritza_liburua/Errezetak/Barazki_salda,,barazki
Barazki salteatua,barazkia,lehen platerak,frijitu,https://eu.wikibooks.org/wiki/Sukaldaritza_liburua/Errezetak/Barazki_salteatua,,barazki
Barazki saltsa,barazkia,lehen platerak,,https://eu.wikibooks.org/wiki/Sukaldaritza_liburua/Errezetak/Barazki_saltsa,,barazki
Barazki tortila,"barazkia, arrautza",lehen platerak,frijitu,https://eu.wikibooks.org/wiki/Sukaldaritza_liburua/Errezetak/Barazki_tortilla,,barazki
Barazkia tenpuran frijitua,barazkia,lehen platerak,frijitu,https://eu.wikibooks.org/wiki/Sukaldaritza_liburua/Errezetak/Barazkia_tenpuran_frijitua,,
Barazkiak dadotean sueztituak,barazkia,lehen platerak,sueztitu,https://eu.wikibooks.org/wiki/Sukaldaritza_liburua/Errezetak/Barazkiak_dadotean_sueztituak,,
Barbarinak plantxan ziazerba eta otarrainxkekin,oliba olioa,bigarren platerak,plantxan,https://eu.wikibooks.org/wiki/Sukaldaritza_liburua/Errezetak/Barbarin_arraintxoak_plantxan_ziazerba_eta_otarrainxkekin,,"ziazerba, otarrainxk"
Barbarin frijituak,arraina,bigarren platerak,frijitu,https://eu.wikibooks.org/wiki/Sukaldaritza_liburua/Errezetak/Barbarin_frijituak,,
Barraskilo salteatuak,barraskiloak,bigarren platerak,frijitu,https://eu.wikibooks.org/wiki/Sukaldaritza_liburua/Errezetak/Barraskilo_salteatuak,,barraskilo
Barraskiloak bizkaitar erara,barraskiloak,bigarren platerak,,https://eu.wikibooks.org/wiki/Sukaldaritza_liburua/Errezetak/Barraskiloak_bizkaitar_erara,bertakoa,bizkaitar
Barraskiloak parrilan,barraskiloak,bigarren platerak,plantxan,https://eu.wikibooks.org/wiki/Sukaldaritza_liburua/Errezetak/Barraskiloak_parrillan,,
Basa-arroza arroz-zuriarekin,arroza,lehen platerak,,"https://eu.wikibooks.org/wiki/Sukaldaritza_liburua/Errezetak/Basa_arroza,_arroz_zuriarekin",asia,arroz-zuria
Basa-arroza barazkiekin,arroza,lehen platerak,,https://eu.wikibooks.org/wiki/Sukaldaritza_liburua/Errezetak/Basa_arroza_barazkiekin,asia,barazki
Baserriko-ogi-tosta berezia,oliba olioa,lehen platerak,,https://eu.wikibooks.org/wiki/Sukaldaritza_liburua/Errezetak/Baserriko_ogi_tosta_berezia,bertakoa,baserriko-ogi-tosta
Basmati-arroza entsaladan,"arroza, oliba olioa",lehen platerak,entsalada,https://eu.wikibooks.org/wiki/Sukaldaritza_liburua/Errezetak/Basmati_arroza_entsaladan,asia,
Basa-fruituen saltsa,fruta,azkenburukoak,,https://eu.wikibooks.org/wiki/Sukaldaritza_liburua/Errezetak/Baso_fruituen_saltsa,,basa-fruituen
Basurdea saltsan,oliba olioa,bigarren platerak,,https://eu.wikibooks.org/wiki/Sukaldaritza_liburua/Errezetak/Basurdea_saltsan,,basurdea
Berdela eskabetxean,arraina,lehen platerak,entsalada,https://eu.wikibooks.org/wiki/Sukaldaritza_liburua/Errezetak/Berdela_eskabetxean,,berdela
Berdela labean piperradarekin,arraina,bigarren platerak,labekatu,https://eu.wikibooks.org/wiki/Sukaldaritza_liburua/Errezetak/Berdela_labean_piperradarekin,bertakoa,"berdela, piperrada"
Bexamelaz eginiko haragi-betegaia,haragia,bigarren platerak,betea,https://eu.wikibooks.org/wiki/Sukaldaritza_liburua/Errezetak/Bexamelaz_eginiko_haragi_betegaia,,bexamela
Bijiliako txitxirioak,lekaleak,lehen platerak,,https://eu.wikibooks.org/wiki/Sukaldaritza_liburua/Errezetak/Bijiliako_Txitxirioak,bertakoa,txitxirio
Biribilkia saltsan,haragia,bigarren platerak,,https://eu.wikibooks.org/wiki/Sukaldaritza_liburua/Errezetak/Biribilkia_saltsan,,
Bisigua labean,arraina,bigarren platerak,labekatu,https://eu.wikibooks.org/wiki/Sukaldaritza_liburua/Errezetak/Bisigua_labean,,bisigua
Bizkaitar-saltsa,arraina,bigarren platerak,,https://eu.wikibooks.org/wiki/Sukaldaritza_liburua/Errezetak/Bizkaitar_saltsa,bertakoa,
Bruselazak borraja eta urdaiazpikoarekin,"haragia, barazkia",lehen platerak,,https://eu.wikibooks.org/wiki/Sukaldaritza_liburua/Errezetak/Bruselazak_borraja_eta_urdaiazpikoarekin,espainia,"bruselaz, borraja, urdaiazpikoa"
Buia maionesarekin,itsaskia,lehen platerak,hotza,https://eu.wikibooks.org/wiki/Sukaldaritza_liburua/Errezetak/Buia_maionesarekin,,buia
Caprese entsalada,barazkia,lehen platerak,entsalada,https://eu.wikibooks.org/wiki/Sukaldaritza_liburua/Errezetak/Caprese_entsalada,,
Cesar entsalada,barazkia,lehen platerak,entsalada,https://eu.wikibooks.org/wiki/Sukaldaritza_liburua/Errezetak/Cesar_entsalada,,
Eperrak saltsan,oliba olioa,bigarren platerak,,https://eu.wikibooks.org/wiki/Sukaldaritza_liburua/Errezetak/Eperrak_saltsan,,eperr
Eperrak txokolate saltsan,txokolatea,bigarren platerak,,https://eu.wikibooks.org/wiki/Sukaldaritza_liburua/Errezetak/Eperrak_txokolate_saltsan,,"eperr, txokolate"
Erreboiloa basmati-arrozarekin eta lekekin,"barazkia, arroza, arraina, oliba olioa",bigarren platerak,,https://eu.wikibooks.org/wiki/Sukaldaritza_liburua/Errezetak/Erreboiloa_basmati_arrozarekin_eta_lekekin,asia,lek
Erremolatxa egosia,barazkia,lehen platerak,egosi,https://eu.wikibooks.org/wiki/Sukaldaritza_liburua/Errezetak/Erremolatxa_egosia,,
Esne frijituak,"esnekiak, arrautza",azkenburukoak,frijitu,https://eu.wikibooks.org/wiki/Sukaldaritza_liburua/Errezetak/Esne_frijituak,,esne
Etxeko bizkotxoa marrubiekin eta esne-gainarekin,"fruta, arrautza",azkenburukoak,labekatu,https://eu.wikibooks.org/wiki/Sukaldaritza_liburua/Errezetak/Etxeko_bizkotxoa_marrubiekin_eta_esne_gainarekin,,"marrubi, esne-gaina"
Etxeko gailetak kremaz beteak,arrautza,azkenburukoak,kremak,https://eu.wikibooks.org/wiki/Sukaldaritza_liburua/Errezetak/Etxeko_gailetak_kremaz_beteak,,
Fideua barazki eta muskuiluekin,"barazkia, oliba olioa",lehen platerak,,https://eu.wikibooks.org/wiki/Sukaldaritza_liburua/Errezetak/Fideua_barazki_eta_muskuiluekin,espainia,"fideua, barazki, muskuilu"
Fideua barazki eta otarrainxkekin,"pasta, barazkia, oliba olioa",lehen platerak,,"https://eu.wikibooks.org/wiki/Sukaldaritza_liburua/Errezetak/Fideua,_barazki_eta_otarrainxkekin",espainia,"fideua, barazki, otarrainxk"
Fideua otarrainxka eta barazkiekin,"pasta, barazkia, oliba olioa",lehen platerak,,https://eu.wikibooks.org/wiki/Sukaldaritza_liburua/Errezetak/Fideua_otarrainxka_eta_barazkiekin,espainia,"fideua, otarrainxka, barazki"
Fideua txibiekin,itsaskia,bigarren platerak,,https://eu.wikibooks.org/wiki/Sukaldaritza_liburua/Errezetak/Fideua_txibiekin,espainia,"fideua, txibi"
Flamenka eran eginiko arrautzak,arrautza,lehen platerak,,https://eu.wikibooks.org/wiki/Sukaldaritza_liburua/Errezetak/Flamenka_eran_eginiko_arrautzak,espainia,arrautz
Fouti arroza,arroza,lehen platerak,,https://eu.wikibooks.org/wiki/Sukaldaritza_liburua/Errezetak/Fouti_arroza,afrika,
Frantziar-lekak perretxiko eta otarrainxkekin,"lekaleak, barazkia, oliba olioa",lehen platerak,,https://eu.wikibooks.org/wiki/Sukaldaritza_liburua/Errezetak/Frantziar_lekak_perretxiko_eta_otarrainxkekin,frantzia,otarrainxk
Frijitzeko orea,barazkia,lehen platerak,frijitu,https://eu.wikibooks.org/wiki/Sukaldaritza_liburua/Errezetak/Frijitzeko_orea,,
Fruta gelatina bainua,fruta,azkenburukoak,marian,https://eu.wikibooks.org/wiki/Sukaldaritza_liburua/Errezetak/Fruta_gelatina_bainua,,
Fruta mazedonia,fruta,azkenburukoak,hotza,https://eu.wikibooks.org/wiki/Sukaldaritza_liburua/Errezetak/Fruta_mazedonia,,
Fruta moussea,fruta,azkenburukoak,,https://eu.wikibooks.org/wiki/Sukaldaritza_liburua/Errezetak/Fruta_moussea,frantzia,
Gaileta-tarta eta txokolate-zurizko kremarekin,txokolatea,azkenburukoak,kremak,https://eu.wikibooks.org/wiki/Sukaldaritza_liburua/Errezetak/Gaileta-tarta_eta_txokolate_zurizko_kremarekin,,txokolate-zurizko
Galeper-arrautza egosia,arrautza,lehen platerak,egosi,https://eu.wikibooks.org/wiki/Sukaldaritza_liburua/Errezetak/Galeperra_arrautza_egosia,,galeper-arrautza
Galeper-arrautza pintxoa,arrautza,lehen platerak,hotza,https://eu.wikibooks.org/wiki/Sukaldaritza_liburua/Errezetak/Galeper_arrautza_pintxoa,,galeper-arrautza
Galiziar-haragi enpanada,haragia,bigarren platerak,betea,https://eu.wikibooks.org/wiki/Sukaldaritza_liburua/Errezetak/Galiziar_haragi_enpanada,espainia,galiziar-haragi
Ganbak baratxuritan,"itsaskia, arraina",bigarren platerak,,https://eu.wikibooks.org/wiki/Sukaldaritza_liburua/Errezetak/Ganbak_baratxuritan,bertakoa,"ganb, baratxuri"
Ganbak plantxan edo parrilan,"itsaskia, arraina",bigarren platerak,plantxan,https://eu.wikibooks.org/wiki/Sukaldaritza_liburua/Errezetak/Ganbak_plantxan_edo_parrilan,,ganb
Ganbak plantxan edo zartaginean,"itsaskia, arraina",bigarren platerak,plantxan,https://eu.wikibooks.org/wiki/Sukaldaritza_liburua/Errezetak/Ganbak_plantxan_edo_zartaginean,,ganb
Ganbaz beteriko txipiroi frijitua,itsaskia,bigarren platerak,frijitu,https://eu.wikibooks.org/wiki/Sukaldaritza_liburua/Errezetak/Ganbaz_beteriko_txipiroi_frijitua,bertakoa,"ganba, txipiroi"
Garaiko-barazki burruntzia,"barazkia, oliba olioa",lehen platerak,plantxan,https://eu.wikibooks.org/wiki/Sukaldaritza_liburua/Errezetak/Garaiko_barazki_burruntzia,,garaiko-barazki
Garaiko-ilarrak patata ziazerba eta txirlekin,lekaleak,bigarren platerak,,"https://eu.wikibooks.org/wiki/Sukaldaritza_liburua/Errezetak/Garaiko_ilarrak,_patata,_ziazerba_eta_txirlekin",bertakoa,"garaiko-ilarr, patata, ziazerba, txirl"
Gari-zainzuriak plantxan txipiroiekin,oliba olioa,lehen platerak,plantxan,"https://eu.wikibooks.org/wiki/Sukaldaritza_liburua/Errezetak/Gari_zainzuriak_plantxan,_txipiroiekin",bertakoa,"gari-zainzuri, txipiroi"
Gazta eta urdai egosi frijituak,esnekiak,azkenburukoak,egosi,https://eu.wikibooks.org/wiki/Sukaldaritza_liburua/Errezetak/Gazta_eta_urdai_egosi_frijituak,,"gazta, urdai"
Gazta-izozkia,esnekiak,azkenburukoak,kremak,https://eu.wikibooks.org/wiki/Sukaldaritza_liburua/Errezetak/Gazta_izozkia,,
Gazta-krema,esnekiak,azkenburukoak,kremak,https://eu.wikibooks.org/wiki/Sukaldaritza_liburua/Errezetak/Gazta_krema,,
Gazta kroketak,esnekiak,lehen platerak,frijitu,https://eu.wikibooks.org/wiki/Sukaldaritza_liburua/Errezetak/Gazta_kroketak,,gazta
Gazta-tarta labean,esnekiak,azkenburukoak,labekatu,https://eu.wikibooks.org/wiki/Sukaldaritza_liburua/Errezetak/Gazta_tarta_labean,,
Gazta-tarta mugurdi marmeladarekin,esnekiak,azkenburukoak,labekatu,https://eu.wikibooks.org/wiki/Sukaldaritza_liburua/Errezetak/Gazta_tarta_mugurdi_mermeladarekin,,mugurdi
Gazta-urdin kanape edo pintxoa,esnekiak,lehen platerak,hotza,https://eu.wikibooks.org/wiki/Sukaldaritza_liburua/Errezetak/Gazta_urdin_kanape_edo_pintxoa,frantzia,gazta-urdin
Gazta-urdin krema kanapea,esnekiak,azkenburukoak,kremak,https://eu.wikibooks.org/wiki/Sukaldaritza_liburua/Errezetak/Gazta_urdin_krema_kanapea,frantzia,gazta-urdin
Gaztaz beteriko ravioliak txanpiñoi eta txirla kremarekin,"esnekiak, pasta",lehen platerak,kremak,https://eu.wikibooks.org/wiki/Sukaldaritza_liburua/Errezetak/Gaztaz_beteriko_ravioliak_txanpi%C3%B1oi_eta_txirla_kremarekin,,"gazta, txanpiñoi, txirla"
Gianduja krema,txokolatea,azkenburukoak,kremak,https://eu.wikibooks.org/wiki/Sukaldaritza_liburua/Errezetak/Gianduja_krema,,gianduja
Guakamole txalupa otarrainxkekin,"fruta, oliba olioa",lehen platerak,hotza,https://eu.wikibooks.org/wiki/Sukaldaritza_liburua/Errezetak/Guakamole_txalupa_otarrainxkekin,mexiko,otarrainxk
Guakamolea,fruta,lehen platerak,hotza,https://eu.wikibooks.org/wiki/Sukaldaritza_liburua/Errezetak/Guakamolea,mexiko,
Haragi-betegaia,haragia,bigarren platerak,betea,https://eu.wikibooks.org/wiki/Sukaldaritza_liburua/Errezetak/Haragi_betegaia,,
Haragi-bolak barazki saltsan,haragia,bigarren platerak,,https://eu.wikibooks.org/wiki/Sukaldaritza_liburua/Errezetak/Haragi_bolak_barazki_saltsan,,"haragi-bol, barazki"
Haragi-bolak tomate saltsan,haragia,bigarren platerak,,https://eu.wikibooks.org/wiki/Sukaldaritza_liburua/Errezetak/Albondigak_tomate_saltsan,,"haragi-bol, tomate"
Haragi carpaccioa,haragia,lehen platerak,carpaccio,https://eu.wikibooks.org/wiki/Sukaldaritza_liburua/Errezetak/Haragi_carpaccioa,,haragi
Haragi egosiz eta txanpiñoiz beteriko piperrak,"haragia, oliba olioa",bigarren platerak,egosi,https://eu.wikibooks.org/wiki/Sukaldaritza_liburua/Errezetak/Haragi_egosiz_eta_txanpinoiz_beteriko_piperrak,,"haragi, txanpiñoi, piperr"
Haragi enpanada,haragia,bigarren platerak,betea,https://eu.wikibooks.org/wiki/Sukaldaritza_liburua/Errezetak/Haragi_enpanada,,haragi
Haragi enpanadila,haragia,bigarren platerak,betea,https://eu.wikibooks.org/wiki/Sukaldaritza_liburua/Errezetak/Haragi_enpanadilla,,haragi
Haragi gisatua,haragia,bigarren platerak,erregosi,https://eu.wikibooks.org/wiki/Sukaldaritza_liburua/Errezetak/Haragi_gisatua,,haragi
Haragi kaneloiak,haragia,lehen platerak,labekatu,https://eu.wikibooks.org/wiki/Sukaldaritza_liburua/Errezetak/Haragi_kaneloiak,italia,haragi
Haragi kroketak,haragia,lehen platerak,frijitu,https://eu.wikibooks.org/wiki/Sukaldaritza_liburua/Errezetak/Haragi_kroketak,,haragi
Haragi lasagna,haragia,lehen platerak,labekatu,https://eu.wikibooks.org/wiki/Sukaldaritza_liburua/Errezetak/Haragi_lasagna,italia,haragi
Haragi ragouta,haragia,bigarren platerak,erregosi,https://eu.wikibooks.org/wiki/Sukaldaritza_liburua/Errezetak/Haragi_ragouta,italia,haragi
Haragi tartarra,haragia,lehen platerak,entsalada,https://eu.wikibooks.org/wiki/Sukaldaritza_liburua/Errezetak/Haragia_tartar_eran,,haragi
Haragizko piper-beteak,haragia,bigarren platerak,betea,https://eu.wikibooks.org/wiki/Sukaldaritza_liburua/Errezetak/Haragizko_piper_beteak,,haragizko
Hegalaburra papillotean,arraina,bigarren platerak,egosi,https://eu.wikibooks.org/wiki/Sukaldaritza_liburua/Errezetak/Hegalaburra_papillote_eran,bertakoa,hegalaburra
Hegaluze ahuakate eta piper tartarra,"barazkia, arraina, oliba olioa",lehen platerak,entsalada,"https://eu.wikibooks.org/wiki/Sukaldaritza_liburua/Errezetak/Hegaluze,_ahuakate_eta_piper_tartarra",bertakoa,"hegaluze, ahuakate, piper"
Hegaluze edo arrain betegaia,arraina,bigarren platerak,betea,https://eu.wikibooks.org/wiki/Sukaldaritza_liburua/Errezetak/Hegaluze_edo_arrain_betegaia,bertakoa,"hegaluze, arrain"
Hegaluze edo hegalabur salda,arraina,lehen platerak,zopak,https://eu.wikibooks.org/wiki/Sukaldaritza_liburua/Errezetak/Hegaluze_edo_hegalabur_salda,bertakoa,"hegaluze, hegalabur"
Hegaluze edo hegalaburra ontziratua,arraina,bigarren platerak,,https://eu.wikibooks.org/wiki/Sukaldaritza_liburua/Errezetak/Hegaluze_edo_hegalaburra_ontziratua,bertakoa,"hegaluze, hegalaburra"
Hegaluze edo hegalaburra tipularekin,arraina,bigarren platerak,,https://eu.wikibooks.org/wiki/Sukaldaritza_liburua/Errezetak/Hegaluze_edo_hegalaburra_tipularekin,bertakoa,"hegaluze, hegalaburra, tipula"
Hegaluze edo hegalaburra tomatearekin,arraina,bigarren platerak,,https://eu.wikibooks.org/wiki/Sukaldaritza_liburua/Errezetak/Hegaluze_edo_hegalaburra_tomatearekin,bertakoa,"hegaluze, hegalaburra, tomatea"
Hegaluze enpanada,arraina,bigarren platerak,betea,https://eu.wikibooks.org/wiki/Sukaldaritza_liburua/Errezetak/Hegaluze_enpanada,bertakoa,hegaluze
Hegaluze enpanadila,arraina,bigarren platerak,betea,https://eu.wikibooks.org/wiki/Sukaldaritza_liburua/Errezetak/Hegaluze_enpanadilla,bertakoa,hegaluze
Hegaluze entsalada otarrainxka eta piper-gorriz eginiko tartarrarekin,"barazkia, arraina, oliba olioa",lehen platerak,entsalada,"https://eu.wikibooks.org/wiki/Sukaldaritza_liburua/Errezetak/Hegaluze_entsalada,_otarrainxka_eta_piper_gorriz_eginiko_tar-tarrarekin",bertakoa,"hegaluze, otarrainxka"
Hegaluze eta ibarrako-piper pintxoa,arraina,lehen platerak,hotza,https://eu.wikibooks.org/wiki/Sukaldaritza_liburua/Errezetak/Hegaluze_eta_Ibarrako_piper_pintxoa,bertakoa,"hegaluze, ibarrako-piper"
Hegaluze tartarra,arraina,lehen platerak,entsalada,https://eu.wikibooks.org/wiki/Sukaldaritza_liburua/Errezetak/Hegaluze_tartarra,bertakoa,hegaluze
Hegaluzea asiako erara udaberriko entsaladan,"barazkia, arraina, oliba olioa",lehen platerak,entsalada,"https://eu.wikibooks.org/wiki/Sukaldaritza_liburua/Errezetak/Hegaluzea_Asiako_erara,_udaberriko_entsaladan",bertakoa,hegaluzea
Hegaluzea tomate konpotarekin,arraina,bigarren platerak,,https://eu.wikibooks.org/wiki/Sukaldaritza_liburua/Errezetak/Hegaluzea_tomate_konpotarekin,bertakoa,"hegaluzea, tomate"
Hiru-gutiziko arroza,arroza,lehen platerak,,https://eu.wikibooks.org/wiki/Sukaldaritza_liburua/Errezetak/Hiru_gutiziko_arroza,asia,
Hostopil koka,"barazkia, oliba olioa",lehen platerak,labekatu,https://eu.wikibooks.org/wiki/Sukaldaritza_liburua/Errezetak/Hostopil_koka,espainia,
Hostopila odolki eta barazkiz beteta,barazkia,lehen platerak,labekatu,https://eu.wikibooks.org/wiki/Sukaldaritza_liburua/Errezetak/Hostopila_odolki_eta_barazkiz_beteta,bertakoa,"odolki, barazki"
Hur eta txokolate opila,txokolatea,azkenburukoak,labekatu,https://eu.wikibooks.org/wiki/Sukaldaritza_liburua/Errezetak/Hur_eta_txokolate_opila,,"hur, txokolate"
Ilar budina,lekaleak,lehen platerak,egosi,https://eu.wikibooks.org/wiki/Sukaldaritza_liburua/Errezetak/Ilar_budina,,ilar
Ilar egosia,lekaleak,lehen platerak,egosi,https://eu.wikibooks.org/wiki/Sukaldaritza_liburua/Errezetak/Ilar_egosia,,ilar
Ilar krema,lekaleak,lehen platerak,kremak,https://eu.wikibooks.org/wiki/Sukaldaritza_liburua/Errezetak/Ilar_krema,,ilar
Ilarrak urdaiazpikoarekin,lekaleak,lehen platerak,,https://eu.wikibooks.org/wiki/Sukaldaritza_liburua/Errezetak/Ilarrak_urdaiazpikoarekin,espainia,"ilarr, urdaiazpikoa"
Irasagarra2,fruta,azkenburukoak,hotza,https://eu.wikibooks.org/wiki/Sukaldaritza_liburua/Errezetak/Irasagarra_2,,
Itsaski-paella,"itsaskia, arroza, oliba olioa",lehen platerak,,https://eu.wikibooks.org/wiki/Sukaldaritza_liburua/Errezetak/Itsas_paella,espainia,
Itsas-zapoa,arraina,bigarren platerak,,https://eu.wikibooks.org/wiki/Sukaldaritza_liburua/Errezetak/Itsas_zapoa,bertakoa,itsas-zapoa
Itsas-zapoa koxkera erara,arraina,bigarren platerak,,https://eu.wikibooks.org/wiki/Sukaldaritza_liburua/Errezetak/Itsas_zapoa_koxkera_erara,bertakoa,itsas-zapoa
Itsas-zapoa saltsa-berdean txirlekin,arraina,bigarren platerak,,https://eu.wikibooks.org/wiki/Sukaldaritza_liburua/Errezetak/Itsas_zapoa_saltsa_berdean_txirlekin,bertakoa,"itsas-zapoa, txirl"
Itsaski krema,itsaskia,bigarren platerak,kremak,https://eu.wikibooks.org/wiki/Sukaldaritza_liburua/Errezetak/Itsaski_krema,,itsaski
Itsaski paella,"itsaskia, arroza",lehen platerak,,https://eu.wikibooks.org/wiki/Sukaldaritza_liburua/Errezetak/Itsaski_paella,espainia,itsaski
Itsaskiak sagardoarekin,arraina,bigarren platerak,,https://eu.wikibooks.org/wiki/Sukaldaritza_liburua/Errezetak/Itsaskiak_sagardoarekin,bertakoa,sagardoa
Itsasoa eta sagardoa,arraina,bigarren platerak,,https://eu.wikibooks.org/wiki/Sukaldaritza_liburua/Errezetak/Itsasoa_eta_sagardoa,bertakoa,sagardoa
Izkira egosiak,itsaskia,bigarren platerak,egosi,https://eu.wikibooks.org/wiki/Sukaldaritza_liburua/Errezetak/Izkira_egosiak,,izkira
Izokin kanape edo pintxoa,arraina,lehen platerak,hotza,https://eu.wikibooks.org/wiki/Sukaldaritza_liburua/Errezetak/Izokin_kanape_edo_pintxoa,frantzia,izokin
Izokin kremaz beteriko tartaletak,arraina,bigarren platerak,kremak,https://eu.wikibooks.org/wiki/Sukaldaritza_liburua/Errezetak/Izokin_kremaz_beteriko_tartaletak,,izokin
Izokin marinatua,arraina,bigarren platerak,entsalada,https://eu.wikibooks.org/wiki/Sukaldaritza_liburua/Errezetak/Izokin_marinatua,,izokin
Kafe budina,arrautza,lehen platerak,egosi,https://eu.wikibooks.org/wiki/Sukaldaritza_liburua/Errezetak/Kafe_budina,,kafe
Kalabazin txalupak otarrainxka eta ziazerbaz beteak,oliba olioa,lehen platerak,betea,https://eu.wikibooks.org/wiki/Sukaldaritza_liburua/Errezetak/Kalabazin_txalupak_otarrainxka_eta_ziazerbaz_beteak,,"kalabazin, otarrainxka, ziazerba"
Kardua urdaiazpiko eta arrautza eskalfatuarekin,"barazkia, arrautza",lehen platerak,egosi,"https://eu.wikibooks.org/wiki/Sukaldaritza_liburua/Errezetak/Kardua,_urdaiazpiko_eta_arrautza_eskalfatuarekin",espainia,"kardua, urdaiazpiko, arrautza"
Kokotxak leka eta tomate konpotarekin,"lekaleak, arraina, oliba olioa",bigarren platerak,,https://eu.wikibooks.org/wiki/Sukaldaritza_liburua/Errezetak/Kokotxak_leka_eta_tomate_konpotarekin,bertakoa,"kokotx, leka, tomate"
Krema ingelesa,arrautza,azkenburukoak,kremak,https://eu.wikibooks.org/wiki/Sukaldaritza_liburua/Errezetak/Krema_ingelesa,,
Krema opila,arrautza,azkenburukoak,kremak,https://eu.wikibooks.org/wiki/Sukaldaritza_liburua/Errezetak/Krema_opila,,
Kremaz beteriko krepeak,arrautza,azkenburukoak,kremak,https://eu.wikibooks.org/wiki/Sukaldaritza_liburua/Errezetak/Kremaz_beteriko_krepeak,frantzia,
Kuia krema otarrainxkekin,oliba olioa,lehen platerak,kremak,https://eu.wikibooks.org/wiki/Sukaldaritza_liburua/Errezetak/Kuia_krema_otarrainxkekin,,"kuia, otarrainxk"
Kuia tomate eta kantauriko-antxoa lasagna,oliba olioa,lehen platerak,labekatu,"https://eu.wikibooks.org/wiki/Sukaldaritza_liburua/Errezetak/Kuia,_tomate_eta_Kantauriko_antxoa_lasagna",italia,"kuia, tomate, kantauriko-antxoa"
Kuia-txikiz eginiko milorria bakailaoz betea,oliba olioa,lehen platerak,betea,"https://eu.wikibooks.org/wiki/Sukaldaritza_liburua/Errezetak/Kuia_txikiz_eginiko_milorria,_bakailaoz_betea",,"kuia-txiki, bakailao"
Lanperna egosiak,itsaskia,bigarren platerak,egosi,https://eu.wikibooks.org/wiki/Sukaldaritza_liburua/Errezetak/Lanperna_egosiak,,lanperna
Legatz arrautzaztatua,arraina,bigarren platerak,,https://eu.wikibooks.org/wiki/Sukaldaritza_liburua/Errezetak/Legatz_arrautzaztatua,,
Legatz betea,arraina,bigarren platerak,betea,https://eu.wikibooks.org/wiki/Sukaldaritza_liburua/Errezetak/Legatz_betea,,
Legatz-kokotea labean,arraina,bigarren platerak,labekatu,https://eu.wikibooks.org/wiki/Sukaldaritza_liburua/Errezetak/Legatz_kokotea_labean,bertakoa,
Legatz-kokotxak arrautzaztatuak,arraina,bigarren platerak,,https://eu.wikibooks.org/wiki/Sukaldaritza_liburua/Errezetak/Legatz_kokotxak_arrautzaztatuak,bertakoa,
Legatz xerrak plantxan barazki eta baratxuri-freskoekin,"barazkia, arraina",bigarren platerak,plantxan,"https://eu.wikibooks.org/wiki/Sukaldaritza_liburua/Errezetak/Legatz_xerrak_plantxan,_barazki_eta_baratxuri_freskoekin",bertakoa,"barazki, baratxuri-fresko"
Legatza barazkiekin papillote erara,"arraina, oliba olioa",bigarren platerak,egosi,"https://eu.wikibooks.org/wiki/Sukaldaritza_liburua/Errezetak/Legatza_barazkiekin,_papillote_erara",,barazki
Legatza otarrainxka saldarekin eta txirlekin,"arraina, oliba olioa",lehen platerak,,https://eu.wikibooks.org/wiki/Sukaldaritza_liburua/Errezetak/Legatza_otarrainxka_saldarekin_eta_txirlekin,bertakoa,"otarrainxka, txirl"
Legatza plantxan barazkiekin,"barazkia, arraina, oliba olioa",bigarren platerak,plantxan,"https://eu.wikibooks.org/wiki/Sukaldaritza_liburua/Errezetak/Legatza_plantxan,_barazkiekin",,barazki
Legatza plantxan kuia-txikiarekin eta pipermorroekin,"barazkia, arraina, oliba olioa",bigarren platerak,plantxan,"https://eu.wikibooks.org/wiki/Sukaldaritza_liburua/Errezetak/Legatza_plantxan,_kuia_txikiarekin_eta_pipermorroekin",,"kuia-txikia, pipermorro"
Legatza saltsa-berdean txirla eta kokotxekin,"itsaskia, arraina",bigarren platerak,,https://eu.wikibooks.org/wiki/Sukaldaritza_liburua/Errezetak/Legatza_saltsa_berdean_txirla_eta_kokotxekin,bertakoa,"txirla, kokotx"
Leka eta txanpiñoiak otarrainxkekin,"lekaleak, barazkia, oliba olioa",lehen platerak,,https://eu.wikibooks.org/wiki/Sukaldaritza_liburua/Errezetak/Leka_eta_txanpiak_otarrainxkekin,,"leka, txanpiñoi, otarrainxk"
Leka-freskoak txipiroi eta tipula goxatuarekin,"lekaleak, barazkia, oliba olioa",lehen platerak,sueztitu,https://eu.wikibooks.org/wiki/Sukaldaritza_liburua/Errezetak/Leka_freskoak_txipiroi_eta_tipula_goxatuarekin,bertakoa,"leka-fresko, txipiroi, tipula"
Lupia labean,arraina,bigarren platerak,labekatu,https://eu.wikibooks.org/wiki/Sukaldaritza_liburua/Errezetak/Lupia_labean,,lupia
Lupia sagardo eta itsaski lurrinekin,arraina,bigarren platerak,,"https://eu.wikibooks.org/wiki/Sukaldaritza_liburua/Errezetak/Lupia,_sagardo_eta_itsaski_lurrinekin",bertakoa,"lupia, sagardo, itsaski"
Lurrunetan eginiko arroza,arroza,lehen platerak,egosi,https://eu.wikibooks.org/wiki/Sukaldaritza_liburua/Errezetak/Lurrunetan_eginiko_arroza,,
Marmitakoa2,arraina,bigarren platerak,,https://eu.wikibooks.org/wiki/Sukaldaritza_liburua/Errezetak/Marmitakoa_2,bertakoa,
Marrubi eta kremazko hostopilak,"fruta, arrautza",azkenburukoak,kremak,https://eu.wikibooks.org/wiki/Sukaldaritza_liburua/Errezetak/Marrubi_eta_kremazko_hostopilak,,marrubi
Marrubi gelatina,fruta,azkenburukoak,,https://eu.wikibooks.org/wiki/Sukaldaritza_liburua/Errezetak/Marrubi_gelatina,,marrubi
Marrubi-izozkia,fruta,azkenburukoak,hotza,https://eu.wikibooks.org/wiki/Sukaldaritza_liburua/Errezetak/Marrubi_izozkia,,
Marrubi marmelada,fruta,azkenburukoak,hotza,https://eu.wikibooks.org/wiki/Sukaldaritza_liburua/Errezetak/Marrubi_marmelada,,marrubi
Marrubi-tarta,fruta,azkenburukoak,labekatu,https://eu.wikibooks.org/wiki/Sukaldaritza_liburua/Errezetak/Marrubi_tarta,,
Marrubi-tarta2,"fruta, arrautza",azkenburukoak,labekatu,https://eu.wikibooks.org/wiki/Sukaldaritza_liburua/Errezetak/Marrubi_tarta_2,,
Marrubiak esne-gain krema eta almendrekin,fruta,azkenburukoak,kremak,https://eu.wikibooks.org/wiki/Sukaldaritza_liburua/Errezetak/Marrubiak_esne-gain_krema_eta_almendrekin,,"marrubi, esne-gain, almend"
Mendrezka errea,arraina,bigarren platerak,erre,https://eu.wikibooks.org/wiki/Sukaldaritza_liburua/Errezetak/Mendrezka_errea,,mendrezka
Mihi-arrain xerrak ganbekin txakolin saltsan,itsaskia,bigarren platerak,,https://eu.wikibooks.org/wiki/Sukaldaritza_liburua/Errezetak/Mihi-arrain_popietak_ganbekin_txakolin_saltsan,bertakoa,"mihi-arrain, ganb, txakolin"
Muskuilu goxatuak,itsaskia,bigarren platerak,sueztitu,https://eu.wikibooks.org/wiki/Sukaldaritza_liburua/Errezetak/Muskuilu_goxatuak,,muskuilu
Muskuilu krema,itsaskia,bigarren platerak,kremak,https://eu.wikibooks.org/wiki/Sukaldaritza_liburua/Errezetak/Muskuilu_krema,,muskuilu
Nafarroako pikillo-piperrak bakailaoz beteak,oliba olioa,lehen platerak,betea,https://eu.wikibooks.org/wiki/Sukaldaritza_liburua/Errezetak/Nafarroako_pikillo_piperrak_bakailaoz_beteak,bertakoa,"nafarroako, pikillo-piperr, bakailao"
Nafarroako-zainzuriak bakailao-kokotxekin,oliba olioa,lehen platerak,,https://eu.wikibooks.org/wiki/Sukaldaritza_liburua/Errezetak/Nafarroako_zainzuriak_bakailao_kokotxekin,bertakoa,"nafarroako-zainzuri, bakailao-kokotx"
Nafarroako-zainzuriak onddoz beteak,oliba olioa,lehen platerak,betea,https://eu.wikibooks.org/wiki/Sukaldaritza_liburua/Errezetak/Nafarroako_zainzuriak_onddoz_beteak,bertakoa,"nafarroako-zainzuri, onddo"
Natilak,arrautza,azkenburukoak,,https://eu.wikibooks.org/wiki/Sukaldaritza_liburua/Errezetak/Natilak,bertakoa,natil
Boilur-beltz nahaskia,arrautza,lehen platerak,frijitu,https://eu.wikibooks.org/wiki/Sukaldaritza_liburua/Errezetak/Neguko_boilur_beltzen_nahaskia,espainia,
Odolki kurruskatsuak pikillo-piperrekin eta azarekin,oliba olioa,lehen platerak,,https://eu.wikibooks.org/wiki/Sukaldaritza_liburua/Errezetak/Odolki_kurruskatsuak_pikillo_piperrekin_eta_azarekin,bertakoa,"odolki, aza"
Odolkiz beteriko brik-orriak baba kremarekin,"barazkia, oliba olioa",lehen platerak,kremak,https://eu.wikibooks.org/wiki/Sukaldaritza_liburua/Errezetak/Odolkiz_beteriko_brik_orriak_babarrun_kremarekin,bertakoa,"odolki, baba"
Ogi-opilak,arrautza,azkenburukoak,labekatu,https://eu.wikibooks.org/wiki/Sukaldaritza_liburua/Errezetak/Ogi_opilak,,
Oilagorrak saltsan,oliba olioa,bigarren platerak,,https://eu.wikibooks.org/wiki/Sukaldaritza_liburua/Errezetak/Oilagorrak_saltsan,,oilagorr
Oilasko eta arrautza kroketak,arrautza,lehen platerak,frijitu,https://eu.wikibooks.org/wiki/Sukaldaritza_liburua/Errezetak/Oilasko_eta_arrautza_kroketak,,"oilasko, arrautza"
Oilasko-izterrak txanpiñoi krema eta curryarekin,oliba olioa,bigarren platerak,kremak,https://eu.wikibooks.org/wiki/Sukaldaritza_liburua/Errezetak/Oilasko_izterrak_txanpinoi_krema_eta_curryarekin,asia,"oilasko-izterr, txanpiñoi, currya"
Oilasko kroketak,arrautza,lehen platerak,frijitu,https://eu.wikibooks.org/wiki/Sukaldaritza_liburua/Errezetak/Oilasko_kroketak,,oilasko
Olagarro entsalada epela,barazkia,lehen platerak,entsalada,https://eu.wikibooks.org/wiki/Sukaldaritza_liburua/Errezetak/Olagarro_entsalada_epela,,olagarro
Onddo-berria gorringoarekin,arrautza,lehen platerak,,https://eu.wikibooks.org/wiki/Sukaldaritza_liburua/Errezetak/Onddo_berria_gorringoarekin,bertakoa,onddo-berria
Onddo carpaccioa,oliba olioa,lehen platerak,carpaccio,https://eu.wikibooks.org/wiki/Sukaldaritza_liburua/Errezetak/Onddo_%27carpaccio%27a,bertakoa,onddo
Onddoak papillote erara,oliba olioa,lehen platerak,egosi,https://eu.wikibooks.org/wiki/Sukaldaritza_liburua/Errezetak/Onddoak_papillote_erara,bertakoa,onddo
Onddoz beteriko kiribil kurruskatsua kuia kremarekin,oliba olioa,lehen platerak,kremak,"https://eu.wikibooks.org/wiki/Sukaldaritza_liburua/Errezetak/Onddoz_beteriko_kiribil_kurruskatsua,_kuia_kremarekin",bertakoa,"onddo, kuia"
Ontzian eginiko arrautza,arrautza,lehen platerak,,https://eu.wikibooks.org/wiki/Sukaldaritza_liburua/Errezetak/Ontzian_eginiko_arrautza,,arrautza
Orburu pintxoa urdaiazpiko tomate eta piperrekin,oliba olioa,lehen platerak,hotza,"https://eu.wikibooks.org/wiki/Sukaldaritza_liburua/Errezetak/Orburu_pintxoa_urdaiazpiko,_tomate_eta_piperrekin",espainia,"orburu, urdaiazpiko, tomate"
Orburu-txipsak eta orburu egosiak,oliba olioa,bigarren platerak,egosi,https://eu.wikibooks.org/wiki/Sukaldaritza_liburua/Errezetak/Orburu_%27txips%27-ak_eta_orburu_egosiak,,"orburu-txips, orburu"
Orburua arroz-odolkia eta arrautza gorringoa plantxan,"oliba olioa, arroza, arrautza",lehen platerak,plantxan,"https://eu.wikibooks.org/wiki/Sukaldaritza_liburua/Errezetak/Orburua,_arroz_odolkia_eta_arrautza_gorringoa_plantxan",bertakoa,"orburua, arroz-odolkia, arrautza"
Orburuak entsaladan raf-tomateekin,oliba olioa,lehen platerak,entsalada,"https://eu.wikibooks.org/wiki/Sukaldaritza_liburua/Errezetak/Orburuak_entsaladan,_raf_tomateekin",,orburu
Orburuak urdaiazpiko eta arrautza galdarraztatuekin,"oliba olioa, arrautza",lehen platerak,egosi,https://eu.wikibooks.org/wiki/Sukaldaritza_liburua/Errezetak/Orburuak_urdaiazpiko_eta_arrautza_galdarraztatuekin,espainia,"orburu, urdaiazpiko, arrautza"
Orburuak urdaiazpiko ziazerba eta beasaingo-odolkiarekin,oliba olioa,lehen platerak,,"https://eu.wikibooks.org/wiki/Sukaldaritza_liburua/Errezetak/Orburuak,_urdaiazpiko,_ziazerba_eta_Beasaingo_odolkiarekin",espainia,"orburu, urdaiazpiko, ziazerba, beasaingo-odolkia"
Orburuak urdaiazpikoarekin eta beasaingo-odolkiarekin,oliba olioa,lehen platerak,,https://eu.wikibooks.org/wiki/Sukaldaritza_liburua/Errezetak/Orburuak_urdaiazpikoarekin_eta_Beasaingo_odolkiarekin,espainia,"orburu, urdaiazpikoa, beasaingo-odolkia"
Otarrainxka egosiak,itsaskia,bigarren platerak,egosi,https://eu.wikibooks.org/wiki/Sukaldaritza_liburua/Errezetak/Otarrainxka_egosiak,,otarrainxka
Otarrainxka eta onddo milorria,"itsaskia, oliba olioa",lehen platerak,,https://eu.wikibooks.org/wiki/Sukaldaritza_liburua/Errezetak/Otarrainxka_eta_onddo_milorria,bertakoa,"otarrainxka, onddo"
Otarrainxka plantxan edo zartaginean,itsaskia,bigarren platerak,plantxan,https://eu.wikibooks.org/wiki/Sukaldaritza_liburua/Errezetak/Otarrainxka_plantxan_edo_zartaginean,,otarrainxka
Otarrainxkak ziza kremarekin eta arrautzekin,"itsaskia, oliba olioa, arrautza",bigarren platerak,kremak,https://eu.wikibooks.org/wiki/Sukaldaritza_liburua/Errezetak/Otarrainxkak_ziza_kremarekin_eta_arrautzekin,,"otarrainxk, ziza, arrautz"
Otarrainxkaz eta barazkiz beteriko kirriskatsuak,"itsaskia, barazkia",lehen platerak,frijitu,https://eu.wikibooks.org/wiki/Sukaldaritza_liburua/Errezetak/Otarrainxkaz_eta_barazkiz_beteriko_kirriskatsuak,,"otarrainxka, barazki"
Paella-valentziarra,arroza,lehen platerak,,https://eu.wikibooks.org/wiki/Sukaldaritza_liburua/Errezetak/Paella_Valentziarra,espainia,
Pasta barazkiekin,pasta,lehen platerak,,https://eu.wikibooks.org/wiki/Sukaldaritza_liburua/Errezetak/Pasta_barazkiekin,italia,barazki
Pasta boloniarra,pasta,lehen platerak,,https://eu.wikibooks.org/wiki/Sukaldaritza_liburua/Errezetak/Pasta_boloniar_erara,italia,
Pasta carbonara,pasta,lehen platerak,,https://eu.wikibooks.org/wiki/Sukaldaritza_liburua/Errezetak/Pasta_carbonara,italia,
Pasta entsalada,pasta,lehen platerak,entsalada,https://eu.wikibooks.org/wiki/Sukaldaritza_liburua/Errezetak/Pasta_entsalada,italia,
Pasta-freskoa,pasta,lehen platerak,,https://eu.wikibooks.org/wiki/Sukaldaritza_liburua/Errezetak/Pasta_freskoa,italia,
Pasta-freskoa2,"oliba olioa, pasta, arrautza",lehen platerak,,https://eu.wikibooks.org/wiki/Sukaldaritza_liburua/Errezetak/Pasta_freskoa_2,italia,
Pasta perretxikoekin,pasta,lehen platerak,,https://eu.wikibooks.org/wiki/Sukaldaritza_liburua/Errezetak/Pasta_perretxikoekin,italia,
Patata-berri zainzuri eta izokin ketu entsalada,oliba olioa,lehen platerak,entsalada,"https://eu.wikibooks.org/wiki/Sukaldaritza_liburua/Errezetak/Patata_berri,_zainzuri_eta_izokin_ketu_entsalada",,"patata-berri, zainzuri, izokin"
Patata-tortila,arrautza,bigarren platerak,frijitu,https://eu.wikibooks.org/wiki/Sukaldaritza_liburua/Errezetak/Patata_tortila,,
Patatak errioxar erara,oliba olioa,lehen platerak,,https://eu.wikibooks.org/wiki/Sukaldaritza_liburua/Errezetak/Patatak_errioxar_erara_2,espainia,patat
Perloi egosia patatekin,arraina,bigarren platerak,egosi,https://eu.wikibooks.org/wiki/Sukaldaritza_liburua/Errezetak/Perloi_egosia_patatekin,,"perloi, patat"
Perrexil olio saltsa,barazkia,lehen platerak,entsalada,https://eu.wikibooks.org/wiki/Sukaldaritza_liburua/Errezetak/Perrexil_olio_saltsa,,
Pesto-saltsa,barazkia,lehen platerak,,https://eu.wikibooks.org/wiki/Sukaldaritza_liburua/Errezetak/Pesto_saltsa,italia,
Petit-suisseak krema eta txokolate beroarekin,"txokolatea, arrautza",azkenburukoak,kremak,https://eu.wikibooks.org/wiki/Sukaldaritza_liburua/Errezetak/Petit-suisseak_krema_eta_txokolate_beroarekin,,"petit-suisse, txokolate"
Pikillo-piperrak odolkiz beteak,oliba olioa,lehen platerak,betea,https://eu.wikibooks.org/wiki/Sukaldaritza_liburua/Errezetak/Pikillo_piperrak_odolkiz_beteak,bertakoa,"pikillo-piperr, odolki"
Piper eta atun entsalada,oliba olioa,lehen platerak,entsalada,https://eu.wikibooks.org/wiki/Sukaldaritza_liburua/Errezetak/Piper_eta_atun_entsalada,,"piper, atun"
Piper-morro erreak plantxan bakailao-kokotxekin,oliba olioa,lehen platerak,erre,https://eu.wikibooks.org/wiki/Sukaldaritza_liburua/Errezetak/Piper_morro_erreak_plantxan_bakailao_kokotxekin,,"piper-morro, bakailao-kokotx"
Porru entsalada guakamole eta izokin ketuarekin,"fruta, oliba olioa",lehen platerak,entsalada,"https://eu.wikibooks.org/wiki/Sukaldaritza_liburua/Errezetak/Porru_entsalada,_guakamole_eta_izokin_ketuarekin",mexiko,"porru, izokin"
Porru eta otarrainxka entsalada,oliba olioa,lehen platerak,entsalada,https://eu.wikibooks.org/wiki/Sukaldaritza_liburua/Errezetak/Porru_eta_otarrainxka_entsalada,,"porru, otarrainxka"
Prantxikaren bizkotxoa,arrautza,azkenburukoak,labekatu,https://eu.wikibooks.org/wiki/Sukaldaritza_liburua/Errezetak/Prantxikaren_bizkotxoa,,prantxikaren
Raf-tomatea ahuntz-gaztarekin,oliba olioa,lehen platerak,entsalada,https://eu.wikibooks.org/wiki/Sukaldaritza_liburua/Errezetak/Raf_tomatea_ahuntz_gaztarekin,,ahuntz-gazta
Raf-tomatea txipiekin,"itsaskia, oliba olioa",lehen platerak,entsalada,https://eu.wikibooks.org/wiki/Sukaldaritza_liburua/Errezetak/Raf_tomatea_txipiekin,,txipi
Raf-tomateen entsalada bakailaoarekin eta barazkiekin,oliba olioa,lehen platerak,entsalada,"https://eu.wikibooks.org/wiki/Sukaldaritza_liburua/Errezetak/Raf_tomateen_entsalada,_bakailaoarekin_eta_barazkiekin",,"bakailaoa, barazki"
Sagar-tarta2,"fruta, arrautza",azkenburukoak,labekatu,https://eu.wikibooks.org/wiki/Sukaldaritza_liburua/Errezetak/Sagar_tarta_2,,
Sagar-tatin gozoa,fruta,azkenburukoak,,https://eu.wikibooks.org/wiki/Sukaldaritza_liburua/Errezetak/Sagar_tatin_gozoa,frantzia,sagar-tatin
Sushi egiteko ozpina,arroza,lehen platerak,entsalada,https://eu.wikibooks.org/wiki/Sukaldaritza_liburua/Errezetak/Sushi_egiteko_ozpina,asia,sushi
Tabbuleh-entsalada,barazkia,lehen platerak,entsalada,https://eu.wikibooks.org/wiki/Sukaldaritza_liburua/Errezetak/Tabbuleh_entsalada,,
Tagliatelleak barazki eta curryarekin,"barazkia, oliba olioa",lehen platerak,,https://eu.wikibooks.org/wiki/Sukaldaritza_liburua/Errezetak/Tagliatelle_freskoak_barazki_eta_curryarekin,asia,"tagliatelle, barazki, currya"
Tagliatelleak antxoa eta cherry-tomateekin,"pasta, oliba olioa",lehen platerak,,https://eu.wikibooks.org/wiki/Sukaldaritza_liburua/Errezetak/Tagliateliak_antxoa_eta_cherry_tomateekin,italia,"tagliatelle, antxoa, cherry-tomate"
Tagliatelleak otarrainxka eta txirlekin,"itsaskia, pasta, oliba olioa",lehen platerak,,https://eu.wikibooks.org/wiki/Sukaldaritza_liburua/Errezetak/Tagliatelleak_otarrainxka_eta_txirlekin,italia,"tagliatelle, otarrainxka, txirl"
Takoen betegai edo haragizko-tinga,haragia,bigarren platerak,betea,https://eu.wikibooks.org/wiki/Sukaldaritza_liburua/Errezetak/Takoen_betegai_edo_haragizko_tinga,mexiko,haragizko-tinga
Tipula eta piper sueztitzea,arraina,bigarren platerak,sueztitu,https://eu.wikibooks.org/wiki/Sukaldaritza_liburua/Errezetak/Tipula_eta_piper_sueztitzea,,"tipula, piper"
Tiramisu,arrautza,azkenburukoak,,https://eu.wikibooks.org/wiki/Sukaldaritza_liburua/Errezetak/Tiramisu,italia,
Tiramisu moussea arroz-esne kremarekin,"arroza, arrautza",azkenburukoak,kremak,https://eu.wikibooks.org/wiki/Sukaldaritza_liburua/Errezetak/Tiramisu_moussea_arroz_esne_kremarekin,italia,arroz-esne
Tolosako-babak,lekaleak,lehen platerak,,https://eu.wikibooks.org/wiki/Sukaldaritza_liburua/Errezetak/Tolosako_babarrunak,bertakoa,tolosako-bab
Tomate entsalada bakailaoarekin,oliba olioa,lehen platerak,entsalada,https://eu.wikibooks.org/wiki/Sukaldaritza_liburua/Errezetak/Tomate_entsalada_bakailaoarekin,,"tomate, bakailaoa"
Tomate entsalada gula eta leka-freskoekin,oliba olioa,lehen platerak,entsalada,https://eu.wikibooks.org/wiki/Sukaldaritza_liburua/Errezetak/Tomate_entsalada_gula_eta_leka_freskoekin,,"tomate, gula, leka-fresko"
Tomate mozzarella barrengorri eta urdaiazpiko pizza,haragia,bigarren platerak,,"https://eu.wikibooks.org/wiki/Sukaldaritza_liburua/Errezetak/Tomate,_mozzarella,_barrengorri_eta_urdaiazpiko_pizza",italia,"tomate, mozzarella, urdaiazpiko"
Tomate nahaskia,arrautza,lehen platerak,frijitu,https://eu.wikibooks.org/wiki/Sukaldaritza_liburua/Errezetak/%E2%80%9C_Tomate_nahaskia,,tomate
Tripaki behi-mutur edo txerri-hanka egosiak,haragia,bigarren platerak,egosi,"https://eu.wikibooks.org/wiki/Sukaldaritza_liburua/Errezetak/Tripaki,_behi_mutur,_edo_txerri_hanka_egosiak",,"tripaki, behi-mutur, txerri-hanka"
Trufazko txokolate-tarta,"txokolatea, arrautza",azkenburukoak,labekatu,https://eu.wikibooks.org/wiki/Sukaldaritza_liburua/Errezetak/Trufazko_txokolate_tarta,,trufazko
Ttoro-zopa,arraina,lehen platerak,zopak,https://eu.wikibooks.org/wiki/Sukaldaritza_liburua/Errezetak/Ttoro_zopa,bertakoa,
Tuterako-kukuluak brie-gazta eta txipiroiekin,"barazkia, oliba olioa",lehen platerak,,https://eu.wikibooks.org/wiki/Sukaldaritza_liburua/Errezetak/Tuterako_kukuluak_brie_gazta_eta_txipiroiekin,bertakoa,"tuterako-kukulu, brie-gazta, txipiroi"
Tuterako-orburuak txerri-solomo kalabazin eta curryarekin,oliba olioa,lehen platerak,,"https://eu.wikibooks.org/wiki/Sukaldaritza_liburua/Errezetak/Tuterako_orburuak_txerri_solomo,_kalabazin_eta_curryarekin",asia,"tuterako-orburu, txerri-solomo, kalabazin, currya"
Txanpiñoi-txapelak orburu eta ziazerbaz beteak,oliba olioa,lehen platerak,betea,https://eu.wikibooks.org/wiki/Sukaldaritza_liburua/Errezetak/Txanpinoi_txapelak_orburu_eta_ziazerbaz_beteak,,"txanpiñoi-txapel, orburu, ziazerba"
Txanpiñoi-txapelak plantxan arroz-odolkiarekin,"haragia, arroza, oliba olioa",lehen platerak,plantxan,"https://eu.wikibooks.org/wiki/Sukaldaritza_liburua/Errezetak/Txanpinoi_txapelak_plantxan,_arroz_odolkiarekin",bertakoa,"txanpiñoi-txapel, arroz-odolkia"
Txanpiñoi-txapelak plantxan onddo kremarekin,oliba olioa,lehen platerak,kremak,"https://eu.wikibooks.org/wiki/Sukaldaritza_liburua/Errezetak/Txanpinoi_txapelak_plantxan,_onddo_kremarekin",bertakoa,"txanpiñoi-txapel, onddo"
Txekor-azpizuna asiar erara,oliba olioa,bigarren platerak,,https://eu.wikibooks.org/wiki/Sukaldaritza_liburua/Errezetak/Txekor_azpizuna_asiar_erara,asia,txekor-azpizuna
Txekor-azpizuna orburuekin eta idiazabalgo-gaztaren saltsarekin,oliba olioa,bigarren platerak,,https://eu.wikibooks.org/wiki/Sukaldaritza_liburua/Errezetak/Txekor_azpizuna_orburuekin_eta_Idiazabalgo_gaztaren_saltsarekin,bertakoa,"txekor-azpizuna, orburu, idiazabalgo-gaztaren"
Txekor-azpizuna txanpiñoi eta curryarekin,"barazkia, oliba olioa",bigarren platerak,,https://eu.wikibooks.org/wiki/Sukaldaritza_liburua/Errezetak/Txekor_azpizuna_txanpi%C3%B1oi_eta_curryarekin,asia,"txekor-azpizuna, txanpiñoi, currya"
Txekor-masailak onddoekin eta arrozarekin,"arroza, oliba olioa",bigarren platerak,,https://eu.wikibooks.org/wiki/Sukaldaritza_liburua/Errezetak/Txekor_masailak_onddoekin_eta_arrozarekin,bertakoa,"txekor-masail, onddo"
Txekor-masailak saltsan,oliba olioa,bigarren platerak,,https://eu.wikibooks.org/wiki/Sukaldaritza_liburua/Errezetak/Txekor_masailak_saltsan,,txekor-masail
Txekor-muturrak bizkaitar-saltsan,arrautza,bigarren platerak,,https://eu.wikibooks.org/wiki/Sukaldaritza_liburua/Errezetak/Txekor_muturrak_bizkaitar_saltsan,bertakoa,txekor-muturr
Txekor-tripaki eta muturrak bizkaitar-saltsan,"barazkia, oliba olioa",bigarren platerak,,"https://eu.wikibooks.org/wiki/Sukaldaritza_liburua/Errezetak/Txekor_tripaki_eta_muturrak,_Bizkaiko_saltsan",,"txekor-tripaki, muturr"
Txerri-azpizuna onddoz beteta eta roquefort saltsarekin,oliba olioa,bigarren platerak,betea,https://eu.wikibooks.org/wiki/Sukaldaritza_liburua/Errezetak/Txerri_azpizuna_onddoz_beteta_eta_Roquefort_saltsarekin,frantzia,"txerri-azpizuna, onddo, roquefort"
Txerri-azpizuna txanpiñoi eta roquefort-gaztarekin,oliba olioa,bigarren platerak,,"https://eu.wikibooks.org/wiki/Sukaldaritza_liburua/Errezetak/Txerri_azpizuna,_txanpinoi_eta_Roquefort_gaztarekin",frantzia,"txerri-azpizuna, txanpiñoi, roquefort-gazta"
Txerri-iberiar sekretoa parrilan gernikako-piperrekin,haragia,bigarren platerak,plantxan,https://eu.wikibooks.org/wiki/Sukaldaritza_liburua/Errezetak/Txerri_iberiar_Sekretoa_parrilan_Gernikako_piperrekin,,"txerri-iberiar, sekretoa"
Txerri-iberiarraren presa carpaccioa,haragia,lehen platerak,carpaccio,https://eu.wikibooks.org/wiki/Sukaldaritza_liburua/Errezetak/Txerri_iberiarraren_presa_carpaccioa.jpg,,"txerri-iberiarraren, presa"
Txerri-masailak saltsan,oliba olioa,bigarren platerak,,https://eu.wikibooks.org/wiki/Sukaldaritza_liburua/Errezetak/Txerri_masailak_saltsan,,txerri-masail
Txibi frijituak,itsaskia,bigarren platerak,frijitu,https://eu.wikibooks.org/wiki/Sukaldaritza_liburua/Errezetak/Txibi_frijituak,bertakoa,txibi
Txipiroi-begi-handiak tintan,itsaskia,bigarren platerak,,https://eu.wikibooks.org/wiki/Sukaldaritza_liburua/Errezetak/Txipiroi_begi_handiak_bere_tintan,bertakoa,txipiroi-begi-handi
Txipiroi frijituak,itsaskia,bigarren platerak,frijitu,https://eu.wikibooks.org/wiki/Sukaldaritza_liburua/Errezetak/Txipiroi_frijituak,bertakoa,txipiroi
Txipiroi tinta saltsa,itsaskia,bigarren platerak,,https://eu.wikibooks.org/wiki/Sukaldaritza_liburua/Errezetak/Txipiroi_tinta_saltsa,bertakoa,txipiroi
Txipiroiak tintan,itsaskia,bigarren platerak,,https://eu.wikibooks.org/wiki/Sukaldaritza_liburua/Errezetak/Txipiroiak_bere_tintan,bertakoa,txipiroi
Txipiroiak pelaio erara,"itsaskia, oliba olioa",bigarren platerak,,https://eu.wikibooks.org/wiki/Sukaldaritza_liburua/Errezetak/Txipiroiak_Pelaio_erara,bertakoa,txipiroi
Txipiroiak plantxan,itsaskia,bigarren platerak,plantxan,https://eu.wikibooks.org/wiki/Sukaldaritza_liburua/Errezetak/Txipiroiak_plantxan,bertakoa,txipiroi
Txipiroiak plantxan tipula goxatu eta letxugarekin,"itsaskia, barazkia, oliba olioa",lehen platerak,plantxan,https://eu.wikibooks.org/wiki/Sukaldaritza_liburua/Errezetak/Txipiroiak_plantxan_tipula_goxatu_eta_letxugarekin,bertakoa,"txipiroi, tipula, letxuga"
Txirla-handiak plantxan,itsaskia,bigarren platerak,plantxan,https://eu.wikibooks.org/wiki/Sukaldaritza_liburua/Errezetak/Txirla_handiak_plantxan,,txirla-handi
Txirlak marinel erara,itsaskia,bigarren platerak,,https://eu.wikibooks.org/wiki/Sukaldaritza_liburua/Errezetak/Txirlak_marinel_erara,bertakoa,txirl
Txirlak saltsa-berdean,itsaskia,bigarren platerak,,https://eu.wikibooks.org/wiki/Sukaldaritza_liburua/Errezetak/Txirlak_saltsa_berdean,bertakoa,txirl
Txirlak zartagian,itsaskia,bigarren platerak,plantxan,https://eu.wikibooks.org/wiki/Sukaldaritza_liburua/Errezetak/Txirlak_zartagian,,txirl
Txitxardin entsalada,arraina,lehen platerak,entsalada,https://eu.wikibooks.org/wiki/Sukaldaritza_liburua/Errezetak/Txitxardin_entsalada,,txitxardin
Txitxardinak betiko eran,arraina,bigarren platerak,,https://eu.wikibooks.org/wiki/Sukaldaritza_liburua/Errezetak/Txitxardinak_betiko_eran,bertakoa,txitxardin
Txitxarroa eskabetxean,arraina,lehen platerak,entsalada,https://eu.wikibooks.org/wiki/Sukaldaritza_liburua/Errezetak/Txitxarroa_eskabetxean,,txitxarroa
Txitxarroa labean,arraina,bigarren platerak,labekatu,https://eu.wikibooks.org/wiki/Sukaldaritza_liburua/Errezetak/Txitxarroa_labean,,txitxarroa
Txitxarroa piperrada eta patata purearekin,"arraina, oliba olioa",bigarren platerak,kremak,https://eu.wikibooks.org/wiki/Sukaldaritza_liburua/Errezetak/Txitxarroa_piperrada_eta_patata_purearekin,bertakoa,"txitxarroa, piperrada, patata"
Txitxarroa plantxan piper erre tipula eta gari-zainzuriekin,"barazkia, arraina, oliba olioa",bigarren platerak,plantxan,"https://eu.wikibooks.org/wiki/Sukaldaritza_liburua/Errezetak/Txitxarroa_plantxan_piper_erre,_tipula_eta_gari_zainzuriekin",,"txitxarroa, piper, tipula, gari-zainzuri"
Txitxirioak,lekaleak,lehen platerak,,https://eu.wikibooks.org/wiki/Sukaldaritza_liburua/Errezetak/Txitxirioak,bertakoa,txitxirio
Txitxirioak tripakiekin,"lekaleak, oliba olioa",lehen platerak,,https://eu.wikibooks.org/wiki/Sukaldaritza_liburua/Errezetak/Garbantzuak_tripakiekin,bertakoa,"txitxirio, tripaki"
Txokolate bainua,txokolatea,azkenburukoak,marian,https://eu.wikibooks.org/wiki/Sukaldaritza_liburua/Errezetak/Txokolate_bainua,,txokolate
Txokolate biskuit izozkia,txokolatea,azkenburukoak,hotza,https://eu.wikibooks.org/wiki/Sukaldaritza_liburua/Errezetak/Txokolate_biskuit_izozkia,,"txokolate, biskuit"
Txokolate cakea,txokolatea,azkenburukoak,labekatu,https://eu.wikibooks.org/wiki/Sukaldaritza_liburua/Errezetak/Txokolate_cakea,,txokolate
Txokolate coulanta,txokolatea,azkenburukoak,labekatu,https://eu.wikibooks.org/wiki/Sukaldaritza_liburua/Errezetak/Txokolate_coulanta,,txokolate
Txokolate gailetak,"txokolatea, arrautza",azkenburukoak,labekatu,https://eu.wikibooks.org/wiki/Sukaldaritza_liburua/Errezetak/Txokolate_gailetak,,txokolate
Txokolate ganatxea,txokolatea,azkenburukoak,,https://eu.wikibooks.org/wiki/Sukaldaritza_liburua/Errezetak/Txokolate_ganatxea,frantzia,txokolate
Txokolate-izozkia,txokolatea,azkenburukoak,hotza,https://eu.wikibooks.org/wiki/Sukaldaritza_liburua/Errezetak/Txokolate_izozkia,,
Txokolate krema,txokolatea,azkenburukoak,kremak,https://eu.wikibooks.org/wiki/Sukaldaritza_liburua/Errezetak/Txokolate_krema,,txokolate
Txokolate moussea,txokolatea,azkenburukoak,,https://eu.wikibooks.org/wiki/Sukaldaritza_liburua/Errezetak/Txokolate_moussea,frantzia,txokolate
Txokolate muselina,txokolatea,azkenburukoak,,https://eu.wikibooks.org/wiki/Sukaldaritza_liburua/Errezetak/Txokolate_muselina,,txokolate
Txokolate-tarta,txokolatea,azkenburukoak,labekatu,https://eu.wikibooks.org/wiki/Sukaldaritza_liburua/Errezetak/Txokolate_tarta,,
Txokolate trufa,txokolatea,azkenburukoak,,https://eu.wikibooks.org/wiki/Sukaldaritza_liburua/Errezetak/Txokolate_trufa,,"txokolate, trufa"
Txokolate trufa bonboiak,txokolatea,azkenburukoak,,https://eu.wikibooks.org/wiki/Sukaldaritza_liburua/Errezetak/Txokolate_trufa_bonboiak,,"txokolate, trufa"
Txokolate trufa krema,txokolatea,azkenburukoak,kremak,https://eu.wikibooks.org/wiki/Sukaldaritza_liburua/Errezetak/Txokolate_trufa_krema,,"txokolate, trufa"
Txokolate-zuriaren moussea,txokolatea,azkenburukoak,,https://eu.wikibooks.org/wiki/Sukaldaritza_liburua/Errezetak/Txokolate_zuriaren_moussea,frantzia,txokolate-zuriaren
Txokolatezko bizkotxo eta marrubi kopa,"txokolatea, arrautza",azkenburukoak,labekatu,https://eu.wikibooks.org/wiki/Sukaldaritza_liburua/Errezetak/Txokolatezko_bizkotxo_eta_marrubi_kopa,,"txokolatezko, marrubi"
Txokolatezko-boilur tarta,"txokolatea, arrautza",azkenburukoak,labekatu,https://eu.wikibooks.org/wiki/Sukaldaritza_liburua/Errezetak/Txokolatezko_boilur_tarta,espainia,txokolatezko-boilur
Txokolatezko-boilurrak,txokolatea,azkenburukoak,,https://eu.wikibooks.org/wiki/Sukaldaritza_liburua/Errezetak/Txokolatezko_boilurrak,espainia,txokolatezko-boilurr
Txokolatezko euskal-pastela,txokolatea,azkenburukoak,labekatu,https://eu.wikibooks.org/wiki/Sukaldaritza_liburua/Errezetak/Txokolatezko_Euskal_pastela,,txokolatezko
Txokolatezko ijito-besoa,txokolatea,azkenburukoak,,https://eu.wikibooks.org/wiki/Sukaldaritza_liburua/Errezetak/Txokolatezko_ijito_besoa,,txokolatezko
Txokolatezko krepeak,"txokolatea, arrautza",azkenburukoak,,https://eu.wikibooks.org/wiki/Sukaldaritza_liburua/Errezetak/Txokolatezko_krepeak,frantzia,txokolatezko
Txokolatezko pastelak egiteko ohiko bizkotxo arina,txokolatea,azkenburukoak,labekatu,https://eu.wikibooks.org/wiki/Sukaldaritza_liburua/Errezetak/Txokolatezko_pastelak_egiteko_ohiko_bizkotxo_arina,,txokolatezko
Udaberri edo ziza-hori nahaskia,arrautza,lehen platerak,frijitu,https://eu.wikibooks.org/wiki/Sukaldaritza_liburua/Errezetak/Udaberri_edo_ziza_hori_nahaskia,,ziza-hori
Udaberriko txinatar biribilkiak,"barazkia, oliba olioa",lehen platerak,,https://eu.wikibooks.org/wiki/Sukaldaritza_liburua/Errezetak/Udaberriko_txinatar_biribilkiak,asia,
Udako entsalada,"barazkia, oliba olioa",lehen platerak,entsalada,https://eu.wikibooks.org/wiki/Sukaldaritza_liburua/Errezetak/Udako_entsalada,,
Udare purea,fruta,azkenburukoak,kremak,https://eu.wikibooks.org/wiki/Sukaldaritza_liburua/Errezetak/Udare_purea,,udare
Udarea ardotan,fruta,azkenburukoak,,https://eu.wikibooks.org/wiki/Sukaldaritza_liburua/Errezetak/Udarea_ardotan,bertakoa,"udarea, ardo"
Udareak urazukretan,fruta,azkenburukoak,,https://eu.wikibooks.org/wiki/Sukaldaritza_liburua/Errezetak/Udareak_urazukretan,,udare
Untxia eta txanpiñoiak oporto erara,oliba olioa,bigarren platerak,,https://eu.wikibooks.org/wiki/Sukaldaritza_liburua/Errezetak/Untxia_eta_txanpi%C3%B1oiak_oporto_erara,europa,"untxia, txanpiñoi, oporto"
Urraburua gatzetan,arraina,bigarren platerak,entsalada,https://eu.wikibooks.org/wiki/Sukaldaritza_liburua/Errezetak/Urraburua_gatzetan,,urraburua
Usoak saltsan,oliba olioa,bigarren platerak,,https://eu.wikibooks.org/wiki/Sukaldaritza_liburua/Errezetak/Usoak_saltsan,,uso
Zainzuriak udaberriko ozpin-olioarekin,"oliba olioa, arrautza",lehen platerak,entsalada,https://eu.wikibooks.org/wiki/Sukaldaritza_liburua/Errezetak/Zainzuri_freskoak_udaberriko_olio_ozpinarekin,,zainzuri
Zainzuri frijituak ziazerba kremarekin,"oliba olioa, arrautza",lehen platerak,frijitu,"https://eu.wikibooks.org/wiki/Sukaldaritza_liburua/Errezetak/Zainzuri_frijituak,_ziazerba_kremarekin",,"zainzuri, ziazerba"
Zainzuriak barazki ozpin-olioarekin,oliba olioa,lehen platerak,entsalada,https://eu.wikibooks.org/wiki/Sukaldaritza_liburua/Errezetak/Zainzuriak_barazki_ozpin-olioarekin,,"zainzuri, barazki"
Zapo kuia-txiki eta txanpiñoi brotxetak,"arraina, oliba olioa",bigarren platerak,plantxan,"https://eu.wikibooks.org/wiki/Sukaldaritza_liburua/Errezetak/Zapo,_kuia_txiki_eta_txanpi%C3%B1oi_brotxetak",bertakoa,"zapo, kuia-txiki, txanpiñoi"
