ingredient_group,recipe,order,technique,url
arraina,Antxoa arrautzaztatua,,,https://eu.wikibooks.org/wiki/Sukaldaritza_liburua/Errezetak/Antxoa_arrautzaztatua
arraina,Antxoa baratxuritan frijitua,,,https://eu.wikibooks.org/wiki/Sukaldaritza_liburua/Errezetak/Antxoa_baratxuritan_frijitua
arraina,Antxoa betea,,,https://eu.wikibooks.org/wiki/Sukaldaritza_liburua/Errezetak/Antxoa_betea
arraina,Antxoa frijituak,bigarren platerak,frijitu,https://eu.wikibooks.org/wiki/Sukaldaritza_liburua/Errezetak/Antxoa_frijituak
arraina,Antxoa kremaz beterikoa,,kremak,https://eu.wikibooks.org/wiki/Sukaldaritza_liburua/Errezetak/Antxoa_kremaz_beterikoa
arraina,Antxoa marinatu entsalada,,entsalada,https://eu.wikibooks.org/wiki/Sukaldaritza_liburua/Errezetak/Antxoa_marinatu_entsalada
arraina,Antxoa ozpinetan,,,https://eu.wikibooks.org/wiki/Sukaldaritza_liburua/Errezetak/Antxoa_ozpinetan
arraina,Antxoa papillote eran,,,https://eu.wikibooks.org/wiki/Sukaldaritza_liburua/Errezetak/Antxoa_papillote_eran
arraina,Antxoak tipulin eta baratxuri freskoekin,bigarren platerak,,https://eu.wikibooks.org/wiki/Sukaldaritza_liburua/Errezetak/Antxoak_tipulin_eta_baratxuri_freskoekin
arraina,Antxua arrautzeztatua,,,https://eu.wikibooks.org/wiki/Sukaldaritza_liburua/Errezetak/Antxua_arrautzeztatua
arraina,Antxua baratxuritan frijitua,,,https://eu.wikibooks.org/wiki/Sukaldaritza_liburua/Errezetak/Antxua_baratxuritan_frijitua
arraina,Antxua betea,,,https://eu.wikibooks.org/wiki/Sukaldaritza_liburua/Errezetak/Antxua_betea
arraina,Antxua ozpinetan,,,https://eu.wikibooks.org/wiki/Sukaldaritza_liburua/Errezetak/Antxua_ozpinetan
arraina,Antxua papillote eran,,,https://eu.wikibooks.org/wiki/Sukaldaritza_liburua/Errezetak/Antxua_papillote_eran
arraina,Arrain budina,,,https://eu.wikibooks.org/wiki/Sukaldaritza_liburua/Errezetak/Arrain_budina
arraina,Arrain salda,,,https://eu.wikibooks.org/wiki/Sukaldaritza_liburua/Errezetak/Arrain_salda
arraina,Arrain zopa,,zopak,https://eu.wikibooks.org/wiki/Sukaldaritza_liburua/Errezetak/Arrain_zopa
arraina,Atun mendrezka plantxan tomate eta otarrainxkekin,bigarren platerak,plantxan,https://eu.wikibooks.org/wiki/Sukaldaritza_liburua/Errezetak/Atun_mendrezka_plantxan_tomate_eta_otarrainxkekin
arraina,Atungorri carpaccioa,,,https://eu.wikibooks.org/wiki/Sukaldaritza_liburua/Errezetak/Atungorri_carpaccioa
arraina,Atungorri sashimia,,,https://eu.wikibooks.org/wiki/Sukaldaritza_liburua/Errezetak/Atungorri_sashimia
arraina,Bakailao brandada piperrekin eta ziazerbekin,bigarren platerak,,https://eu.wikibooks.org/wiki/Sukaldaritza_liburua/Errezetak/Bakailao_brandada_piperrekin_eta_ziazerbekin
arraina,"Bakailao carpaccioa, ziza eta pinaziekin",bigarren platerak,carpaccio,"https://eu.wikibooks.org/wiki/Sukaldaritza_liburua/Errezetak/Bakailao_carpaccioa,_ziza_eta_pinaziekin"
arraina,Bakailao edo legatz kroketak,,,https://eu.wikibooks.org/wiki/Sukaldaritza_liburua/Errezetak/Bakailao_edo_legatz_kroketak
arraina,Bakailao entsalada,,entsalada,https://eu.wikibooks.org/wiki/Sukaldaritza_liburua/Errezetak/Bakailao_entsalada
arraina,Bakailao eta piper erre entsalada epela,lehen platerak,entsalada,https://eu.wikibooks.org/wiki/Sukaldaritza_liburua/Errezetak/Bakailao_eta_piper_erre_entsalada_epela
arraina,Bakailao frijitua,,,https://eu.wikibooks.org/wiki/Sukaldaritza_liburua/Errezetak/Bakailao_frijitua
arraina,Bakailao kokotxak gari zainzuri eta piper freskoekin,bigarren platerak,,https://eu.wikibooks.org/wiki/Sukaldaritza_liburua/Errezetak/Bakailao_kokotxak_gari_zainzuri_eta_piper_freskoekin
arraina,Bakailao kokotxak saltsa berdean,,,https://eu.wikibooks.org/wiki/Sukaldaritza_liburua/Errezetak/Bakailao_kokotxak_saltsa_berdean
arraina,Bakailao konfitatua piperrekin,,,https://eu.wikibooks.org/wiki/Sukaldaritza_liburua/Errezetak/Bakailao_konfitatua_piperrekin
arraina,"Bakailao konfitatua, basmati arrozarekin eta ziazerbekin",bigarren platerak,,"https://eu.wikibooks.org/wiki/Sukaldaritza_liburua/Errezetak/Bakailao_konfitatua,_basmati_arrozarekin_eta_ziazerbekin"
arraina,Bakailao masailak saltsa berdean patatekin,,,https://eu.wikibooks.org/wiki/Sukaldaritza_liburua/Errezetak/Bakailao_masailak_saltsa_berdean_patatekin
arraina,Bakailao nahaskia,,,https://eu.wikibooks.org/wiki/Sukaldaritza_liburua/Errezetak/Bakailao_nahaskia
arraina,Bakailao tortilla,,,https://eu.wikibooks.org/wiki/Sukaldaritza_liburua/Errezetak/Bakailao_tortilla
arraina,Bakailaoa bizkaitar erara,,,https://eu.wikibooks.org/wiki/Sukaldaritza_liburua/Errezetak/Bakailaoa_bizkaitar_erara
arraina,Bakailaoa frijitua piper saltsa eta alioli gainerrea,,,https://eu.wikibooks.org/wiki/Sukaldaritza_liburua/Errezetak/Bakailaoa_frijitua_piper_saltsa_eta_alioli_gainerrea
arraina,Bakailaoa pil-pil erara,,,https://eu.wikibooks.org/wiki/Sukaldaritza_liburua/Errezetak/Bakailaoa_pil-pil_erara
arraina,Bakailaoaren brandada,,,https://eu.wikibooks.org/wiki/Sukaldaritza_liburua/Errezetak/Bakailaoaren_brandada
arraina,Bakailo piper beteak,,,https://eu.wikibooks.org/wiki/Sukaldaritza_liburua/Errezetak/Bakailo_piper_beteak
arraina,Barbarin frijituak,,,https://eu.wikibooks.org/wiki/Sukaldaritza_liburua/Errezetak/Barbarin_frijituak
arraina,Berdela eskabetxean,,,https://eu.wikibooks.org/wiki/Sukaldaritza_liburua/Errezetak/Berdela_eskabetxean
arraina,Berdela labean piperradarekin,bigarren platerak,labekatu,https://eu.wikibooks.org/wiki/Sukaldaritza_liburua/Errezetak/Berdela_labean_piperradarekin
arraina,Bisigua labean,,,https://eu.wikibooks.org/wiki/Sukaldaritza_liburua/Errezetak/Bisigua_labean
arraina,Bizkaitar saltsa,,,https://eu.wikibooks.org/wiki/Sukaldaritza_liburua/Errezetak/Bizkaitar_saltsa
arraina,Erreboiloa basmati arrozarekin eta lekekin,bigarren platerak,,https://eu.wikibooks.org/wiki/Sukaldaritza_liburua/Errezetak/Erreboiloa_basmati_arrozarekin_eta_lekekin
arraina,Ganbak baratxuritan,,,https://eu.wikibooks.org/wiki/Sukaldaritza_liburua/Errezetak/Ganbak_baratxuritan
arraina,Ganbak plantxan edo parrilan,,plantxan,https://eu.wikibooks.org/wiki/Sukaldaritza_liburua/Errezetak/Ganbak_plantxan_edo_parrilan
arraina,Ganbak plantxan edo zartaginean,,plantxan,https://eu.wikibooks.org/wiki/Sukaldaritza_liburua/Errezetak/Ganbak_plantxan_edo_zartaginean
arraina,Hegalaburra papillote eran,,,https://eu.wikibooks.org/wiki/Sukaldaritza_liburua/Errezetak/Hegalaburra_papillote_eran
arraina,Hegaluze edo arrain betegaia,,,https://eu.wikibooks.org/wiki/Sukaldaritza_liburua/Errezetak/Hegaluze_edo_arrain_betegaia
arraina,Hegaluze edo hegalabur salda,,,https://eu.wikibooks.org/wiki/Sukaldaritza_liburua/Errezetak/Hegaluze_edo_hegalabur_salda
arraina,Hegaluze edo hegalaburra ontziratua,,,https://eu.wikibooks.org/wiki/Sukaldaritza_liburua/Errezetak/Hegaluze_edo_hegalaburra_ontziratua
arraina,Hegaluze edo hegalaburra tipularekin,,,https://eu.wikibooks.org/wiki/Sukaldaritza_liburua/Errezetak/Hegaluze_edo_hegalaburra_tipularekin
arraina,Hegaluze edo hegalaburra tomatearekin,,,https://eu.wikibooks.org/wiki/Sukaldaritza_liburua/Errezetak/Hegaluze_edo_hegalaburra_tomatearekin
arraina,Hegaluze enpanada,,,https://eu.wikibooks.org/wiki/Sukaldaritza_liburua/Errezetak/Hegaluze_enpanada
arraina,Hegaluze enpanadilla,,,https://eu.wikibooks.org/wiki/Sukaldaritza_liburua/Errezetak/Hegaluze_enpanadilla
arraina,"Hegaluze entsalada, otarrainxka eta piper gorriz eginiko tar-tarrarekin",lehen platerak,entsalada,"https://eu.wikibooks.org/wiki/Sukaldaritza_liburua/Errezetak/Hegaluze_entsalada,_otarrainxka_eta_piper_gorriz_eginiko_tar-tarrarekin"
arraina,Hegaluze eta Ibarrako piper pintxoa,,,https://eu.wikibooks.org/wiki/Sukaldaritza_liburua/Errezetak/Hegaluze_eta_Ibarrako_piper_pintxoa
arraina,Hegaluze tartarra,,,https://eu.wikibooks.org/wiki/Sukaldaritza_liburua/Errezetak/Hegaluze_tartarra
arraina,"Hegaluze, ahuakate eta piper tartarra",bigarren platerak,,"https://eu.wikibooks.org/wiki/Sukaldaritza_liburua/Errezetak/Hegaluze,_ahuakate_eta_piper_tartarra"
arraina,"Hegaluzea Asiako erara, udaberriko entsaladan",bigarren platerak,entsalada,"https://eu.wikibooks.org/wiki/Sukaldaritza_liburua/Errezetak/Hegaluzea_Asiako_erara,_udaberriko_entsaladan"
arraina,Hegaluzea tomate konpotarekin,bigarren platerak,,https://eu.wikibooks.org/wiki/Sukaldaritza_liburua/Errezetak/Hegaluzea_tomate_konpotarekin
arraina,Itsas zapoa,,,https://eu.wikibooks.org/wiki/Sukaldaritza_liburua/Errezetak/Itsas_zapoa
arraina,Itsas zapoa koxkera erara,,,https://eu.wikibooks.org/wiki/Sukaldaritza_liburua/Errezetak/Itsas_zapoa_koxkera_erara
arraina,Itsas zapoa saltsa berdean txirlekin,,,https://eu.wikibooks.org/wiki/Sukaldaritza_liburua/Errezetak/Itsas_zapoa_saltsa_berdean_txirlekin
arraina,Itsaskiak sagardoarekin,,,https://eu.wikibooks.org/wiki/Sukaldaritza_liburua/Errezetak/Itsaskiak_sagardoarekin
arraina,Itsasoa eta sagardoa,,,https://eu.wikibooks.org/wiki/Sukaldaritza_liburua/Errezetak/Itsasoa_eta_sagardoa
arraina,Izokin kanape edo pintxoa,,,https://eu.wikibooks.org/wiki/Sukaldaritza_liburua/Errezetak/Izokin_kanape_edo_pintxoa
arraina,Izokin kremaz beteriko tartaletak,,kremak,https://eu.wikibooks.org/wiki/Sukaldaritza_liburua/Errezetak/Izokin_kremaz_beteriko_tartaletak
arraina,Izokin marinatua,,,https://eu.wikibooks.org/wiki/Sukaldaritza_liburua/Errezetak/Izokin_marinatua
arraina,Kokotxak leka eta tomate konpotarekin,bigarren platerak,,https://eu.wikibooks.org/wiki/Sukaldaritza_liburua/Errezetak/Kokotxak_leka_eta_tomate_konpotarekin
arraina,Legatz arrautzaztatua,,,https://eu.wikibooks.org/wiki/Sukaldaritza_liburua/Errezetak/Legatz_arrautzaztatua
arraina,Legatz betea,,,https://eu.wikibooks.org/wiki/Sukaldaritza_liburua/Errezetak/Legatz_betea
arraina,Legatz kokotea labean,,,https://eu.wikibooks.org/wiki/Sukaldaritza_liburua/Errezetak/Legatz_kokotea_labean
arraina,Legatz kokotxak arrautzaztatuak,,,https://eu.wikibooks.org/wiki/Sukaldaritza_liburua/Errezetak/Legatz_kokotxak_arrautzaztatuak
arraina,"Legatz xerrak plantxan, barazki eta baratxuri freskoekin",bigarren platerak,plantxan,"https://eu.wikibooks.org/wiki/Sukaldaritza_liburua/Errezetak/Legatz_xerrak_plantxan,_barazki_eta_baratxuri_freskoekin"
arraina,"Legatza barazkiekin, papillote erara",bigarren platerak,,"https://eu.wikibooks.org/wiki/Sukaldaritza_liburua/Errezetak/Legatza_barazkiekin,_papillote_erara"
arraina,Legatza kokotea,,,https://eu.wikibooks.org/wiki/Sukaldaritza_liburua/Errezetak/Legatza_kokotea
arraina,Legatza otarrainxka saldarekin eta txirlekin,bigarren platerak,,https://eu.wikibooks.org/wiki/Sukaldaritza_liburua/Errezetak/Legatza_otarrainxka_saldarekin_eta_txirlekin
arraina,"Legatza plantxan, barazkiekin",bigarren platerak,plantxan,"https://eu.wikibooks.org/wiki/Sukaldaritza_liburua/Errezetak/Legatza_plantxan,_barazkiekin"
arraina,"Legatza plantxan, kuia txikiarekin eta pipermorroekin",bigarren platerak,plantxan,"https://eu.wikibooks.org/wiki/Sukaldaritza_liburua/Errezetak/Legatza_plantxan,_kuia_txikiarekin_eta_pipermorroekin"
arraina,Legatza saltsa berdean txirla eta kokotxekin,,,https://eu.wikibooks.org/wiki/Sukaldaritza_liburua/Errezetak/Legatza_saltsa_berdean_txirla_eta_kokotxekin
arraina,Lupia labean,,,https://eu.wikibooks.org/wiki/Sukaldaritza_liburua/Errezetak/Lupia_labean
arraina,"Lupia, sagardo eta itsaski lurrinekin",,,"https://eu.wikibooks.org/wiki/Sukaldaritza_liburua/Errezetak/Lupia,_sagardo_eta_itsaski_lurrinekin"
arraina,Marmitakoa 2,bigarren platerak,,https://eu.wikibooks.org/wiki/Sukaldaritza_liburua/Errezetak/Marmitakoa_2
arraina,Mendrezka errea,,erre,https://eu.wikibooks.org/wiki/Sukaldaritza_liburua/Errezetak/Mendrezka_errea
arraina,Perloi egosia patatekin,,,https://eu.wikibooks.org/wiki/Sukaldaritza_liburua/Errezetak/Perloi_egosia_patatekin
arraina,Tipula eta piper sueztitzea,,sueztitu,https://eu.wikibooks.org/wiki/Sukaldaritza_liburua/Errezetak/Tipula_eta_piper_sueztitzea
arraina,Ttoro zopa,,,https://eu.wikibooks.org/wiki/Sukaldaritza_liburua/Errezetak/Ttoro_zopa
arraina,Txitxardin entsalada,,,https://eu.wikibooks.org/wiki/Sukaldaritza_liburua/Errezetak/Txitxardin_entsalada
arraina,Txitxardinak betiko eran,,,https://eu.wikibooks.org/wiki/Sukaldaritza_liburua/Errezetak/Txitxardinak_betiko_eran
arraina,Txitxarroa eskabetxean,,,https://eu.wikibooks.org/wiki/Sukaldaritza_liburua/Errezetak/Txitxarroa_eskabetxean
arraina,Txitxarroa labean,,,https://eu.wikibooks.org/wiki/Sukaldaritza_liburua/Errezetak/Txitxarroa_labean
arraina,Txitxarroa piperrada eta patata purearekin,bigarren platerak,,https://eu.wikibooks.org/wiki/Sukaldaritza_liburua/Errezetak/Txitxarroa_piperrada_eta_patata_purearekin
arraina,"Txitxarroa plantxan piper erre, tipula eta gari zainzuriekin",bigarren platerak,plantxan,"https://eu.wikibooks.org/wiki/Sukaldaritza_liburua/Errezetak/Txitxarroa_plantxan_piper_erre,_tipula_eta_gari_zainzuriekin"
arraina,Urraburua gatzetan,,,https://eu.wikibooks.org/wiki/Sukaldaritza_liburua/Errezetak/Urraburua_gatzetan
arraina,"Zapo, kuia txiki eta txanpiñoi brotxetak",bigarren platerak,,"https://eu.wikibooks.org/wiki/Sukaldaritza_liburua/Errezetak/Zapo,_kuia_txiki_eta_txanpi%C3%B1oi_brotxetak"
arrautza,Ananaz beteriko krepeak,azkenburukoak,,https://eu.wikibooks.org/wiki/Sukaldaritza_liburua/Errezetak/Ananaz_beteriko_krepeak
arrautza,Arrautza budina,,,https://eu.wikibooks.org/wiki/Sukaldaritza_liburua/Errezetak/Arrautza_budina
arrautza,Arrautza egosia,,,https://eu.wikibooks.org/wiki/Sukaldaritza_liburua/Errezetak/Arrautza_egosia
arrautza,Arrautza frijitua,,,https://eu.wikibooks.org/wiki/Sukaldaritza_liburua/Errezetak/Arrautza_frijitua
arrautza,Arrautza galdarraztatua,,,https://eu.wikibooks.org/wiki/Sukaldaritza_liburua/Errezetak/Arrautza_galdarraztatua
arrautza,Arrautza habia,,,https://eu.wikibooks.org/wiki/Sukaldaritza_liburua/Errezetak/Arrautza_habia
arrautza,Arrautza mollet eran,,,https://eu.wikibooks.org/wiki/Sukaldaritza_liburua/Errezetak/Arrautza_mollet_eran
arrautza,"Arrautza, uretan pasea",,,"https://eu.wikibooks.org/wiki/Sukaldaritza_liburua/Errezetak/Arrautza,_uretan_pasea"
arrautza,Arrautzak kardu eta kutixiekin,bigarren platerak,,https://eu.wikibooks.org/wiki/Sukaldaritza_liburua/Errezetak/Arrautzak_kardu_eta_kutixiekin
arrautza,Arrautzarekin labean eginiko gazta tarta,,,https://eu.wikibooks.org/wiki/Sukaldaritza_liburua/Errezetak/Arrautzarekin_labean_eginiko_gazta_tarta
arrautza,"Arroz odolkia, piper eta galeper arrautzekin",lehen platerak,,"https://eu.wikibooks.org/wiki/Sukaldaritza_liburua/Errezetak/Arroz_odolkia,_piper_eta_galeper_arrautzekin"
arrautza,Arto irin tortillak,,,https://eu.wikibooks.org/wiki/Sukaldaritza_liburua/Errezetak/Arto_irin_tortillak
arrautza,Bakailao tortilla,,,https://eu.wikibooks.org/wiki/Sukaldaritza_liburua/Errezetak/Bakailao_tortilla
arrautza,Baratxuri zopa 2,lehen platerak,zopak,https://eu.wikibooks.org/wiki/Sukaldaritza_liburua/Errezetak/Baratxuri_zopa_2
arrautza,Baratxuri zopa bakailaoarekin,lehen platerak,zopak,https://eu.wikibooks.org/wiki/Sukaldaritza_liburua/Errezetak/Baratxuri_zopa_bakailaoarekin
arrautza,Barazki eta txekor azpizun erregosia,lehen platerak,erregosi,https://eu.wikibooks.org/wiki/Sukaldaritza_liburua/Errezetak/Barazki_eta_txekor_azpizun_erregosia
arrautza,Barazki krepeak,lehen platerak,,https://eu.wikibooks.org/wiki/Sukaldaritza_liburua/Errezetak/Barazki_krepeak
arrautza,Barazki menestra 2,lehen platerak,,https://eu.wikibooks.org/wiki/Sukaldaritza_liburua/Errezetak/Barazki_menestra_2
arrautza,Barazki tortilla,,,https://eu.wikibooks.org/wiki/Sukaldaritza_liburua/Errezetak/Barazki_tortilla
arrautza,Esne frijituak,azkenburukoak,,https://eu.wikibooks.org/wiki/Sukaldaritza_liburua/Errezetak/Esne_frijituak
arrautza,Etxeko bizkotxoa marrubiekin eta esne gainarekin,azkenburukoak,,https://eu.wikibooks.org/wiki/Sukaldaritza_liburua/Errezetak/Etxeko_bizkotxoa_marrubiekin_eta_esne_gainarekin
arrautza,Etxeko gailetak kremaz beteak,azkenburukoak,kremak,https://eu.wikibooks.org/wiki/Sukaldaritza_liburua/Errezetak/Etxeko_gailetak_kremaz_beteak
arrautza,Flamenka eran eginiko arrautzak,,,https://eu.wikibooks.org/wiki/Sukaldaritza_liburua/Errezetak/Flamenka_eran_eginiko_arrautzak
arrautza,Galeper arrautza pintxoa,,,https://eu.wikibooks.org/wiki/Sukaldaritza_liburua/Errezetak/Galeper_arrautza_pintxoa
arrautza,Galeperra arrautza egosia,,,https://eu.wikibooks.org/wiki/Sukaldaritza_liburua/Errezetak/Galeperra_arrautza_egosia
arrautza,Kafe budina,,,https://eu.wikibooks.org/wiki/Sukaldaritza_liburua/Errezetak/Kafe_budina
arrautza,"Kardua, urdaiazpiko eta arrautza eskalfatuarekin",lehen platerak,,"https://eu.wikibooks.org/wiki/Sukaldaritza_liburua/Errezetak/Kardua,_urdaiazpiko_eta_arrautza_eskalfatuarekin"
arrautza,Krema ingelesa,azkenburukoak,kremak,https://eu.wikibooks.org/wiki/Sukaldaritza_liburua/Errezetak/Krema_ingelesa
arrautza,Krema opila,,,https://eu.wikibooks.org/wiki/Sukaldaritza_liburua/Errezetak/Krema_opila
arrautza,Kremaz beteriko krepeak,azkenburukoak,kremak,https://eu.wikibooks.org/wiki/Sukaldaritza_liburua/Errezetak/Kremaz_beteriko_krepeak
arrautza,Marrubi eta kremazko hostopilak,azkenburukoak,kremak,https://eu.wikibooks.org/wiki/Sukaldaritza_liburua/Errezetak/Marrubi_eta_kremazko_hostopilak
arrautza,Marrubi tarta 2,azkenburukoak,,https://eu.wikibooks.org/wiki/Sukaldaritza_liburua/Errezetak/Marrubi_tarta_2
arrautza,Natilak,azkenburukoak,,https://eu.wikibooks.org/wiki/Sukaldaritza_liburua/Errezetak/Natilak
arrautza,Neguko boilur beltzen nahaskia,lehen platerak,,https://eu.wikibooks.org/wiki/Sukaldaritza_liburua/Errezetak/Neguko_boilur_beltzen_nahaskia
arrautza,Ogi opilak,azkenburukoak,,https://eu.wikibooks.org/wiki/Sukaldaritza_liburua/Errezetak/Ogi_opilak
arrautza,Oilasko eta arrautza kroketak,,,https://eu.wikibooks.org/wiki/Sukaldaritza_liburua/Errezetak/Oilasko_eta_arrautza_kroketak
arrautza,Oilasko kroketak,lehen platerak,,https://eu.wikibooks.org/wiki/Sukaldaritza_liburua/Errezetak/Oilasko_kroketak
arrautza,Onddo berria gorringoarekin,lehen platerak,,https://eu.wikibooks.org/wiki/Sukaldaritza_liburua/Errezetak/Onddo_berria_gorringoarekin
arrautza,Ontzian eginiko arrautza,,,https://eu.wikibooks.org/wiki/Sukaldaritza_liburua/Errezetak/Ontzian_eginiko_arrautza
arrautza,"Orburua, arroz odolkia eta arrautza gorringoa plantxan",lehen platerak,plantxan,"https://eu.wikibooks.org/wiki/Sukaldaritza_liburua/Errezetak/Orburua,_arroz_odolkia_eta_arrautza_gorringoa_plantxan"
arrautza,Orburuak urdaiazpiko eta arrautza galdarraztatuekin,lehen platerak,,https://eu.wikibooks.org/wiki/Sukaldaritza_liburua/Errezetak/Orburuak_urdaiazpiko_eta_arrautza_galdarraztatuekin
arrautza,Otarrainxkak ziza kremarekin eta arrautzekin,bigarren platerak,kremak,https://eu.wikibooks.org/wiki/Sukaldaritza_liburua/Errezetak/Otarrainxkak_ziza_kremarekin_eta_arrautzekin
arrautza,Pasta freskoa 2,lehen platerak,,https://eu.wikibooks.org/wiki/Sukaldaritza_liburua/Errezetak/Pasta_freskoa_2
arrautza,Patata tortila,bigarren platerak,,https://eu.wikibooks.org/wiki/Sukaldaritza_liburua/Errezetak/Patata_tortila
arrautza,Patata tortilla,,,https://eu.wikibooks.org/wiki/Sukaldaritza_liburua/Errezetak/Patata_tortilla
arrautza,Petit-suisseak krema eta txokolate beroarekin,azkenburukoak,kremak,https://eu.wikibooks.org/wiki/Sukaldaritza_liburua/Errezetak/Petit-suisseak_krema_eta_txokolate_beroarekin
arrautza,Prantxikaren bizkotxoa,azkenburukoak,,https://eu.wikibooks.org/wiki/Sukaldaritza_liburua/Errezetak/Prantxikaren_bizkotxoa
arrautza,Sagar tarta 2,azkenburukoak,,https://eu.wikibooks.org/wiki/Sukaldaritza_liburua/Errezetak/Sagar_tarta_2
arrautza,Tiramisu,azkenburukoak,,https://eu.wikibooks.org/wiki/Sukaldaritza_liburua/Errezetak/Tiramisu
arrautza,Tiramisu moussea arroz esne kremarekin,azkenburukoak,kremak,https://eu.wikibooks.org/wiki/Sukaldaritza_liburua/Errezetak/Tiramisu_moussea_arroz_esne_kremarekin
arrautza,Trufazko txokolate tarta,azkenburukoak,,https://eu.wikibooks.org/wiki/Sukaldaritza_liburua/Errezetak/Trufazko_txokolate_tarta
arrautza,Txekor muturrak bizkaitar saltsan,bigarren platerak,,https://eu.wikibooks.org/wiki/Sukaldaritza_liburua/Errezetak/Txekor_muturrak_bizkaitar_saltsan
arrautza,Txokolate gailetak,azkenburukoak,,https://eu.wikibooks.org/wiki/Sukaldaritza_liburua/Errezetak/Txokolate_gailetak
arrautza,Txokolatezko bizkotxo eta marrubi kopa,azkenburukoak,,https://eu.wikibooks.org/wiki/Sukaldaritza_liburua/Errezetak/Txokolatezko_bizkotxo_eta_marrubi_kopa
arrautza,Txokolatezko boilur tarta,azkenburukoak,,https://eu.wikibooks.org/wiki/Sukaldaritza_liburua/Errezetak/Txokolatezko_boilur_tarta
arrautza,Txokolatezko krepeak,azkenburukoak,,https://eu.wikibooks.org/wiki/Sukaldaritza_liburua/Errezetak/Txokolatezko_krepeak
arrautza,Udaberri edo ziza hori nahaskia,,,https://eu.wikibooks.org/wiki/Sukaldaritza_liburua/Errezetak/Udaberri_edo_ziza_hori_nahaskia
arrautza,Zainzuri freskoak udaberriko olio ozpinarekin,lehen platerak,,https://eu.wikibooks.org/wiki/Sukaldaritza_liburua/Errezetak/Zainzuri_freskoak_udaberriko_olio_ozpinarekin
arrautza,"Zainzuri frijituak, ziazerba kremarekin",lehen platerak,frijitu,"https://eu.wikibooks.org/wiki/Sukaldaritza_liburua/Errezetak/Zainzuri_frijituak,_ziazerba_kremarekin"
arrautza,“ Tomate nahaskia,,,https://eu.wikibooks.org/wiki/Sukaldaritza_liburua/Errezetak/%E2%80%9C_Tomate_nahaskia
arroza,Arroz beltza,,,https://eu.wikibooks.org/wiki/Sukaldaritza_liburua/Errezetak/Arroz_beltza
arroza,Arroz entsalada,,entsalada,https://eu.wikibooks.org/wiki/Sukaldaritza_liburua/Errezetak/Arroz_entsalada
arroza,Arroz esnea,azkenburukoak,,https://eu.wikibooks.org/wiki/Sukaldaritza_liburua/Errezetak/Arroz_esnea
arroza,Arroz esnea 2,azkenburukoak,,https://eu.wikibooks.org/wiki/Sukaldaritza_liburua/Errezetak/Arroz_esnea_2
arroza,Arroz hindua,,,https://eu.wikibooks.org/wiki/Sukaldaritza_liburua/Errezetak/Arroz_hindua
arroza,"Arroz odolkia, piper eta galeper arrautzekin",lehen platerak,,"https://eu.wikibooks.org/wiki/Sukaldaritza_liburua/Errezetak/Arroz_odolkia,_piper_eta_galeper_arrautzekin"
arroza,Arroz osoa barazki salteatuekin,,,https://eu.wikibooks.org/wiki/Sukaldaritza_liburua/Errezetak/Arroz_osoa_barazki_salteatuekin
arroza,Arroz osoa barazkiekin,,,https://eu.wikibooks.org/wiki/Sukaldaritza_liburua/Errezetak/Arroz_osoa_barazkiekin
arroza,Arroz txuria,,,https://eu.wikibooks.org/wiki/Sukaldaritza_liburua/Errezetak/Arroz_txuria
arroza,Arroz zopa,,zopak,https://eu.wikibooks.org/wiki/Sukaldaritza_liburua/Errezetak/Arroz_zopa
arroza,Arroz zuri egosia,,,https://eu.wikibooks.org/wiki/Sukaldaritza_liburua/Errezetak/Arroz_zuri_egosia
arroza,Arroz zuria txirlekin,,,https://eu.wikibooks.org/wiki/Sukaldaritza_liburua/Errezetak/Arroz_zuria_txirlekin
arroza,Arroz-odolki kruxpetak,lehen platerak,,https://eu.wikibooks.org/wiki/Sukaldaritza_liburua/Errezetak/Arroz-odolki_kruxpetak
arroza,Arroza abakandoarekin,,,https://eu.wikibooks.org/wiki/Sukaldaritza_liburua/Errezetak/Arroza_abakandoarekin
arroza,Arroza barazkiekin,,,https://eu.wikibooks.org/wiki/Sukaldaritza_liburua/Errezetak/Arroza_barazkiekin
arroza,Arroza japoniar eran egosia,,,https://eu.wikibooks.org/wiki/Sukaldaritza_liburua/Errezetak/Arroza_japoniar_eran_egosia
arroza,Arroza oilasko eta curryarekin,lehen platerak,,https://eu.wikibooks.org/wiki/Sukaldaritza_liburua/Errezetak/Arroza_oilasko_eta_curryarekin
arroza,Arroza oilaskoarekin,,,https://eu.wikibooks.org/wiki/Sukaldaritza_liburua/Errezetak/Arroza_oilaskoarekin
arroza,Arroza Txibiekin,,,https://eu.wikibooks.org/wiki/Sukaldaritza_liburua/Errezetak/Arroza_Txibiekin
arroza,Arroza txipiroiekin,lehen platerak,,https://eu.wikibooks.org/wiki/Sukaldaritza_liburua/Errezetak/Arroza_txipiroiekin
arroza,Arroza Txipiroiekin,,,https://eu.wikibooks.org/wiki/Sukaldaritza_liburua/Errezetak/Arroza_Txipiroiekin
arroza,Arrozezko odolki kruxpetak piper kremarekin,lehen platerak,kremak,https://eu.wikibooks.org/wiki/Sukaldaritza_liburua/Errezetak/Arrozezko_odolki_kruxpetak_piper_kremarekin
arroza,Askotariko paella,,,https://eu.wikibooks.org/wiki/Sukaldaritza_liburua/Errezetak/Askotariko_paella
arroza,"Bakailao konfitatua, basmati arrozarekin eta ziazerbekin",bigarren platerak,,"https://eu.wikibooks.org/wiki/Sukaldaritza_liburua/Errezetak/Bakailao_konfitatua,_basmati_arrozarekin_eta_ziazerbekin"
arroza,Barazki eta otarrainxka risottoa,lehen platerak,,https://eu.wikibooks.org/wiki/Sukaldaritza_liburua/Errezetak/Barazki_eta_otarrainxka_risottoa
arroza,Barazki eta txipiroi risotoa,lehen platerak,,https://eu.wikibooks.org/wiki/Sukaldaritza_liburua/Errezetak/Barazki_eta_txipiroi_risotoa
arroza,Barazki eta txipiroi risottoa,lehen platerak,,https://eu.wikibooks.org/wiki/Sukaldaritza_liburua/Errezetak/Barazki_eta_txipiroi_risottoa
arroza,Barazki eta zapo risotoa,lehen platerak,,https://eu.wikibooks.org/wiki/Sukaldaritza_liburua/Errezetak/Barazki_eta_zapo_risotoa
arroza,Basa arroza barazkiekin,,,https://eu.wikibooks.org/wiki/Sukaldaritza_liburua/Errezetak/Basa_arroza_barazkiekin
arroza,"Basa arroza, arroz zuriarekin",,,"https://eu.wikibooks.org/wiki/Sukaldaritza_liburua/Errezetak/Basa_arroza,_arroz_zuriarekin"
arroza,Basmati arroza entsaladan,lehen platerak,entsalada,https://eu.wikibooks.org/wiki/Sukaldaritza_liburua/Errezetak/Basmati_arroza_entsaladan
arroza,Erreboiloa basmati arrozarekin eta lekekin,bigarren platerak,,https://eu.wikibooks.org/wiki/Sukaldaritza_liburua/Errezetak/Erreboiloa_basmati_arrozarekin_eta_lekekin
arroza,Fouti arroza,,,https://eu.wikibooks.org/wiki/Sukaldaritza_liburua/Errezetak/Fouti_arroza
arroza,Hiru gutiziko arroza,,,https://eu.wikibooks.org/wiki/Sukaldaritza_liburua/Errezetak/Hiru_gutiziko_arroza
arroza,Itsas paella,lehen platerak,,https://eu.wikibooks.org/wiki/Sukaldaritza_liburua/Errezetak/Itsas_paella
arroza,Itsaski paella,,,https://eu.wikibooks.org/wiki/Sukaldaritza_liburua/Errezetak/Itsaski_paella
arroza,Lurrunetan eginiko arroza,,,https://eu.wikibooks.org/wiki/Sukaldaritza_liburua/Errezetak/Lurrunetan_eginiko_arroza
arroza,"Orburua, arroz odolkia eta arrautza gorringoa plantxan",lehen platerak,plantxan,"https://eu.wikibooks.org/wiki/Sukaldaritza_liburua/Errezetak/Orburua,_arroz_odolkia_eta_arrautza_gorringoa_plantxan"
arroza,Paella Valentziarra,,,https://eu.wikibooks.org/wiki/Sukaldaritza_liburua/Errezetak/Paella_Valentziarra
arroza,Sushi egiteko ozpina,,,https://eu.wikibooks.org/wiki/Sukaldaritza_liburua/Errezetak/Sushi_egiteko_ozpina
arroza,Tiramisu moussea arroz esne kremarekin,azkenburukoak,kremak,https://eu.wikibooks.org/wiki/Sukaldaritza_liburua/Errezetak/Tiramisu_moussea_arroz_esne_kremarekin
arroza,"Txanpinoi txapelak plantxan, arroz odolkiarekin",lehen platerak,plantxan,"https://eu.wikibooks.org/wiki/Sukaldaritza_liburua/Errezetak/Txanpinoi_txapelak_plantxan,_arroz_odolkiarekin"
arroza,Txekor masailak onddoekin eta arrozarekin,bigarren platerak,,https://eu.wikibooks.org/wiki/Sukaldaritza_liburua/Errezetak/Txekor_masailak_onddoekin_eta_arrozarekin
barazkia,Ahuntz gazta entsalada,,entsalada,https://eu.wikibooks.org/wiki/Sukaldaritza_liburua/Errezetak/Ahuntz_gazta_entsalada
barazkia,Arkume izterra labean barazkiekin,bigarren platerak,labekatu,https://eu.wikibooks.org/wiki/Sukaldaritza_liburua/Errezetak/Arkume_izterra_labean_barazkiekin
barazkia,Arroz entsalada,,entsalada,https://eu.wikibooks.org/wiki/Sukaldaritza_liburua/Errezetak/Arroz_entsalada
barazkia,Azenario purea,,,https://eu.wikibooks.org/wiki/Sukaldaritza_liburua/Errezetak/Azenario_purea
barazkia,"Bakailao konfitatua, basmati arrozarekin eta ziazerbekin",bigarren platerak,,"https://eu.wikibooks.org/wiki/Sukaldaritza_liburua/Errezetak/Bakailao_konfitatua,_basmati_arrozarekin_eta_ziazerbekin"
barazkia,Barazki betegaia,,,https://eu.wikibooks.org/wiki/Sukaldaritza_liburua/Errezetak/Barazki_betegaia
barazkia,Barazki budina,,,https://eu.wikibooks.org/wiki/Sukaldaritza_liburua/Errezetak/Barazki_budina
barazkia,Barazki estrudela,,,https://eu.wikibooks.org/wiki/Sukaldaritza_liburua/Errezetak/Barazki_estrudela
barazkia,Barazki eta otarrainxka risottoa,lehen platerak,,https://eu.wikibooks.org/wiki/Sukaldaritza_liburua/Errezetak/Barazki_eta_otarrainxka_risottoa
barazkia,Barazki eta txekor azpizun erregosia,lehen platerak,erregosi,https://eu.wikibooks.org/wiki/Sukaldaritza_liburua/Errezetak/Barazki_eta_txekor_azpizun_erregosia
barazkia,Barazki eta txipiroi entsalada,lehen platerak,entsalada,https://eu.wikibooks.org/wiki/Sukaldaritza_liburua/Errezetak/Barazki_eta_txipiroi_entsalada
barazkia,Barazki eta txipiroi risotoa,lehen platerak,,https://eu.wikibooks.org/wiki/Sukaldaritza_liburua/Errezetak/Barazki_eta_txipiroi_risotoa
barazkia,Barazki eta txipiroi risottoa,lehen platerak,,https://eu.wikibooks.org/wiki/Sukaldaritza_liburua/Errezetak/Barazki_eta_txipiroi_risottoa
barazkia,Barazki eta zapo risotoa,lehen platerak,,https://eu.wikibooks.org/wiki/Sukaldaritza_liburua/Errezetak/Barazki_eta_zapo_risotoa
barazkia,Barazki koka,,,https://eu.wikibooks.org/wiki/Sukaldaritza_liburua/Errezetak/Barazki_koka
barazkia,Barazki krepeak,lehen platerak,,https://eu.wikibooks.org/wiki/Sukaldaritza_liburua/Errezetak/Barazki_krepeak
barazkia,Barazki lasagna,,,https://eu.wikibooks.org/wiki/Sukaldaritza_liburua/Errezetak/Barazki_lasagna
barazkia,Barazki menestra,,,https://eu.wikibooks.org/wiki/Sukaldaritza_liburua/Errezetak/Barazki_menestra
barazkia,Barazki menestra 2,lehen platerak,,https://eu.wikibooks.org/wiki/Sukaldaritza_liburua/Errezetak/Barazki_menestra_2
barazkia,Barazki moussaka,,,https://eu.wikibooks.org/wiki/Sukaldaritza_liburua/Errezetak/Barazki_moussaka
barazkia,Barazki panatxea,,,https://eu.wikibooks.org/wiki/Sukaldaritza_liburua/Errezetak/Barazki_panatxea
barazkia,Barazki purea,,,https://eu.wikibooks.org/wiki/Sukaldaritza_liburua/Errezetak/Barazki_purea
barazkia,Barazki salda,,,https://eu.wikibooks.org/wiki/Sukaldaritza_liburua/Errezetak/Barazki_salda
barazkia,Barazki salteatua,,,https://eu.wikibooks.org/wiki/Sukaldaritza_liburua/Errezetak/Barazki_salteatua
barazkia,Barazki saltsa,,,https://eu.wikibooks.org/wiki/Sukaldaritza_liburua/Errezetak/Barazki_saltsa
barazkia,Barazki tortilla,,,https://eu.wikibooks.org/wiki/Sukaldaritza_liburua/Errezetak/Barazki_tortilla
barazkia,Barazkia tenpuran frijitua,,frijitu,https://eu.wikibooks.org/wiki/Sukaldaritza_liburua/Errezetak/Barazkia_tenpuran_frijitua
barazkia,Barazkiak dadotean sueztituak,,,https://eu.wikibooks.org/wiki/Sukaldaritza_liburua/Errezetak/Barazkiak_dadotean_sueztituak
barazkia,Bruselazak borraja eta urdaiazpikoarekin,lehen platerak,,https://eu.wikibooks.org/wiki/Sukaldaritza_liburua/Errezetak/Bruselazak_borraja_eta_urdaiazpikoarekin
barazkia,Caprese entsalada,,entsalada,https://eu.wikibooks.org/wiki/Sukaldaritza_liburua/Errezetak/Caprese_entsalada
barazkia,Cesar entsalada,,entsalada,https://eu.wikibooks.org/wiki/Sukaldaritza_liburua/Errezetak/Cesar_entsalada
barazkia,Erreboiloa basmati arrozarekin eta lekekin,bigarren platerak,,https://eu.wikibooks.org/wiki/Sukaldaritza_liburua/Errezetak/Erreboiloa_basmati_arrozarekin_eta_lekekin
barazkia,Erremolatxa egosia,,,https://eu.wikibooks.org/wiki/Sukaldaritza_liburua/Errezetak/Erremolatxa_egosia
barazkia,Fideua barazki eta muskuiluekin,lehen platerak,,https://eu.wikibooks.org/wiki/Sukaldaritza_liburua/Errezetak/Fideua_barazki_eta_muskuiluekin
barazkia,Fideua otarrainxka eta barazkiekin,lehen platerak,,https://eu.wikibooks.org/wiki/Sukaldaritza_liburua/Errezetak/Fideua_otarrainxka_eta_barazkiekin
barazkia,"Fideua, barazki eta otarrainxkekin",lehen platerak,,"https://eu.wikibooks.org/wiki/Sukaldaritza_liburua/Errezetak/Fideua,_barazki_eta_otarrainxkekin"
barazkia,Frantziar lekak perretxiko eta otarrainxkekin,lehen platerak,,https://eu.wikibooks.org/wiki/Sukaldaritza_liburua/Errezetak/Frantziar_lekak_perretxiko_eta_otarrainxkekin
barazkia,Frijitzeko orea,,frijitu,https://eu.wikibooks.org/wiki/Sukaldaritza_liburua/Errezetak/Frijitzeko_orea
barazkia,Garaiko barazki burruntzia,lehen platerak,,https://eu.wikibooks.org/wiki/Sukaldaritza_liburua/Errezetak/Garaiko_barazki_burruntzia
barazkia,"Hegaluze entsalada, otarrainxka eta piper gorriz eginiko tar-tarrarekin",lehen platerak,entsalada,"https://eu.wikibooks.org/wiki/Sukaldaritza_liburua/Errezetak/Hegaluze_entsalada,_otarrainxka_eta_piper_gorriz_eginiko_tar-tarrarekin"
barazkia,"Hegaluze, ahuakate eta piper tartarra",bigarren platerak,,"https://eu.wikibooks.org/wiki/Sukaldaritza_liburua/Errezetak/Hegaluze,_ahuakate_eta_piper_tartarra"
barazkia,"Hegaluzea Asiako erara, udaberriko entsaladan",bigarren platerak,entsalada,"https://eu.wikibooks.org/wiki/Sukaldaritza_liburua/Errezetak/Hegaluzea_Asiako_erara,_udaberriko_entsaladan"
barazkia,Hostopil koka,lehen platerak,,https://eu.wikibooks.org/wiki/Sukaldaritza_liburua/Errezetak/Hostopil_koka
barazkia,Hostopila odolki eta barazkiz beteta,lehen platerak,,https://eu.wikibooks.org/wiki/Sukaldaritza_liburua/Errezetak/Hostopila_odolki_eta_barazkiz_beteta
barazkia,"Kardua, urdaiazpiko eta arrautza eskalfatuarekin",lehen platerak,,"https://eu.wikibooks.org/wiki/Sukaldaritza_liburua/Errezetak/Kardua,_urdaiazpiko_eta_arrautza_eskalfatuarekin"
barazkia,"Legatz xerrak plantxan, barazki eta baratxuri freskoekin",bigarren platerak,plantxan,"https://eu.wikibooks.org/wiki/Sukaldaritza_liburua/Errezetak/Legatz_xerrak_plantxan,_barazki_eta_baratxuri_freskoekin"
barazkia,"Legatza plantxan, barazkiekin",bigarren platerak,plantxan,"https://eu.wikibooks.org/wiki/Sukaldaritza_liburua/Errezetak/Legatza_plantxan,_barazkiekin"
barazkia,"Legatza plantxan, kuia txikiarekin eta pipermorroekin",bigarren platerak,plantxan,"https://eu.wikibooks.org/wiki/Sukaldaritza_liburua/Errezetak/Legatza_plantxan,_kuia_txikiarekin_eta_pipermorroekin"
barazkia,Leka eta txanpiak otarrainxkekin,lehen platerak,,https://eu.wikibooks.org/wiki/Sukaldaritza_liburua/Errezetak/Leka_eta_txanpiak_otarrainxkekin
barazkia,Leka freskoak txipiroi eta tipula goxatuarekin,lehen platerak,,https://eu.wikibooks.org/wiki/Sukaldaritza_liburua/Errezetak/Leka_freskoak_txipiroi_eta_tipula_goxatuarekin
barazkia,Odolkiz beteriko brik orriak babarrun kremarekin,lehen platerak,kremak,https://eu.wikibooks.org/wiki/Sukaldaritza_liburua/Errezetak/Odolkiz_beteriko_brik_orriak_babarrun_kremarekin
barazkia,Olagarro entsalada epela,lehen platerak,entsalada,https://eu.wikibooks.org/wiki/Sukaldaritza_liburua/Errezetak/Olagarro_entsalada_epela
barazkia,Otarrainxkaz eta barazkiz beteriko kirriskatsuak,lehen platerak,frijitu,https://eu.wikibooks.org/wiki/Sukaldaritza_liburua/Errezetak/Otarrainxkaz_eta_barazkiz_beteriko_kirriskatsuak
barazkia,Perrexil olio saltsa,,,https://eu.wikibooks.org/wiki/Sukaldaritza_liburua/Errezetak/Perrexil_olio_saltsa
barazkia,Pesto saltsa,,,https://eu.wikibooks.org/wiki/Sukaldaritza_liburua/Errezetak/Pesto_saltsa
barazkia,Tabbuleh entsalada,,,https://eu.wikibooks.org/wiki/Sukaldaritza_liburua/Errezetak/Tabbuleh_entsalada
barazkia,Tagliatelle freskoak barazki eta curryarekin,lehen platerak,,https://eu.wikibooks.org/wiki/Sukaldaritza_liburua/Errezetak/Tagliatelle_freskoak_barazki_eta_curryarekin
barazkia,Tuterako kukuluak brie gazta eta txipiroiekin,lehen platerak,,https://eu.wikibooks.org/wiki/Sukaldaritza_liburua/Errezetak/Tuterako_kukuluak_brie_gazta_eta_txipiroiekin
barazkia,Txekor azpizuna txanpiñoi eta curryarekin,bigarren platerak,,https://eu.wikibooks.org/wiki/Sukaldaritza_liburua/Errezetak/Txekor_azpizuna_txanpi%C3%B1oi_eta_curryarekin
barazkia,"Txekor tripaki eta muturrak, Bizkaiko saltsan",bigarren platerak,,"https://eu.wikibooks.org/wiki/Sukaldaritza_liburua/Errezetak/Txekor_tripaki_eta_muturrak,_Bizkaiko_saltsan"
barazkia,Txipiroiak plantxan tipula goxatu eta letxugarekin,lehen platerak,plantxan,https://eu.wikibooks.org/wiki/Sukaldaritza_liburua/Errezetak/Txipiroiak_plantxan_tipula_goxatu_eta_letxugarekin
barazkia,"Txitxarroa plantxan piper erre, tipula eta gari zainzuriekin",bigarren platerak,plantxan,"https://eu.wikibooks.org/wiki/Sukaldaritza_liburua/Errezetak/Txitxarroa_plantxan_piper_erre,_tipula_eta_gari_zainzuriekin"
barazkia,Udaberriko txinatar biribilkiak,lehen platerak,,https://eu.wikibooks.org/wiki/Sukaldaritza_liburua/Errezetak/Udaberriko_txinatar_biribilkiak
barazkia,Udako entsalada,lehen platerak,entsalada,https://eu.wikibooks.org/wiki/Sukaldaritza_liburua/Errezetak/Udako_entsalada
barraskiloak,Barraskilo salteatuak,,,https://eu.wikibooks.org/wiki/Sukaldaritza_liburua/Errezetak/Barraskilo_salteatuak
barraskiloak,Barraskiloak bizkaitar erara,,,https://eu.wikibooks.org/wiki/Sukaldaritza_liburua/Errezetak/Barraskiloak_bizkaitar_erara
barraskiloak,Barraskiloak parrillan,,,https://eu.wikibooks.org/wiki/Sukaldaritza_liburua/Errezetak/Barraskiloak_parrillan
esnekiak,Arroz esnea 2,azkenburukoak,,https://eu.wikibooks.org/wiki/Sukaldaritza_liburua/Errezetak/Arroz_esnea_2
esnekiak,Esne frijitua,azkenburukoak,,https://eu.wikibooks.org/wiki/Sukaldaritza_liburua/Errezetak/Esne_frijitua
esnekiak,Esne frijituak,azkenburukoak,,https://eu.wikibooks.org/wiki/Sukaldaritza_liburua/Errezetak/Esne_frijituak
esnekiak,Gazta eta urdai egosi frijituak,,,https://eu.wikibooks.org/wiki/Sukaldaritza_liburua/Errezetak/Gazta_eta_urdai_egosi_frijituak
esnekiak,Gazta izozkia,azkenburukoak,kremak,https://eu.wikibooks.org/wiki/Sukaldaritza_liburua/Errezetak/Gazta_izozkia
esnekiak,Gazta krema,,kremak,https://eu.wikibooks.org/wiki/Sukaldaritza_liburua/Errezetak/Gazta_krema
esnekiak,Gazta kroketak,,,https://eu.wikibooks.org/wiki/Sukaldaritza_liburua/Errezetak/Gazta_kroketak
esnekiak,Gazta tarta labean,azkenburukoak,,https://eu.wikibooks.org/wiki/Sukaldaritza_liburua/Errezetak/Gazta_tarta_labean
esnekiak,Gazta tarta mugurdi mermeladarekin,azkenburukoak,,https://eu.wikibooks.org/wiki/Sukaldaritza_liburua/Errezetak/Gazta_tarta_mugurdi_mermeladarekin
esnekiak,Gazta urdin kanape edo pintxoa,,,https://eu.wikibooks.org/wiki/Sukaldaritza_liburua/Errezetak/Gazta_urdin_kanape_edo_pintxoa
esnekiak,Gazta urdin krema kanapea,,kremak,https://eu.wikibooks.org/wiki/Sukaldaritza_liburua/Errezetak/Gazta_urdin_krema_kanapea
esnekiak,Gaztaz beteriko ravioliak txanpiñoi eta txirla kremarekin,lehen platerak,kremak,https://eu.wikibooks.org/wiki/Sukaldaritza_liburua/Errezetak/Gaztaz_beteriko_ravioliak_txanpi%C3%B1oi_eta_txirla_kremarekin
fruta,Ananaz beteriko krepeak,azkenburukoak,,https://eu.wikibooks.org/wiki/Sukaldaritza_liburua/Errezetak/Ananaz_beteriko_krepeak
fruta,Baso fruituen saltsa,,,https://eu.wikibooks.org/wiki/Sukaldaritza_liburua/Errezetak/Baso_fruituen_saltsa
fruta,Etxeko bizkotxoa marrubiekin eta esne gainarekin,azkenburukoak,,https://eu.wikibooks.org/wiki/Sukaldaritza_liburua/Errezetak/Etxeko_bizkotxoa_marrubiekin_eta_esne_gainarekin
fruta,Fruta gelatina bainua,,,https://eu.wikibooks.org/wiki/Sukaldaritza_liburua/Errezetak/Fruta_gelatina_bainua
fruta,Fruta mazedonia,,,https://eu.wikibooks.org/wiki/Sukaldaritza_liburua/Errezetak/Fruta_mazedonia
fruta,Fruta moussea,,,https://eu.wikibooks.org/wiki/Sukaldaritza_liburua/Errezetak/Fruta_moussea
fruta,Guakamole txalupa otarrainxkekin,lehen platerak,,https://eu.wikibooks.org/wiki/Sukaldaritza_liburua/Errezetak/Guakamole_txalupa_otarrainxkekin
fruta,Guakamolea,,,https://eu.wikibooks.org/wiki/Sukaldaritza_liburua/Errezetak/Guakamolea
fruta,Guakamoleta,,,https://eu.wikibooks.org/wiki/Sukaldaritza_liburua/Errezetak/Guakamoleta
fruta,Irasagarra 2,azkenburukoak,,https://eu.wikibooks.org/wiki/Sukaldaritza_liburua/Errezetak/Irasagarra_2
fruta,Marrubi eta kremazko hostopilak,azkenburukoak,kremak,https://eu.wikibooks.org/wiki/Sukaldaritza_liburua/Errezetak/Marrubi_eta_kremazko_hostopilak
fruta,Marrubi gelatina,azkenburukoak,,https://eu.wikibooks.org/wiki/Sukaldaritza_liburua/Errezetak/Marrubi_gelatina
fruta,Marrubi izozkia,azkenburukoak,,https://eu.wikibooks.org/wiki/Sukaldaritza_liburua/Errezetak/Marrubi_izozkia
fruta,Marrubi marmelada,azkenburukoak,,https://eu.wikibooks.org/wiki/Sukaldaritza_liburua/Errezetak/Marrubi_marmelada
fruta,Marrubi tarta,azkenburukoak,,https://eu.wikibooks.org/wiki/Sukaldaritza_liburua/Errezetak/Marrubi_tarta
fruta,Marrubi tarta 2,azkenburukoak,,https://eu.wikibooks.org/wiki/Sukaldaritza_liburua/Errezetak/Marrubi_tarta_2
fruta,Marrubiak esne-gain krema eta almendrekin,azkenburukoak,kremak,https://eu.wikibooks.org/wiki/Sukaldaritza_liburua/Errezetak/Marrubiak_esne-gain_krema_eta_almendrekin
fruta,"Porru entsalada, guakamole eta izokin ketuarekin",lehen platerak,entsalada,"https://eu.wikibooks.org/wiki/Sukaldaritza_liburua/Errezetak/Porru_entsalada,_guakamole_eta_izokin_ketuarekin"
fruta,Sagar tarta 2,azkenburukoak,,https://eu.wikibooks.org/wiki/Sukaldaritza_liburua/Errezetak/Sagar_tarta_2
fruta,Sagar tatin gozoa,azkenburukoak,,https://eu.wikibooks.org/wiki/Sukaldaritza_liburua/Errezetak/Sagar_tatin_gozoa
fruta,Udare purea,,,https://eu.wikibooks.org/wiki/Sukaldaritza_liburua/Errezetak/Udare_purea
fruta,Udarea ardotan,,,https://eu.wikibooks.org/wiki/Sukaldaritza_liburua/Errezetak/Udarea_ardotan
fruta,Udareak urazukretan,azkenburukoak,,https://eu.wikibooks.org/wiki/Sukaldaritza_liburua/Errezetak/Udareak_urazukretan
haragia,Albondigak tomate saltsan,bigarren platerak,,https://eu.wikibooks.org/wiki/Sukaldaritza_liburua/Errezetak/Albondigak_tomate_saltsan
haragia,"Arroz odolkia, piper eta galeper arrautzekin",lehen platerak,,"https://eu.wikibooks.org/wiki/Sukaldaritza_liburua/Errezetak/Arroz_odolkia,_piper_eta_galeper_arrautzekin"
haragia,Arrozezko odolki kruxpetak piper kremarekin,lehen platerak,kremak,https://eu.wikibooks.org/wiki/Sukaldaritza_liburua/Errezetak/Arrozezko_odolki_kruxpetak_piper_kremarekin
haragia,Azpizuna plantxan,,plantxan,https://eu.wikibooks.org/wiki/Sukaldaritza_liburua/Errezetak/Azpizuna_plantxan
haragia,Bexamelaz eginiko haragi betegaia,,,https://eu.wikibooks.org/wiki/Sukaldaritza_liburua/Errezetak/Bexamelaz_eginiko_haragi_betegaia
haragia,Biribilkia saltsan,,,https://eu.wikibooks.org/wiki/Sukaldaritza_liburua/Errezetak/Biribilkia_saltsan
haragia,Bruselazak borraja eta urdaiazpikoarekin,lehen platerak,,https://eu.wikibooks.org/wiki/Sukaldaritza_liburua/Errezetak/Bruselazak_borraja_eta_urdaiazpikoarekin
haragia,Galiziar haragi enpanada,,,https://eu.wikibooks.org/wiki/Sukaldaritza_liburua/Errezetak/Galiziar_haragi_enpanada
haragia,Haragi betegaia,,,https://eu.wikibooks.org/wiki/Sukaldaritza_liburua/Errezetak/Haragi_betegaia
haragia,Haragi bolak barazki saltsan,,,https://eu.wikibooks.org/wiki/Sukaldaritza_liburua/Errezetak/Haragi_bolak_barazki_saltsan
haragia,Haragi bolak tomate saltsan,,,https://eu.wikibooks.org/wiki/Sukaldaritza_liburua/Errezetak/Haragi_bolak_tomate_saltsan
haragia,Haragi carpaccioa,,,https://eu.wikibooks.org/wiki/Sukaldaritza_liburua/Errezetak/Haragi_carpaccioa
haragia,Haragi egosiz eta txanpinoiz beteriko piperrak,bigarren platerak,egosi,https://eu.wikibooks.org/wiki/Sukaldaritza_liburua/Errezetak/Haragi_egosiz_eta_txanpinoiz_beteriko_piperrak
haragia,Haragi enpanada,,,https://eu.wikibooks.org/wiki/Sukaldaritza_liburua/Errezetak/Haragi_enpanada
haragia,Haragi enpanadilla,,,https://eu.wikibooks.org/wiki/Sukaldaritza_liburua/Errezetak/Haragi_enpanadilla
haragia,Haragi gisatua,,,https://eu.wikibooks.org/wiki/Sukaldaritza_liburua/Errezetak/Haragi_gisatua
haragia,Haragi kaneloiak,,,https://eu.wikibooks.org/wiki/Sukaldaritza_liburua/Errezetak/Haragi_kaneloiak
haragia,Haragi kroketak,,,https://eu.wikibooks.org/wiki/Sukaldaritza_liburua/Errezetak/Haragi_kroketak
haragia,Haragi lasagna,,,https://eu.wikibooks.org/wiki/Sukaldaritza_liburua/Errezetak/Haragi_lasagna
haragia,Haragi ragouta,,,https://eu.wikibooks.org/wiki/Sukaldaritza_liburua/Errezetak/Haragi_ragouta
haragia,Haragia tartar eran,,,https://eu.wikibooks.org/wiki/Sukaldaritza_liburua/Errezetak/Haragia_tartar_eran
haragia,Haragizko piper beteak,,,https://eu.wikibooks.org/wiki/Sukaldaritza_liburua/Errezetak/Haragizko_piper_beteak
haragia,Takoen betegai edo haragizko tinga,,,https://eu.wikibooks.org/wiki/Sukaldaritza_liburua/Errezetak/Takoen_betegai_edo_haragizko_tinga
haragia,"Tomate, mozzarella, barrengorri eta urdaiazpiko pizza",bigarren platerak,,"https://eu.wikibooks.org/wiki/Sukaldaritza_liburua/Errezetak/Tomate,_mozzarella,_barrengorri_eta_urdaiazpiko_pizza"
haragia,"Tripaki, behi mutur, edo txerri hanka egosiak",,,"https://eu.wikibooks.org/wiki/Sukaldaritza_liburua/Errezetak/Tripaki,_behi_mutur,_edo_txerri_hanka_egosiak"
haragia,"Txanpinoi txapelak plantxan, arroz odolkiarekin",lehen platerak,plantxan,"https://eu.wikibooks.org/wiki/Sukaldaritza_liburua/Errezetak/Txanpinoi_txapelak_plantxan,_arroz_odolkiarekin"
haragia,Txerri iberiar Sekretoa parrilan Gernikako piperrekin,,plantxan,https://eu.wikibooks.org/wiki/Sukaldaritza_liburua/Errezetak/Txerri_iberiar_Sekretoa_parrilan_Gernikako_piperrekin
haragia,Txerri iberiarraren presa carpaccioa.jpg,,,https://eu.wikibooks.org/wiki/Sukaldaritza_liburua/Errezetak/Txerri_iberiarraren_presa_carpaccioa.jpg
itsaskia,Abakando errea,,erre,https://eu.wikibooks.org/wiki/Sukaldaritza_liburua/Errezetak/Abakando_errea
itsaskia,Arroza abakandoarekin,,,https://eu.wikibooks.org/wiki/Sukaldaritza_liburua/Errezetak/Arroza_abakandoarekin
itsaskia,Arroza Txibiekin,,,https://eu.wikibooks.org/wiki/Sukaldaritza_liburua/Errezetak/Arroza_Txibiekin
itsaskia,Arroza Txipiroiekin,,,https://eu.wikibooks.org/wiki/Sukaldaritza_liburua/Errezetak/Arroza_Txipiroiekin
itsaskia,Barazki eta txipiroi entsalada,lehen platerak,entsalada,https://eu.wikibooks.org/wiki/Sukaldaritza_liburua/Errezetak/Barazki_eta_txipiroi_entsalada
itsaskia,Barazki eta txipiroi risotoa,lehen platerak,,https://eu.wikibooks.org/wiki/Sukaldaritza_liburua/Errezetak/Barazki_eta_txipiroi_risotoa
itsaskia,Barazki eta txipiroi risottoa,lehen platerak,,https://eu.wikibooks.org/wiki/Sukaldaritza_liburua/Errezetak/Barazki_eta_txipiroi_risottoa
itsaskia,Buia maionesarekin,,,https://eu.wikibooks.org/wiki/Sukaldaritza_liburua/Errezetak/Buia_maionesarekin
itsaskia,Fideua txibiekin,,,https://eu.wikibooks.org/wiki/Sukaldaritza_liburua/Errezetak/Fideua_txibiekin
itsaskia,Ganbak baratxuritan,,,https://eu.wikibooks.org/wiki/Sukaldaritza_liburua/Errezetak/Ganbak_baratxuritan
itsaskia,Ganbak plantxan edo parrilan,,plantxan,https://eu.wikibooks.org/wiki/Sukaldaritza_liburua/Errezetak/Ganbak_plantxan_edo_parrilan
itsaskia,Ganbak plantxan edo zartaginean,,plantxan,https://eu.wikibooks.org/wiki/Sukaldaritza_liburua/Errezetak/Ganbak_plantxan_edo_zartaginean
itsaskia,Ganbaz beteriko txipiroi frijitua,,,https://eu.wikibooks.org/wiki/Sukaldaritza_liburua/Errezetak/Ganbaz_beteriko_txipiroi_frijitua
itsaskia,Itsas paella,lehen platerak,,https://eu.wikibooks.org/wiki/Sukaldaritza_liburua/Errezetak/Itsas_paella
itsaskia,Itsaski krema,,kremak,https://eu.wikibooks.org/wiki/Sukaldaritza_liburua/Errezetak/Itsaski_krema
itsaskia,Itsaski paella,,,https://eu.wikibooks.org/wiki/Sukaldaritza_liburua/Errezetak/Itsaski_paella
itsaskia,Izkira egosiak,,,https://eu.wikibooks.org/wiki/Sukaldaritza_liburua/Errezetak/Izkira_egosiak
itsaskia,Lanperna egosiak,,,https://eu.wikibooks.org/wiki/Sukaldaritza_liburua/Errezetak/Lanperna_egosiak
itsaskia,Legatza saltsa berdean txirla eta kokotxekin,,,https://eu.wikibooks.org/wiki/Sukaldaritza_liburua/Errezetak/Legatza_saltsa_berdean_txirla_eta_kokotxekin
itsaskia,Mihi-arrain popietak ganbekin txakolin saltsan,,,https://eu.wikibooks.org/wiki/Sukaldaritza_liburua/Errezetak/Mihi-arrain_popietak_ganbekin_txakolin_saltsan
itsaskia,Muskuilu goxatuak,bigarren platerak,,https://eu.wikibooks.org/wiki/Sukaldaritza_liburua/Errezetak/Muskuilu_goxatuak
itsaskia,Muskuilu krema,,kremak,https://eu.wikibooks.org/wiki/Sukaldaritza_liburua/Errezetak/Muskuilu_krema
itsaskia,Otarrainxka egosiak,,,https://eu.wikibooks.org/wiki/Sukaldaritza_liburua/Errezetak/Otarrainxka_egosiak
itsaskia,Otarrainxka eta onddo milorria,lehen platerak,,https://eu.wikibooks.org/wiki/Sukaldaritza_liburua/Errezetak/Otarrainxka_eta_onddo_milorria
itsaskia,Otarrainxka plantxan edo zartaginean,,plantxan,https://eu.wikibooks.org/wiki/Sukaldaritza_liburua/Errezetak/Otarrainxka_plantxan_edo_zartaginean
itsaskia,Otarrainxkak ziza kremarekin eta arrautzekin,bigarren platerak,kremak,https://eu.wikibooks.org/wiki/Sukaldaritza_liburua/Errezetak/Otarrainxkak_ziza_kremarekin_eta_arrautzekin
itsaskia,Otarrainxkaz eta barazkiz beteriko kirriskatsuak,lehen platerak,frijitu,https://eu.wikibooks.org/wiki/Sukaldaritza_liburua/Errezetak/Otarrainxkaz_eta_barazkiz_beteriko_kirriskatsuak
itsaskia,Raf tomatea txipiekin,lehen platerak,,https://eu.wikibooks.org/wiki/Sukaldaritza_liburua/Errezetak/Raf_tomatea_txipiekin
itsaskia,Tagliatelleak otarrainxka eta txirlekin,lehen platerak,,https://eu.wikibooks.org/wiki/Sukaldaritza_liburua/Errezetak/Tagliatelleak_otarrainxka_eta_txirlekin
itsaskia,Txibi frijituak,,,https://eu.wikibooks.org/wiki/Sukaldaritza_liburua/Errezetak/Txibi_frijituak
itsaskia,Txipiroi begi handiak bere tintan,,,https://eu.wikibooks.org/wiki/Sukaldaritza_liburua/Errezetak/Txipiroi_begi_handiak_bere_tintan
itsaskia,Txipiroi frijituak,,,https://eu.wikibooks.org/wiki/Sukaldaritza_liburua/Errezetak/Txipiroi_frijituak
itsaskia,Txipiroi tinta saltsa,,,https://eu.wikibooks.org/wiki/Sukaldaritza_liburua/Errezetak/Txipiroi_tinta_saltsa
itsaskia,Txipiroiak bere tintan,,,https://eu.wikibooks.org/wiki/Sukaldaritza_liburua/Errezetak/Txipiroiak_bere_tintan
itsaskia,Txipiroiak Pelaio erara,bigarren platerak,,https://eu.wikibooks.org/wiki/Sukaldaritza_liburua/Errezetak/Txipiroiak_Pelaio_erara
itsaskia,Txipiroiak pelaio erara,,,https://eu.wikibooks.org/wiki/Sukaldaritza_liburua/Errezetak/Txipiroiak_pelaio_erara
itsaskia,Txipiroiak plantxan,,plantxan,https://eu.wikibooks.org/wiki/Sukaldaritza_liburua/Errezetak/Txipiroiak_plantxan
itsaskia,Txipiroiak plantxan tipula goxatu eta letxugarekin,lehen platerak,plantxan,https://eu.wikibooks.org/wiki/Sukaldaritza_liburua/Errezetak/Txipiroiak_plantxan_tipula_goxatu_eta_letxugarekin
itsaskia,Txirla handiak plantxan,,plantxan,https://eu.wikibooks.org/wiki/Sukaldaritza_liburua/Errezetak/Txirla_handiak_plantxan
itsaskia,Txirlak marinel erara,,,https://eu.wikibooks.org/wiki/Sukaldaritza_liburua/Errezetak/Txirlak_marinel_erara
itsaskia,Txirlak saltsa berdean,,,https://eu.wikibooks.org/wiki/Sukaldaritza_liburua/Errezetak/Txirlak_saltsa_berdean
itsaskia,Txirlak zartagian,,plantxan,https://eu.wikibooks.org/wiki/Sukaldaritza_liburua/Errezetak/Txirlak_zartagian
lekaleak,Baba egosia,,,https://eu.wikibooks.org/wiki/Sukaldaritza_liburua/Errezetak/Baba_egosia
lekaleak,Babak ilarrekin,,,https://eu.wikibooks.org/wiki/Sukaldaritza_liburua/Errezetak/Babak_ilarrekin
lekaleak,Babak urdaiazpikoarekin,,,https://eu.wikibooks.org/wiki/Sukaldaritza_liburua/Errezetak/Babak_urdaiazpikoarekin
lekaleak,Babarrun zuriak,,,https://eu.wikibooks.org/wiki/Sukaldaritza_liburua/Errezetak/Babarrun_zuriak
lekaleak,Bijiliako Txitxirioak,,,https://eu.wikibooks.org/wiki/Sukaldaritza_liburua/Errezetak/Bijiliako_Txitxirioak
lekaleak,Frantziar lekak perretxiko eta otarrainxkekin,lehen platerak,,https://eu.wikibooks.org/wiki/Sukaldaritza_liburua/Errezetak/Frantziar_lekak_perretxiko_eta_otarrainxkekin
lekaleak,"Garaiko ilarrak, patata, ziazerba eta txirlekin",bigarren platerak,,"https://eu.wikibooks.org/wiki/Sukaldaritza_liburua/Errezetak/Garaiko_ilarrak,_patata,_ziazerba_eta_txirlekin"
lekaleak,Garbantzuak tripakiekin,lehen platerak,,https://eu.wikibooks.org/wiki/Sukaldaritza_liburua/Errezetak/Garbantzuak_tripakiekin
lekaleak,Ilar budina,,,https://eu.wikibooks.org/wiki/Sukaldaritza_liburua/Errezetak/Ilar_budina
lekaleak,Ilar egosia,,,https://eu.wikibooks.org/wiki/Sukaldaritza_liburua/Errezetak/Ilar_egosia
lekaleak,Ilar krema,,kremak,https://eu.wikibooks.org/wiki/Sukaldaritza_liburua/Errezetak/Ilar_krema
lekaleak,Ilarrak urdaiazpikoarekin,,,https://eu.wikibooks.org/wiki/Sukaldaritza_liburua/Errezetak/Ilarrak_urdaiazpikoarekin
lekaleak,Kokotxak leka eta tomate konpotarekin,bigarren platerak,,https://eu.wikibooks.org/wiki/Sukaldaritza_liburua/Errezetak/Kokotxak_leka_eta_tomate_konpotarekin
lekaleak,Leka eta txanpiak otarrainxkekin,lehen platerak,,https://eu.wikibooks.org/wiki/Sukaldaritza_liburua/Errezetak/Leka_eta_txanpiak_otarrainxkekin
lekaleak,Leka freskoak txipiroi eta tipula goxatuarekin,lehen platerak,,https://eu.wikibooks.org/wiki/Sukaldaritza_liburua/Errezetak/Leka_freskoak_txipiroi_eta_tipula_goxatuarekin
lekaleak,Tolosako babarrunak,,,https://eu.wikibooks.org/wiki/Sukaldaritza_liburua/Errezetak/Tolosako_babarrunak
lekaleak,Txitxirioak,,,https://eu.wikibooks.org/wiki/Sukaldaritza_liburua/Errezetak/Txitxirioak
oliba olioa,Alberjinia beteak haragi xehatuarekin,lehen platerak,,https://eu.wikibooks.org/wiki/Sukaldaritza_liburua/Errezetak/Alberjinia_beteak_haragi_xehatuarekin
oliba olioa,Andaluziako gazpatxoa,lehen platerak,,https://eu.wikibooks.org/wiki/Sukaldaritza_liburua/Errezetak/Andaluziako_gazpatxoa
oliba olioa,Antxoa frijituak,bigarren platerak,frijitu,https://eu.wikibooks.org/wiki/Sukaldaritza_liburua/Errezetak/Antxoa_frijituak
oliba olioa,Antxoak tipulin eta baratxuri freskoekin,bigarren platerak,,https://eu.wikibooks.org/wiki/Sukaldaritza_liburua/Errezetak/Antxoak_tipulin_eta_baratxuri_freskoekin
oliba olioa,Arkume izterra labean barazkiekin,bigarren platerak,labekatu,https://eu.wikibooks.org/wiki/Sukaldaritza_liburua/Errezetak/Arkume_izterra_labean_barazkiekin
oliba olioa,Arkumea txilindronean,bigarren platerak,,https://eu.wikibooks.org/wiki/Sukaldaritza_liburua/Errezetak/Arkumea_txilindronean
oliba olioa,Arrautzak kardu eta kutixiekin,bigarren platerak,,https://eu.wikibooks.org/wiki/Sukaldaritza_liburua/Errezetak/Arrautzak_kardu_eta_kutixiekin
oliba olioa,Arroza txipiroiekin,lehen platerak,,https://eu.wikibooks.org/wiki/Sukaldaritza_liburua/Errezetak/Arroza_txipiroiekin
oliba olioa,Atun mendrezka plantxan tomate eta otarrainxkekin,bigarren platerak,plantxan,https://eu.wikibooks.org/wiki/Sukaldaritza_liburua/Errezetak/Atun_mendrezka_plantxan_tomate_eta_otarrainxkekin
oliba olioa,Bakailao brandada piperrekin eta ziazerbekin,bigarren platerak,,https://eu.wikibooks.org/wiki/Sukaldaritza_liburua/Errezetak/Bakailao_brandada_piperrekin_eta_ziazerbekin
oliba olioa,"Bakailao carpaccioa, ziza eta pinaziekin",bigarren platerak,carpaccio,"https://eu.wikibooks.org/wiki/Sukaldaritza_liburua/Errezetak/Bakailao_carpaccioa,_ziza_eta_pinaziekin"
oliba olioa,Bakailao eta piper erre entsalada epela,lehen platerak,entsalada,https://eu.wikibooks.org/wiki/Sukaldaritza_liburua/Errezetak/Bakailao_eta_piper_erre_entsalada_epela
oliba olioa,Bakailao kokotxak gari zainzuri eta piper freskoekin,bigarren platerak,,https://eu.wikibooks.org/wiki/Sukaldaritza_liburua/Errezetak/Bakailao_kokotxak_gari_zainzuri_eta_piper_freskoekin
oliba olioa,"Bakailao konfitatua, basmati arrozarekin eta ziazerbekin",bigarren platerak,,"https://eu.wikibooks.org/wiki/Sukaldaritza_liburua/Errezetak/Bakailao_konfitatua,_basmati_arrozarekin_eta_ziazerbekin"
oliba olioa,Barazki eta otarrainxka risottoa,lehen platerak,,https://eu.wikibooks.org/wiki/Sukaldaritza_liburua/Errezetak/Barazki_eta_otarrainxka_risottoa
oliba olioa,Barazki eta txipiroi entsalada,lehen platerak,entsalada,https://eu.wikibooks.org/wiki/Sukaldaritza_liburua/Errezetak/Barazki_eta_txipiroi_entsalada
oliba olioa,Barazki eta txipiroi risotoa,lehen platerak,,https://eu.wikibooks.org/wiki/Sukaldaritza_liburua/Errezetak/Barazki_eta_txipiroi_risotoa
oliba olioa,Barazki eta txipiroi risottoa,lehen platerak,,https://eu.wikibooks.org/wiki/Sukaldaritza_liburua/Errezetak/Barazki_eta_txipiroi_risottoa
oliba olioa,Barazki eta zapo risotoa,lehen platerak,,https://eu.wikibooks.org/wiki/Sukaldaritza_liburua/Errezetak/Barazki_eta_zapo_risotoa
oliba olioa,Barazki krepeak,lehen platerak,,https://eu.wikibooks.org/wiki/Sukaldaritza_liburua/Errezetak/Barazki_krepeak
oliba olioa,Barazki menestra 2,lehen platerak,,https://eu.wikibooks.org/wiki/Sukaldaritza_liburua/Errezetak/Barazki_menestra_2
oliba olioa,Barbarin arraintxoak plantxan ziazerba eta otarrainxkekin,bigarren platerak,plantxan,https://eu.wikibooks.org/wiki/Sukaldaritza_liburua/Errezetak/Barbarin_arraintxoak_plantxan_ziazerba_eta_otarrainxkekin
oliba olioa,Baserriko ogi tosta berezia,lehen platerak,,https://eu.wikibooks.org/wiki/Sukaldaritza_liburua/Errezetak/Baserriko_ogi_tosta_berezia
oliba olioa,Basmati arroza entsaladan,lehen platerak,entsalada,https://eu.wikibooks.org/wiki/Sukaldaritza_liburua/Errezetak/Basmati_arroza_entsaladan
oliba olioa,Basurdea saltsan,bigarren platerak,,https://eu.wikibooks.org/wiki/Sukaldaritza_liburua/Errezetak/Basurdea_saltsan
oliba olioa,Eperrak saltsan,bigarren platerak,,https://eu.wikibooks.org/wiki/Sukaldaritza_liburua/Errezetak/Eperrak_saltsan
oliba olioa,Erreboiloa basmati arrozarekin eta lekekin,bigarren platerak,,https://eu.wikibooks.org/wiki/Sukaldaritza_liburua/Errezetak/Erreboiloa_basmati_arrozarekin_eta_lekekin
oliba olioa,Fideua barazki eta muskuiluekin,lehen platerak,,https://eu.wikibooks.org/wiki/Sukaldaritza_liburua/Errezetak/Fideua_barazki_eta_muskuiluekin
oliba olioa,Fideua otarrainxka eta barazkiekin,lehen platerak,,https://eu.wikibooks.org/wiki/Sukaldaritza_liburua/Errezetak/Fideua_otarrainxka_eta_barazkiekin
oliba olioa,"Fideua, barazki eta otarrainxkekin",lehen platerak,,"https://eu.wikibooks.org/wiki/Sukaldaritza_liburua/Errezetak/Fideua,_barazki_eta_otarrainxkekin"
oliba olioa,Frantziar lekak perretxiko eta otarrainxkekin,lehen platerak,,https://eu.wikibooks.org/wiki/Sukaldaritza_liburua/Errezetak/Frantziar_lekak_perretxiko_eta_otarrainxkekin
oliba olioa,Garaiko barazki burruntzia,lehen platerak,,https://eu.wikibooks.org/wiki/Sukaldaritza_liburua/Errezetak/Garaiko_barazki_burruntzia
oliba olioa,Garbantzuak tripakiekin,lehen platerak,,https://eu.wikibooks.org/wiki/Sukaldaritza_liburua/Errezetak/Garbantzuak_tripakiekin
oliba olioa,"Gari zainzuriak plantxan, txipiroiekin",lehen platerak,plantxan,"https://eu.wikibooks.org/wiki/Sukaldaritza_liburua/Errezetak/Gari_zainzuriak_plantxan,_txipiroiekin"
oliba olioa,Guakamole txalupa otarrainxkekin,lehen platerak,,https://eu.wikibooks.org/wiki/Sukaldaritza_liburua/Errezetak/Guakamole_txalupa_otarrainxkekin
oliba olioa,Haragi egosiz eta txanpinoiz beteriko piperrak,bigarren platerak,egosi,https://eu.wikibooks.org/wiki/Sukaldaritza_liburua/Errezetak/Haragi_egosiz_eta_txanpinoiz_beteriko_piperrak
oliba olioa,"Hegaluze entsalada, otarrainxka eta piper gorriz eginiko tar-tarrarekin",lehen platerak,entsalada,"https://eu.wikibooks.org/wiki/Sukaldaritza_liburua/Errezetak/Hegaluze_entsalada,_otarrainxka_eta_piper_gorriz_eginiko_tar-tarrarekin"
oliba olioa,"Hegaluze, ahuakate eta piper tartarra",bigarren platerak,,"https://eu.wikibooks.org/wiki/Sukaldaritza_liburua/Errezetak/Hegaluze,_ahuakate_eta_piper_tartarra"
oliba olioa,"Hegaluzea Asiako erara, udaberriko entsaladan",bigarren platerak,entsalada,"https://eu.wikibooks.org/wiki/Sukaldaritza_liburua/Errezetak/Hegaluzea_Asiako_erara,_udaberriko_entsaladan"
oliba olioa,Hostopil koka,lehen platerak,,https://eu.wikibooks.org/wiki/Sukaldaritza_liburua/Errezetak/Hostopil_koka
oliba olioa,Itsas paella,lehen platerak,,https://eu.wikibooks.org/wiki/Sukaldaritza_liburua/Errezetak/Itsas_paella
oliba olioa,Kalabazin txalupak otarrainxka eta ziazerbaz beteak,lehen platerak,,https://eu.wikibooks.org/wiki/Sukaldaritza_liburua/Errezetak/Kalabazin_txalupak_otarrainxka_eta_ziazerbaz_beteak
oliba olioa,Kokotxak leka eta tomate konpotarekin,bigarren platerak,,https://eu.wikibooks.org/wiki/Sukaldaritza_liburua/Errezetak/Kokotxak_leka_eta_tomate_konpotarekin
oliba olioa,Kuia krema otarrainxkekin,lehen platerak,kremak,https://eu.wikibooks.org/wiki/Sukaldaritza_liburua/Errezetak/Kuia_krema_otarrainxkekin
oliba olioa,"Kuia txikiz eginiko milorria, bakailaoz betea",lehen platerak,,"https://eu.wikibooks.org/wiki/Sukaldaritza_liburua/Errezetak/Kuia_txikiz_eginiko_milorria,_bakailaoz_betea"
oliba olioa,"Kuia, tomate eta Kantauriko antxoa lasagna",lehen platerak,,"https://eu.wikibooks.org/wiki/Sukaldaritza_liburua/Errezetak/Kuia,_tomate_eta_Kantauriko_antxoa_lasagna"
oliba olioa,"Legatza barazkiekin, papillote erara",bigarren platerak,,"https://eu.wikibooks.org/wiki/Sukaldaritza_liburua/Errezetak/Legatza_barazkiekin,_papillote_erara"
oliba olioa,Legatza otarrainxka saldarekin eta txirlekin,bigarren platerak,,https://eu.wikibooks.org/wiki/Sukaldaritza_liburua/Errezetak/Legatza_otarrainxka_saldarekin_eta_txirlekin
oliba olioa,"Legatza plantxan, barazkiekin",bigarren platerak,plantxan,"https://eu.wikibooks.org/wiki/Sukaldaritza_liburua/Errezetak/Legatza_plantxan,_barazkiekin"
oliba olioa,"Legatza plantxan, kuia txikiarekin eta pipermorroekin",bigarren platerak,plantxan,"https://eu.wikibooks.org/wiki/Sukaldaritza_liburua/Errezetak/Legatza_plantxan,_kuia_txikiarekin_eta_pipermorroekin"
oliba olioa,Leka eta txanpiak otarrainxkekin,lehen platerak,,https://eu.wikibooks.org/wiki/Sukaldaritza_liburua/Errezetak/Leka_eta_txanpiak_otarrainxkekin
oliba olioa,Leka freskoak txipiroi eta tipula goxatuarekin,lehen platerak,,https://eu.wikibooks.org/wiki/Sukaldaritza_liburua/Errezetak/Leka_freskoak_txipiroi_eta_tipula_goxatuarekin
oliba olioa,Nafarroako pikillo piperrak bakailaoz beteak,lehen platerak,,https://eu.wikibooks.org/wiki/Sukaldaritza_liburua/Errezetak/Nafarroako_pikillo_piperrak_bakailaoz_beteak
oliba olioa,Nafarroako zainzuriak bakailao kokotxekin,lehen platerak,,https://eu.wikibooks.org/wiki/Sukaldaritza_liburua/Errezetak/Nafarroako_zainzuriak_bakailao_kokotxekin
oliba olioa,Nafarroako zainzuriak onddoz beteak,lehen platerak,,https://eu.wikibooks.org/wiki/Sukaldaritza_liburua/Errezetak/Nafarroako_zainzuriak_onddoz_beteak
oliba olioa,Odolki kurruskatsuak pikillo piperrekin eta azarekin,lehen platerak,,https://eu.wikibooks.org/wiki/Sukaldaritza_liburua/Errezetak/Odolki_kurruskatsuak_pikillo_piperrekin_eta_azarekin
oliba olioa,Odolkiz beteriko brik orriak babarrun kremarekin,lehen platerak,kremak,https://eu.wikibooks.org/wiki/Sukaldaritza_liburua/Errezetak/Odolkiz_beteriko_brik_orriak_babarrun_kremarekin
oliba olioa,Oilagorrak saltsan,bigarren platerak,,https://eu.wikibooks.org/wiki/Sukaldaritza_liburua/Errezetak/Oilagorrak_saltsan
oliba olioa,Oilasko izterrak txanpinoi krema eta curryarekin,bigarren platerak,kremak,https://eu.wikibooks.org/wiki/Sukaldaritza_liburua/Errezetak/Oilasko_izterrak_txanpinoi_krema_eta_curryarekin
oliba olioa,Onddo 'carpaccio'a,lehen platerak,carpaccio,https://eu.wikibooks.org/wiki/Sukaldaritza_liburua/Errezetak/Onddo_%27carpaccio%27a
oliba olioa,Onddoak papillote erara,lehen platerak,,https://eu.wikibooks.org/wiki/Sukaldaritza_liburua/Errezetak/Onddoak_papillote_erara
oliba olioa,"Onddoz beteriko kiribil kurruskatsua, kuia kremarekin",lehen platerak,kremak,"https://eu.wikibooks.org/wiki/Sukaldaritza_liburua/Errezetak/Onddoz_beteriko_kiribil_kurruskatsua,_kuia_kremarekin"
oliba olioa,Orburu 'txips'-ak eta orburu egosiak,bigarren platerak,,https://eu.wikibooks.org/wiki/Sukaldaritza_liburua/Errezetak/Orburu_%27txips%27-ak_eta_orburu_egosiak
oliba olioa,"Orburu pintxoa urdaiazpiko, tomate eta piperrekin",lehen platerak,,"https://eu.wikibooks.org/wiki/Sukaldaritza_liburua/Errezetak/Orburu_pintxoa_urdaiazpiko,_tomate_eta_piperrekin"
oliba olioa,"Orburua, arroz odolkia eta arrautza gorringoa plantxan",lehen platerak,plantxan,"https://eu.wikibooks.org/wiki/Sukaldaritza_liburua/Errezetak/Orburua,_arroz_odolkia_eta_arrautza_gorringoa_plantxan"
oliba olioa,"Orburuak entsaladan, raf tomateekin",lehen platerak,entsalada,"https://eu.wikibooks.org/wiki/Sukaldaritza_liburua/Errezetak/Orburuak_entsaladan,_raf_tomateekin"
oliba olioa,Orburuak urdaiazpiko eta arrautza galdarraztatuekin,lehen platerak,,https://eu.wikibooks.org/wiki/Sukaldaritza_liburua/Errezetak/Orburuak_urdaiazpiko_eta_arrautza_galdarraztatuekin
oliba olioa,Orburuak urdaiazpikoarekin eta Beasaingo odolkiarekin,lehen platerak,,https://eu.wikibooks.org/wiki/Sukaldaritza_liburua/Errezetak/Orburuak_urdaiazpikoarekin_eta_Beasaingo_odolkiarekin
oliba olioa,"Orburuak, urdaiazpiko, ziazerba eta Beasaingo odolkiarekin",lehen platerak,,"https://eu.wikibooks.org/wiki/Sukaldaritza_liburua/Errezetak/Orburuak,_urdaiazpiko,_ziazerba_eta_Beasaingo_odolkiarekin"
oliba olioa,Otarrainxka eta onddo milorria,lehen platerak,,https://eu.wikibooks.org/wiki/Sukaldaritza_liburua/Errezetak/Otarrainxka_eta_onddo_milorria
oliba olioa,Otarrainxkak ziza kremarekin eta arrautzekin,bigarren platerak,kremak,https://eu.wikibooks.org/wiki/Sukaldaritza_liburua/Errezetak/Otarrainxkak_ziza_kremarekin_eta_arrautzekin
oliba olioa,Pasta freskoa 2,lehen platerak,,https://eu.wikibooks.org/wiki/Sukaldaritza_liburua/Errezetak/Pasta_freskoa_2
oliba olioa,"Patata berri, zainzuri eta izokin ketu entsalada",lehen platerak,entsalada,"https://eu.wikibooks.org/wiki/Sukaldaritza_liburua/Errezetak/Patata_berri,_zainzuri_eta_izokin_ketu_entsalada"
oliba olioa,Patatak errioxar erara 2,lehen platerak,,https://eu.wikibooks.org/wiki/Sukaldaritza_liburua/Errezetak/Patatak_errioxar_erara_2
oliba olioa,Pikillo piperrak odolkiz beteak,lehen platerak,,https://eu.wikibooks.org/wiki/Sukaldaritza_liburua/Errezetak/Pikillo_piperrak_odolkiz_beteak
oliba olioa,Piper eta atun entsalada,lehen platerak,entsalada,https://eu.wikibooks.org/wiki/Sukaldaritza_liburua/Errezetak/Piper_eta_atun_entsalada
oliba olioa,Piper morro erreak plantxan bakailao kokotxekin,lehen platerak,erre,https://eu.wikibooks.org/wiki/Sukaldaritza_liburua/Errezetak/Piper_morro_erreak_plantxan_bakailao_kokotxekin
oliba olioa,"Porru entsalada, guakamole eta izokin ketuarekin",lehen platerak,entsalada,"https://eu.wikibooks.org/wiki/Sukaldaritza_liburua/Errezetak/Porru_entsalada,_guakamole_eta_izokin_ketuarekin"
oliba olioa,Porru eta otarrainxka entsalada,lehen platerak,entsalada,https://eu.wikibooks.org/wiki/Sukaldaritza_liburua/Errezetak/Porru_eta_otarrainxka_entsalada
oliba olioa,Raf tomatea ahuntz gaztarekin,lehen platerak,,https://eu.wikibooks.org/wiki/Sukaldaritza_liburua/Errezetak/Raf_tomatea_ahuntz_gaztarekin
oliba olioa,Raf tomatea txipiekin,lehen platerak,,https://eu.wikibooks.org/wiki/Sukaldaritza_liburua/Errezetak/Raf_tomatea_txipiekin
oliba olioa,"Raf tomateen entsalada, bakailaoarekin eta barazkiekin",lehen platerak,entsalada,"https://eu.wikibooks.org/wiki/Sukaldaritza_liburua/Errezetak/Raf_tomateen_entsalada,_bakailaoarekin_eta_barazkiekin"
oliba olioa,Tagliateliak antxoa eta cherry tomateekin,lehen platerak,,https://eu.wikibooks.org/wiki/Sukaldaritza_liburua/Errezetak/Tagliateliak_antxoa_eta_cherry_tomateekin
oliba olioa,Tagliatelle freskoak barazki eta curryarekin,lehen platerak,,https://eu.wikibooks.org/wiki/Sukaldaritza_liburua/Errezetak/Tagliatelle_freskoak_barazki_eta_curryarekin
oliba olioa,Tagliatelleak otarrainxka eta txirlekin,lehen platerak,,https://eu.wikibooks.org/wiki/Sukaldaritza_liburua/Errezetak/Tagliatelleak_otarrainxka_eta_txirlekin
oliba olioa,Tomate entsalada bakailaoarekin,lehen platerak,entsalada,https://eu.wikibooks.org/wiki/Sukaldaritza_liburua/Errezetak/Tomate_entsalada_bakailaoarekin
oliba olioa,Tomate entsalada gula eta leka freskoekin,lehen platerak,entsalada,https://eu.wikibooks.org/wiki/Sukaldaritza_liburua/Errezetak/Tomate_entsalada_gula_eta_leka_freskoekin
oliba olioa,Tuterako kukuluak brie gazta eta txipiroiekin,lehen platerak,,https://eu.wikibooks.org/wiki/Sukaldaritza_liburua/Errezetak/Tuterako_kukuluak_brie_gazta_eta_txipiroiekin
oliba olioa,"Tuterako orburuak txerri solomo, kalabazin eta curryarekin",lehen platerak,,"https://eu.wikibooks.org/wiki/Sukaldaritza_liburua/Errezetak/Tuterako_orburuak_txerri_solomo,_kalabazin_eta_curryarekin"
oliba olioa,Txanpinoi txapelak orburu eta ziazerbaz beteak,lehen platerak,,https://eu.wikibooks.org/wiki/Sukaldaritza_liburua/Errezetak/Txanpinoi_txapelak_orburu_eta_ziazerbaz_beteak
oliba olioa,"Txanpinoi txapelak plantxan, arroz odolkiarekin",lehen platerak,plantxan,"https://eu.wikibooks.org/wiki/Sukaldaritza_liburua/Errezetak/Txanpinoi_txapelak_plantxan,_arroz_odolkiarekin"
oliba olioa,"Txanpinoi txapelak plantxan, onddo kremarekin",lehen platerak,kremak,"https://eu.wikibooks.org/wiki/Sukaldaritza_liburua/Errezetak/Txanpinoi_txapelak_plantxan,_onddo_kremarekin"
oliba olioa,Txekor azpizuna asiar erara,bigarren platerak,,https://eu.wikibooks.org/wiki/Sukaldaritza_liburua/Errezetak/Txekor_azpizuna_asiar_erara
oliba olioa,Txekor azpizuna orburuekin eta Idiazabalgo gaztaren saltsarekin,bigarren platerak,,https://eu.wikibooks.org/wiki/Sukaldaritza_liburua/Errezetak/Txekor_azpizuna_orburuekin_eta_Idiazabalgo_gaztaren_saltsarekin
oliba olioa,Txekor azpizuna txanpiñoi eta curryarekin,bigarren platerak,,https://eu.wikibooks.org/wiki/Sukaldaritza_liburua/Errezetak/Txekor_azpizuna_txanpi%C3%B1oi_eta_curryarekin
oliba olioa,Txekor masailak onddoekin eta arrozarekin,bigarren platerak,,https://eu.wikibooks.org/wiki/Sukaldaritza_liburua/Errezetak/Txekor_masailak_onddoekin_eta_arrozarekin
oliba olioa,Txekor masailak saltsan,bigarren platerak,,https://eu.wikibooks.org/wiki/Sukaldaritza_liburua/Errezetak/Txekor_masailak_saltsan
oliba olioa,"Txekor tripaki eta muturrak, Bizkaiko saltsan",bigarren platerak,,"https://eu.wikibooks.org/wiki/Sukaldaritza_liburua/Errezetak/Txekor_tripaki_eta_muturrak,_Bizkaiko_saltsan"
oliba olioa,Txerri azpizuna onddoz beteta eta Roquefort saltsarekin,bigarren platerak,,https://eu.wikibooks.org/wiki/Sukaldaritza_liburua/Errezetak/Txerri_azpizuna_onddoz_beteta_eta_Roquefort_saltsarekin
oliba olioa,"Txerri azpizuna, txanpinoi eta Roquefort gaztarekin",bigarren platerak,,"https://eu.wikibooks.org/wiki/Sukaldaritza_liburua/Errezetak/Txerri_azpizuna,_txanpinoi_eta_Roquefort_gaztarekin"
oliba olioa,Txerri masailak saltsan,bigarren platerak,,https://eu.wikibooks.org/wiki/Sukaldaritza_liburua/Errezetak/Txerri_masailak_saltsan
oliba olioa,Txipiroiak Pelaio erara,bigarren platerak,,https://eu.wikibooks.org/wiki/Sukaldaritza_liburua/Errezetak/Txipiroiak_Pelaio_erara
oliba olioa,Txipiroiak plantxan tipula goxatu eta letxugarekin,lehen platerak,plantxan,https://eu.wikibooks.org/wiki/Sukaldaritza_liburua/Errezetak/Txipiroiak_plantxan_tipula_goxatu_eta_letxugarekin
oliba olioa,Txitxarroa piperrada eta patata purearekin,bigarren platerak,,https://eu.wikibooks.org/wiki/Sukaldaritza_liburua/Errezetak/Txitxarroa_piperrada_eta_patata_purearekin
oliba olioa,"Txitxarroa plantxan piper erre, tipula eta gari zainzuriekin",bigarren platerak,plantxan,"https://eu.wikibooks.org/wiki/Sukaldaritza_liburua/Errezetak/Txitxarroa_plantxan_piper_erre,_tipula_eta_gari_zainzuriekin"
oliba olioa,Udaberriko txinatar biribilkiak,lehen platerak,,https://eu.wikibooks.org/wiki/Sukaldaritza_liburua/Errezetak/Udaberriko_txinatar_biribilkiak
oliba olioa,Udako entsalada,lehen platerak,entsalada,https://eu.wikibooks.org/wiki/Sukaldaritza_liburua/Errezetak/Udako_entsalada
oliba olioa,Untxia eta txanpiñoiak oporto erara,bigarren platerak,,https://eu.wikibooks.org/wiki/Sukaldaritza_liburua/Errezetak/Untxia_eta_txanpi%C3%B1oiak_oporto_erara
oliba olioa,Usoak saltsan,bigarren platerak,,https://eu.wikibooks.org/wiki/Sukaldaritza_liburua/Errezetak/Usoak_saltsan
oliba olioa,Zainzuri freskoak udaberriko olio ozpinarekin,lehen platerak,,https://eu.wikibooks.org/wiki/Sukaldaritza_liburua/Errezetak/Zainzuri_freskoak_udaberriko_olio_ozpinarekin
oliba olioa,"Zainzuri frijituak, ziazerba kremarekin",lehen platerak,frijitu,"https://eu.wikibooks.org/wiki/Sukaldaritza_liburua/Errezetak/Zainzuri_frijituak,_ziazerba_kremarekin"
oliba olioa,Zainzuriak barazki ozpin-olioarekin,lehen platerak,,https://eu.wikibooks.org/wiki/Sukaldaritza_liburua/Errezetak/Zainzuriak_barazki_ozpin-olioarekin
oliba olioa,"Zapo, kuia txiki eta txanpiñoi brotxetak",bigarren platerak,,"https://eu.wikibooks.org/wiki/Sukaldaritza_liburua/Errezetak/Zapo,_kuia_txiki_eta_txanpi%C3%B1oi_brotxetak"
pasta,Fideua otarrainxka eta barazkiekin,lehen platerak,,https://eu.wikibooks.org/wiki/Sukaldaritza_liburua/Errezetak/Fideua_otarrainxka_eta_barazkiekin
pasta,"Fideua, barazki eta otarrainxkekin",lehen platerak,,"https://eu.wikibooks.org/wiki/Sukaldaritza_liburua/Errezetak/Fideua,_barazki_eta_otarrainxkekin"
pasta,Gaztaz beteriko ravioliak txanpiñoi eta txirla kremarekin,lehen platerak,kremak,https://eu.wikibooks.org/wiki/Sukaldaritza_liburua/Errezetak/Gaztaz_beteriko_ravioliak_txanpi%C3%B1oi_eta_txirla_kremarekin
pasta,Pasta barazkiekin,,,https://eu.wikibooks.org/wiki/Sukaldaritza_liburua/Errezetak/Pasta_barazkiekin
pasta,Pasta boloniar erara,,,https://eu.wikibooks.org/wiki/Sukaldaritza_liburua/Errezetak/Pasta_boloniar_erara
pasta,Pasta carbonara,,,https://eu.wikibooks.org/wiki/Sukaldaritza_liburua/Errezetak/Pasta_carbonara
pasta,Pasta entsalada,,entsalada,https://eu.wikibooks.org/wiki/Sukaldaritza_liburua/Errezetak/Pasta_entsalada
pasta,Pasta freskoa,,,https://eu.wikibooks.org/wiki/Sukaldaritza_liburua/Errezetak/Pasta_freskoa
pasta,Pasta freskoa 2,lehen platerak,,https://eu.wikibooks.org/wiki/Sukaldaritza_liburua/Errezetak/Pasta_freskoa_2
pasta,Pasta perretxikoekin,,,https://eu.wikibooks.org/wiki/Sukaldaritza_liburua/Errezetak/Pasta_perretxikoekin
pasta,Tagliateliak antxoa eta cherry tomateekin,lehen platerak,,https://eu.wikibooks.org/wiki/Sukaldaritza_liburua/Errezetak/Tagliateliak_antxoa_eta_cherry_tomateekin
pasta,Tagliatelleak otarrainxka eta txirlekin,lehen platerak,,https://eu.wikibooks.org/wiki/Sukaldaritza_liburua/Errezetak/Tagliatelleak_otarrainxka_eta_txirlekin
txokolatea,Eperrak txokolate saltsan,,,https://eu.wikibooks.org/wiki/Sukaldaritza_liburua/Errezetak/Eperrak_txokolate_saltsan
txokolatea,Gaileta-tarta eta txokolate zurizko kremarekin,,kremak,https://eu.wikibooks.org/wiki/Sukaldaritza_liburua/Errezetak/Gaileta-tarta_eta_txokolate_zurizko_kremarekin
txokolatea,Gianduja krema,azkenburukoak,,https://eu.wikibooks.org/wiki/Sukaldaritza_liburua/Errezetak/Gianduja_krema
txokolatea,Hur eta txokolate opila,azkenburukoak,,https://eu.wikibooks.org/wiki/Sukaldaritza_liburua/Errezetak/Hur_eta_txokolate_opila
txokolatea,Petit-suisseak krema eta txokolate beroarekin,azkenburukoak,kremak,https://eu.wikibooks.org/wiki/Sukaldaritza_liburua/Errezetak/Petit-suisseak_krema_eta_txokolate_beroarekin
txokolatea,Trufazko txokolate tarta,azkenburukoak,,https://eu.wikibooks.org/wiki/Sukaldaritza_liburua/Errezetak/Trufazko_txokolate_tarta
txokolatea,Txokolate bainua,azkenburukoak,,https://eu.wikibooks.org/wiki/Sukaldaritza_liburua/Errezetak/Txokolate_bainua
txokolatea,Txokolate biskuit izozkia,azkenburukoak,,https://eu.wikibooks.org/wiki/Sukaldaritza_liburua/Errezetak/Txokolate_biskuit_izozkia
txokolatea,Txokolate cakea,azkenburukoak,,https://eu.wikibooks.org/wiki/Sukaldaritza_liburua/Errezetak/Txokolate_cakea
txokolatea,Txokolate coulanta,azkenburukoak,,https://eu.wikibooks.org/wiki/Sukaldaritza_liburua/Errezetak/Txokolate_coulanta
txokolatea,Txokolate gailetak,azkenburukoak,,https://eu.wikibooks.org/wiki/Sukaldaritza_liburua/Errezetak/Txokolate_gailetak
txokolatea,Txokolate ganatxea,azkenburukoak,,https://eu.wikibooks.org/wiki/Sukaldaritza_liburua/Errezetak/Txokolate_ganatxea
txokolatea,Txokolate izozkia,,,https://eu.wikibooks.org/wiki/Sukaldaritza_liburua/Errezetak/Txokolate_izozkia
txokolatea,Txokolate krema,,kremak,https://eu.wikibooks.org/wiki/Sukaldaritza_liburua/Errezetak/Txokolate_krema
txokolatea,Txokolate moussea,azkenburukoak,,https://eu.wikibooks.org/wiki/Sukaldaritza_liburua/Errezetak/Txokolate_moussea
txokolatea,Txokolate muselina,azkenburukoak,,https://eu.wikibooks.org/wiki/Sukaldaritza_liburua/Errezetak/Txokolate_muselina
txokolatea,Txokolate tarta,azkenburukoak,,https://eu.wikibooks.org/wiki/Sukaldaritza_liburua/Errezetak/Txokolate_tarta
txokolatea,Txokolate trufa,,,https://eu.wikibooks.org/wiki/Sukaldaritza_liburua/Errezetak/Txokolate_trufa
txokolatea,Txokolate trufa bonboia,,,https://eu.wikibooks.org/wiki/Sukaldaritza_liburua/Errezetak/Txokolate_trufa_bonboia
txokolatea,Txokolate trufa bonboiak,azkenburukoak,,https://eu.wikibooks.org/wiki/Sukaldaritza_liburua/Errezetak/Txokolate_trufa_bonboiak
txokolatea,Txokolate trufa krema,azkenburukoak,kremak,https://eu.wikibooks.org/wiki/Sukaldaritza_liburua/Errezetak/Txokolate_trufa_krema
txokolatea,Txokolate zuriaren moussea,azkenburukoak,,https://eu.wikibooks.org/wiki/Sukaldaritza_liburua/Errezetak/Txokolate_zuriaren_moussea
txokolatea,Txokolatezko bizkotxo eta marrubi kopa,azkenburukoak,,https://eu.wikibooks.org/wiki/Sukaldaritza_liburua/Errezetak/Txokolatezko_bizkotxo_eta_marrubi_kopa
txokolatea,Txokolatezko boilur tarta,azkenburukoak,,https://eu.wikibooks.org/wiki/Sukaldaritza_liburua/Errezetak/Txokolatezko_boilur_tarta
txokolatea,Txokolatezko boilurrak,azkenburukoak,,https://eu.wikibooks.org/wiki/Sukaldaritza_liburua/Errezetak/Txokolatezko_boilurrak
txokolatea,Txokolatezko Euskal pastela,azkenburukoak,,https://eu.wikibooks.org/wiki/Sukaldaritza_liburua/Errezetak/Txokolatezko_Euskal_pastela
txokolatea,Txokolatezko ijito besoa,azkenburukoak,,https://eu.wikibooks.org/wiki/Sukaldaritza_liburua/Errezetak/Txokolatezko_ijito_besoa
txokolatea,Txokolatezko krepeak,azkenburukoak,,https://eu.wikibooks.org/wiki/Sukaldaritza_liburua/Errezetak/Txokolatezko_krepeak
txokolatea,Txokolatezko pastelak egiteko ohiko bizkotxo arina,,,https://eu.wikibooks.org/wiki/Sukaldaritza_liburua/Errezetak/Txokolatezko_pastelak_egiteko_ohiko_bizkotxo_arina
