recipe,ingredient,recipe_url,cleaned,order,technique
Abakando errea,Itsaskia,https://eu.wikibooks.org/wiki/Sukaldaritza_liburua/Errezetak/Abakando_errea,Abakando errea,,Erre
Ahuntz gazta entsalada,Barazkia,https://eu.wikibooks.org/wiki/Sukaldaritza_liburua/Errezetak/Ahuntz_gazta_entsalada,Ahuntz gazta entsalada,,Entsalada
Alberjinia beteak haragi xehatuarekin,Oliba olioa,https://eu.wikibooks.org/wiki/Sukaldaritza_liburua/Errezetak/Alberjinia_beteak_haragi_xehatuarekin,Alberjinia betea haragi xehatua,Lehen platerak,
Albondigak tomate saltsan,Haragia,https://eu.wikibooks.org/wiki/Sukaldaritza_liburua/Errezetak/Albondigak_tomate_saltsan,Albondiga tomate saltsan,Bigarren platerak,
Ananaz beteriko krepeak,"Fruta, Arrautza","https://eu.wikibooks.org/wiki/Sukaldaritza_liburua/Errezetak/Ananaz_beteriko_krepeak, https://eu.wikibooks.org/wiki/Sukaldaritza_liburua/Errezetak/Ananaz_beteriko_krepeak",Ananaz beteriko krepea,Azkenburukoak,
Andaluziako gazpatxoa,Oliba olioa,https://eu.wikibooks.org/wiki/Sukaldaritza_liburua/Errezetak/Andaluziako_gazpatxoa,Andaluziako gazpatxoa,Lehen platerak,
Antxoa arrautzaztatua,Arraina,https://eu.wikibooks.org/wiki/Sukaldaritza_liburua/Errezetak/Antxoa_arrautzaztatua,Antxoa arrautzaztatua,,
Antxoa baratxuritan frijitua,Arraina,https://eu.wikibooks.org/wiki/Sukaldaritza_liburua/Errezetak/Antxoa_baratxuritan_frijitua,Antxoa baratxuritan frijitua,,
Antxoa betea,Arraina,https://eu.wikibooks.org/wiki/Sukaldaritza_liburua/Errezetak/Antxoa_betea,Antxoa betea,,
Antxoa kremaz beterikoa,Arraina,https://eu.wikibooks.org/wiki/Sukaldaritza_liburua/Errezetak/Antxoa_kremaz_beterikoa,Antxoa kremaz beterikoa,,Kremak
Antxoa marinatu entsalada,Arraina,https://eu.wikibooks.org/wiki/Sukaldaritza_liburua/Errezetak/Antxoa_marinatu_entsalada,Antxoa marinatu entsalada,,Entsalada
Antxoa ozpinetan,Arraina,https://eu.wikibooks.org/wiki/Sukaldaritza_liburua/Errezetak/Antxoa_ozpinetan,Antxoa ozpinetan,,
Antxoa papillote eran,Arraina,https://eu.wikibooks.org/wiki/Sukaldaritza_liburua/Errezetak/Antxoa_papillote_eran,Antxoa papillote,,
Antxoak tipulin eta baratxuri freskoekin,"Oliba olioa, Arraina","https://eu.wikibooks.org/wiki/Sukaldaritza_liburua/Errezetak/Antxoak_tipulin_eta_baratxuri_freskoekin, https://eu.wikibooks.org/wiki/Sukaldaritza_liburua/Errezetak/Antxoak_tipulin_eta_baratxuri_freskoekin",Antxoa tipulin baratxuri freskoekin,Bigarren platerak,
Antxua arrautzeztatua,Arraina,https://eu.wikibooks.org/wiki/Sukaldaritza_liburua/Errezetak/Antxua_arrautzeztatua,Antxua arrautzeztatua,,
Antxua baratxuritan frijitua,Arraina,https://eu.wikibooks.org/wiki/Sukaldaritza_liburua/Errezetak/Antxua_baratxuritan_frijitua,Antxua baratxuritan frijitua,,
Antxua betea,Arraina,https://eu.wikibooks.org/wiki/Sukaldaritza_liburua/Errezetak/Antxua_betea,Antxua betea,,
Antxua ozpinetan,Arraina,https://eu.wikibooks.org/wiki/Sukaldaritza_liburua/Errezetak/Antxua_ozpinetan,Antxua ozpinetan,,
Antxua papillote eran,Arraina,https://eu.wikibooks.org/wiki/Sukaldaritza_liburua/Errezetak/Antxua_papillote_eran,Antxua papillote,,
Arkume izterra labean barazkiekin,"Oliba olioa, Barazkia","https://eu.wikibooks.org/wiki/Sukaldaritza_liburua/Errezetak/Arkume_izterra_labean_barazkiekin, https://eu.wikibooks.org/wiki/Sukaldaritza_liburua/Errezetak/Arkume_izterra_labean_barazkiekin",Arkume izterra labean barazkiekin,Bigarren platerak,Labekatu
Arkumea txilindronean,Oliba olioa,https://eu.wikibooks.org/wiki/Sukaldaritza_liburua/Errezetak/Arkumea_txilindronean,Arkumea txilindronean,Bigarren platerak,
Arrain budina,Arraina,https://eu.wikibooks.org/wiki/Sukaldaritza_liburua/Errezetak/Arrain_budina,Arrain budina,,
Arrain salda,Arraina,https://eu.wikibooks.org/wiki/Sukaldaritza_liburua/Errezetak/Arrain_salda,Arrain salda,,
Arrain zopa,Arraina,https://eu.wikibooks.org/wiki/Sukaldaritza_liburua/Errezetak/Arrain_zopa,Arrain zopa,,Zopak
Arrautza budina,Arrautza,https://eu.wikibooks.org/wiki/Sukaldaritza_liburua/Errezetak/Arrautza_budina,Arrautza budina,,
Arrautza egosia,Arrautza,https://eu.wikibooks.org/wiki/Sukaldaritza_liburua/Errezetak/Arrautza_egosia,Arrautza egosia,,
Arrautza frijitua,Arrautza,https://eu.wikibooks.org/wiki/Sukaldaritza_liburua/Errezetak/Arrautza_frijitua,Arrautza frijitua,,
Arrautza galdarraztatua,Arrautza,https://eu.wikibooks.org/wiki/Sukaldaritza_liburua/Errezetak/Arrautza_galdarraztatua,Arrautza galdarraztatua,,
Arrautza habia,Arrautza,https://eu.wikibooks.org/wiki/Sukaldaritza_liburua/Errezetak/Arrautza_habia,Arrautza habia,,
Arrautza mollet eran,Arrautza,https://eu.wikibooks.org/wiki/Sukaldaritza_liburua/Errezetak/Arrautza_mollet_eran,Arrautza mollet,,
Arrautza uretan pasea,Arrautza,"https://eu.wikibooks.org/wiki/Sukaldaritza_liburua/Errezetak/Arrautza,_uretan_pasea",Arrautza uretan pasea,,
Arrautzak kardu eta kutixiekin,"Oliba olioa, Arrautza","https://eu.wikibooks.org/wiki/Sukaldaritza_liburua/Errezetak/Arrautzak_kardu_eta_kutixiekin, https://eu.wikibooks.org/wiki/Sukaldaritza_liburua/Errezetak/Arrautzak_kardu_eta_kutixiekin",Arrautza kardu kutixiekin,Bigarren platerak,
Arrautzarekin labean eginiko gazta tarta,Arrautza,https://eu.wikibooks.org/wiki/Sukaldaritza_liburua/Errezetak/Arrautzarekin_labean_eginiko_gazta_tarta,Arrautza labean eginiko gazta tarta,,
Arroz beltza,Arroza,https://eu.wikibooks.org/wiki/Sukaldaritza_liburua/Errezetak/Arroz_beltza,Arroz beltza,,
Arroz entsalada,"Arroza, Barazkia","https://eu.wikibooks.org/wiki/Sukaldaritza_liburua/Errezetak/Arroz_entsalada, https://eu.wikibooks.org/wiki/Sukaldaritza_liburua/Errezetak/Arroz_entsalada",Arroz entsalada,,Entsalada
Arroz esnea,Arroza,https://eu.wikibooks.org/wiki/Sukaldaritza_liburua/Errezetak/Arroz_esnea,Arroz esnea,Azkenburukoak,
Arroz esnea2,"Esnekiak, Arroza","https://eu.wikibooks.org/wiki/Sukaldaritza_liburua/Errezetak/Arroz_esnea_2, https://eu.wikibooks.org/wiki/Sukaldaritza_liburua/Errezetak/Arroz_esnea_2",Arroz esnea2,,
Arroz hindua,Arroza,https://eu.wikibooks.org/wiki/Sukaldaritza_liburua/Errezetak/Arroz_hindua,Arroz hindua,,
Arroz odolki kruxpetak,Arroza,https://eu.wikibooks.org/wiki/Sukaldaritza_liburua/Errezetak/Arroz-odolki_kruxpetak,Arroz odolki kruxpeta,,
Arroz odolkia piper eta galeper arrautzekin,"Arroza, Haragia, Arrautza","https://eu.wikibooks.org/wiki/Sukaldaritza_liburua/Errezetak/Arroz_odolkia,_piper_eta_galeper_arrautzekin, https://eu.wikibooks.org/wiki/Sukaldaritza_liburua/Errezetak/Arroz_odolkia,_piper_eta_galeper_arrautzekin, https://eu.wikibooks.org/wiki/Sukaldaritza_liburua/Errezetak/Arroz_odolkia,_piper_eta_galeper_arrautzekin",Arroz odolkia piper galeper arrautzekin,,
Arroz osoa barazki salteatuekin,Arroza,https://eu.wikibooks.org/wiki/Sukaldaritza_liburua/Errezetak/Arroz_osoa_barazki_salteatuekin,Arroz osoa barazki salteatuekin,,
Arroz osoa barazkiekin,Arroza,https://eu.wikibooks.org/wiki/Sukaldaritza_liburua/Errezetak/Arroz_osoa_barazkiekin,Arroz osoa barazkiekin,,
Arroz txuria,Arroza,https://eu.wikibooks.org/wiki/Sukaldaritza_liburua/Errezetak/Arroz_txuria,Arroz txuria,,
Arroz zopa,Arroza,https://eu.wikibooks.org/wiki/Sukaldaritza_liburua/Errezetak/Arroz_zopa,Arroz zopa,,Zopak
Arroz zuri egosia,Arroza,https://eu.wikibooks.org/wiki/Sukaldaritza_liburua/Errezetak/Arroz_zuri_egosia,Arroz zuri egosia,,
Arroz zuria txirlekin,Arroza,https://eu.wikibooks.org/wiki/Sukaldaritza_liburua/Errezetak/Arroz_zuria_txirlekin,Arroz zuria txirlekin,,
Arroza abakandoarekin,"Itsaskia, Arroza","https://eu.wikibooks.org/wiki/Sukaldaritza_liburua/Errezetak/Arroza_abakandoarekin, https://eu.wikibooks.org/wiki/Sukaldaritza_liburua/Errezetak/Arroza_abakandoarekin",Arroza abakandoa,,
Arroza barazkiekin,Arroza,https://eu.wikibooks.org/wiki/Sukaldaritza_liburua/Errezetak/Arroza_barazkiekin,Arroza barazkiekin,,
Arroza japoniar eran egosia,Arroza,https://eu.wikibooks.org/wiki/Sukaldaritza_liburua/Errezetak/Arroza_japoniar_eran_egosia,Arroza japoni egosia,,
Arroza oilasko eta curryarekin,Arroza,https://eu.wikibooks.org/wiki/Sukaldaritza_liburua/Errezetak/Arroza_oilasko_eta_curryarekin,Arroza oilasko currya,Lehen platerak,
Arroza oilaskoarekin,Arroza,https://eu.wikibooks.org/wiki/Sukaldaritza_liburua/Errezetak/Arroza_oilaskoarekin,Arroza oilaskoa,,
Arroza txibiekin,"Itsaskia, Arroza","https://eu.wikibooks.org/wiki/Sukaldaritza_liburua/Errezetak/Arroza_Txibiekin, https://eu.wikibooks.org/wiki/Sukaldaritza_liburua/Errezetak/Arroza_Txibiekin",Arroza txibiekin,,
Arroza txipiroiekin,"Oliba olioa, Itsaskia, Arroza","https://eu.wikibooks.org/wiki/Sukaldaritza_liburua/Errezetak/Arroza_txipiroiekin, https://eu.wikibooks.org/wiki/Sukaldaritza_liburua/Errezetak/Arroza_Txipiroiekin, https://eu.wikibooks.org/wiki/Sukaldaritza_liburua/Errezetak/Arroza_Txipiroiekin, https://eu.wikibooks.org/wiki/Sukaldaritza_liburua/Errezetak/Arroza_txipiroiekin",Arroza txipiroiekin,Lehen platerak,
Arrozezko odolki kruxpetak piper kremarekin,"Arroza, Haragia","https://eu.wikibooks.org/wiki/Sukaldaritza_liburua/Errezetak/Arrozezko_odolki_kruxpetak_piper_kremarekin, https://eu.wikibooks.org/wiki/Sukaldaritza_liburua/Errezetak/Arrozezko_odolki_kruxpetak_piper_kremarekin",Arrozezko odolki kruxpeta piper krema,Lehen platerak,Kremak
Arto irin tortillak,Arrautza,https://eu.wikibooks.org/wiki/Sukaldaritza_liburua/Errezetak/Arto_irin_tortillak,Arto irin tortilla,,
Askotariko paella,Arroza,https://eu.wikibooks.org/wiki/Sukaldaritza_liburua/Errezetak/Askotariko_paella,Askotariko paella,,
Atun mendrezka plantxan tomate eta otarrainxkekin,"Oliba olioa, Arraina","https://eu.wikibooks.org/wiki/Sukaldaritza_liburua/Errezetak/Atun_mendrezka_plantxan_tomate_eta_otarrainxkekin, https://eu.wikibooks.org/wiki/Sukaldaritza_liburua/Errezetak/Atun_mendrezka_plantxan_tomate_eta_otarrainxkekin",Atun mendrezka plantxan tomate otarrainxkekin,Bigarren platerak,Plantxan
Atungorri carpaccioa,Arraina,https://eu.wikibooks.org/wiki/Sukaldaritza_liburua/Errezetak/Atungorri_carpaccioa,Atungorri carpaccioa,,
Atungorri sashimia,Arraina,https://eu.wikibooks.org/wiki/Sukaldaritza_liburua/Errezetak/Atungorri_sashimia,Atungorri sashimia,,
Azenario purea,Barazkia,https://eu.wikibooks.org/wiki/Sukaldaritza_liburua/Errezetak/Azenario_purea,Azenario purea,,
Azpizuna plantxan,Haragia,https://eu.wikibooks.org/wiki/Sukaldaritza_liburua/Errezetak/Azpizuna_plantxan,Azpizuna plantxan,,Plantxan
Baba egosia,Lekaleak,https://eu.wikibooks.org/wiki/Sukaldaritza_liburua/Errezetak/Baba_egosia,Baba egosia,,
Babak ilarrekin,Lekaleak,https://eu.wikibooks.org/wiki/Sukaldaritza_liburua/Errezetak/Babak_ilarrekin,Baba ilar,,
Babak urdaiazpikoarekin,Lekaleak,https://eu.wikibooks.org/wiki/Sukaldaritza_liburua/Errezetak/Babak_urdaiazpikoarekin,Baba urdaiazpikoa,,
Babarrun zuriak,Lekaleak,https://eu.wikibooks.org/wiki/Sukaldaritza_liburua/Errezetak/Babarrun_zuriak,Babarrun zuria,,
Bakailao brandada piperrekin eta ziazerbekin,"Oliba olioa, Arraina","https://eu.wikibooks.org/wiki/Sukaldaritza_liburua/Errezetak/Bakailao_brandada_piperrekin_eta_ziazerbekin, https://eu.wikibooks.org/wiki/Sukaldaritza_liburua/Errezetak/Bakailao_brandada_piperrekin_eta_ziazerbekin",Bakailao brandada piper ziazerbekin,Bigarren platerak,
Bakailao carpaccioa ziza eta pinaziekin,"Oliba olioa, Arraina","https://eu.wikibooks.org/wiki/Sukaldaritza_liburua/Errezetak/Bakailao_carpaccioa,_ziza_eta_pinaziekin, https://eu.wikibooks.org/wiki/Sukaldaritza_liburua/Errezetak/Bakailao_carpaccioa,_ziza_eta_pinaziekin",Bakailao carpaccioa ziza pinaziekin,,
Bakailao edo legatz kroketak,Arraina,https://eu.wikibooks.org/wiki/Sukaldaritza_liburua/Errezetak/Bakailao_edo_legatz_kroketak,Bakailao legatz kroketa,,
Bakailao entsalada,Arraina,https://eu.wikibooks.org/wiki/Sukaldaritza_liburua/Errezetak/Bakailao_entsalada,Bakailao entsalada,,Entsalada
Bakailao eta piper erre entsalada epela,"Oliba olioa, Arraina","https://eu.wikibooks.org/wiki/Sukaldaritza_liburua/Errezetak/Bakailao_eta_piper_erre_entsalada_epela, https://eu.wikibooks.org/wiki/Sukaldaritza_liburua/Errezetak/Bakailao_eta_piper_erre_entsalada_epela",Bakailao piper erre entsalada epela,Lehen platerak,Entsalada
Bakailao frijitua,Arraina,https://eu.wikibooks.org/wiki/Sukaldaritza_liburua/Errezetak/Bakailao_frijitua,Bakailao frijitua,,
Bakailao kokotxak gari zainzuri eta piper freskoekin,"Oliba olioa, Arraina","https://eu.wikibooks.org/wiki/Sukaldaritza_liburua/Errezetak/Bakailao_kokotxak_gari_zainzuri_eta_piper_freskoekin, https://eu.wikibooks.org/wiki/Sukaldaritza_liburua/Errezetak/Bakailao_kokotxak_gari_zainzuri_eta_piper_freskoekin",Bakailao kokotxa gari zainzuri piper freskoekin,Bigarren platerak,
Bakailao kokotxak saltsa berdean,Arraina,https://eu.wikibooks.org/wiki/Sukaldaritza_liburua/Errezetak/Bakailao_kokotxak_saltsa_berdean,Bakailao kokotxa saltsa berdean,,
Bakailao konfitatua basmati arrozarekin eta ziazerbekin,"Oliba olioa, Arroza, Barazkia, Arraina","https://eu.wikibooks.org/wiki/Sukaldaritza_liburua/Errezetak/Bakailao_konfitatua,_basmati_arrozarekin_eta_ziazerbekin, https://eu.wikibooks.org/wiki/Sukaldaritza_liburua/Errezetak/Bakailao_konfitatua,_basmati_arrozarekin_eta_ziazerbekin, https://eu.wikibooks.org/wiki/Sukaldaritza_liburua/Errezetak/Bakailao_konfitatua,_basmati_arrozarekin_eta_ziazerbekin, https://eu.wikibooks.org/wiki/Sukaldaritza_liburua/Errezetak/Bakailao_konfitatua,_basmati_arrozarekin_eta_ziazerbekin",Bakailao konfitatua basmati arroza ziazerbekin,,
Bakailao konfitatua piperrekin,Arraina,https://eu.wikibooks.org/wiki/Sukaldaritza_liburua/Errezetak/Bakailao_konfitatua_piperrekin,Bakailao konfitatua piper,,
Bakailao masailak saltsa berdean patatekin,Arraina,https://eu.wikibooks.org/wiki/Sukaldaritza_liburua/Errezetak/Bakailao_masailak_saltsa_berdean_patatekin,Bakailao masaila saltsa berdean patatekin,,
Bakailao nahaskia,Arraina,https://eu.wikibooks.org/wiki/Sukaldaritza_liburua/Errezetak/Bakailao_nahaskia,Bakailao nahaskia,,
Bakailao tortilla,"Arraina, Arrautza","https://eu.wikibooks.org/wiki/Sukaldaritza_liburua/Errezetak/Bakailao_tortilla, https://eu.wikibooks.org/wiki/Sukaldaritza_liburua/Errezetak/Bakailao_tortilla",Bakailao tortilla,,
Bakailaoa bizkaitar erara,Arraina,https://eu.wikibooks.org/wiki/Sukaldaritza_liburua/Errezetak/Bakailaoa_bizkaitar_erara,Bakailaoa bizkait,,
Bakailaoa frijitua piper saltsa eta alioli gainerrea,Arraina,https://eu.wikibooks.org/wiki/Sukaldaritza_liburua/Errezetak/Bakailaoa_frijitua_piper_saltsa_eta_alioli_gainerrea,Bakailaoa frijitua piper saltsa alioli gainerrea,,
Bakailaoa pil pil erara,Arraina,https://eu.wikibooks.org/wiki/Sukaldaritza_liburua/Errezetak/Bakailaoa_pil-pil_erara,Bakailaoa pil pil,,
Bakailaoaren brandada,Arraina,https://eu.wikibooks.org/wiki/Sukaldaritza_liburua/Errezetak/Bakailaoaren_brandada,Bakailaoaren brandada,,
Bakailo piper beteak,Arraina,https://eu.wikibooks.org/wiki/Sukaldaritza_liburua/Errezetak/Bakailo_piper_beteak,Bakailo piper betea,,
Baratxuri zopa bakailaoarekin,Arrautza,https://eu.wikibooks.org/wiki/Sukaldaritza_liburua/Errezetak/Baratxuri_zopa_bakailaoarekin,Baratxuri zopa bakailaoa,Lehen platerak,Zopak
Baratxuri zopa2,Arrautza,https://eu.wikibooks.org/wiki/Sukaldaritza_liburua/Errezetak/Baratxuri_zopa_2,Baratxuri zopa2,,
Barazki betegaia,Barazkia,https://eu.wikibooks.org/wiki/Sukaldaritza_liburua/Errezetak/Barazki_betegaia,Barazki betegaia,,
Barazki budina,Barazkia,https://eu.wikibooks.org/wiki/Sukaldaritza_liburua/Errezetak/Barazki_budina,Barazki budina,,
Barazki estrudela,Barazkia,https://eu.wikibooks.org/wiki/Sukaldaritza_liburua/Errezetak/Barazki_estrudela,Barazki estrudela,,
Barazki eta otarrainxka risottoa,"Oliba olioa, Arroza, Barazkia","https://eu.wikibooks.org/wiki/Sukaldaritza_liburua/Errezetak/Barazki_eta_otarrainxka_risottoa, https://eu.wikibooks.org/wiki/Sukaldaritza_liburua/Errezetak/Barazki_eta_otarrainxka_risottoa, https://eu.wikibooks.org/wiki/Sukaldaritza_liburua/Errezetak/Barazki_eta_otarrainxka_risottoa",Barazki otarrainxka risottoa,Lehen platerak,
Barazki eta txekor azpizun erregosia,"Barazkia, Arrautza","https://eu.wikibooks.org/wiki/Sukaldaritza_liburua/Errezetak/Barazki_eta_txekor_azpizun_erregosia, https://eu.wikibooks.org/wiki/Sukaldaritza_liburua/Errezetak/Barazki_eta_txekor_azpizun_erregosia",Barazki txekor azpizun erregosia,Lehen platerak,Erregosi
Barazki eta txipiroi entsalada,"Oliba olioa, Itsaskia, Barazkia","https://eu.wikibooks.org/wiki/Sukaldaritza_liburua/Errezetak/Barazki_eta_txipiroi_entsalada, https://eu.wikibooks.org/wiki/Sukaldaritza_liburua/Errezetak/Barazki_eta_txipiroi_entsalada, https://eu.wikibooks.org/wiki/Sukaldaritza_liburua/Errezetak/Barazki_eta_txipiroi_entsalada",Barazki txipiroi entsalada,Lehen platerak,Entsalada
Barazki eta txipiroi risottoa,"Oliba olioa, Itsaskia, Arroza, Barazkia","https://eu.wikibooks.org/wiki/Sukaldaritza_liburua/Errezetak/Barazki_eta_txipiroi_risottoa, https://eu.wikibooks.org/wiki/Sukaldaritza_liburua/Errezetak/Barazki_eta_txipiroi_risottoa, https://eu.wikibooks.org/wiki/Sukaldaritza_liburua/Errezetak/Barazki_eta_txipiroi_risottoa, https://eu.wikibooks.org/wiki/Sukaldaritza_liburua/Errezetak/Barazki_eta_txipiroi_risottoa",Barazki txipiroi risottoa,Lehen platerak,
Barazki eta zapo risotoa,"Oliba olioa, Arroza, Barazkia","https://eu.wikibooks.org/wiki/Sukaldaritza_liburua/Errezetak/Barazki_eta_zapo_risotoa, https://eu.wikibooks.org/wiki/Sukaldaritza_liburua/Errezetak/Barazki_eta_zapo_risotoa, https://eu.wikibooks.org/wiki/Sukaldaritza_liburua/Errezetak/Barazki_eta_zapo_risotoa",Barazki zapo risotoa,Lehen platerak,
Barazki koka,Barazkia,https://eu.wikibooks.org/wiki/Sukaldaritza_liburua/Errezetak/Barazki_koka,Barazki koka,,
Barazki krepeak,"Oliba olioa, Barazkia, Arrautza","https://eu.wikibooks.org/wiki/Sukaldaritza_liburua/Errezetak/Barazki_krepeak, https://eu.wikibooks.org/wiki/Sukaldaritza_liburua/Errezetak/Barazki_krepeak, https://eu.wikibooks.org/wiki/Sukaldaritza_liburua/Errezetak/Barazki_krepeak",Barazki krepea,Lehen platerak,
Barazki lasagna,Barazkia,https://eu.wikibooks.org/wiki/Sukaldaritza_liburua/Errezetak/Barazki_lasagna,Barazki lasagna,,
Barazki menestra,Barazkia,https://eu.wikibooks.org/wiki/Sukaldaritza_liburua/Errezetak/Barazki_menestra,Barazki menestra,,
Barazki menestra2,"Oliba olioa, Barazkia, Arrautza","https://eu.wikibooks.org/wiki/Sukaldaritza_liburua/Errezetak/Barazki_menestra_2, https://eu.wikibooks.org/wiki/Sukaldaritza_liburua/Errezetak/Barazki_menestra_2, https://eu.wikibooks.org/wiki/Sukaldaritza_liburua/Errezetak/Barazki_menestra_2",Barazki menestra2,,
Barazki moussaka,Barazkia,https://eu.wikibooks.org/wiki/Sukaldaritza_liburua/Errezetak/Barazki_moussaka,Barazki moussaka,,
Barazki panatxea,Barazkia,https://eu.wikibooks.org/wiki/Sukaldaritza_liburua/Errezetak/Barazki_panatxea,Barazki panatxea,,
Barazki purea,Barazkia,https://eu.wikibooks.org/wiki/Sukaldaritza_liburua/Errezetak/Barazki_purea,Barazki purea,,
Barazki salda,Barazkia,https://eu.wikibooks.org/wiki/Sukaldaritza_liburua/Errezetak/Barazki_salda,Barazki salda,,
Barazki salteatua,Barazkia,https://eu.wikibooks.org/wiki/Sukaldaritza_liburua/Errezetak/Barazki_salteatua,Barazki salteatua,,
Barazki saltsa,Barazkia,https://eu.wikibooks.org/wiki/Sukaldaritza_liburua/Errezetak/Barazki_saltsa,Barazki saltsa,,
Barazki tortilla,"Barazkia, Arrautza","https://eu.wikibooks.org/wiki/Sukaldaritza_liburua/Errezetak/Barazki_tortilla, https://eu.wikibooks.org/wiki/Sukaldaritza_liburua/Errezetak/Barazki_tortilla",Barazki tortilla,,
Barazkia tenpuran frijitua,Barazkia,https://eu.wikibooks.org/wiki/Sukaldaritza_liburua/Errezetak/Barazkia_tenpuran_frijitua,Barazkia tenpuran frijitua,,Frijitu
Barazkiak dadotean sueztituak,Barazkia,https://eu.wikibooks.org/wiki/Sukaldaritza_liburua/Errezetak/Barazkiak_dadotean_sueztituak,Barazkia dadotean sueztitua,,
Barbarin arraintxoak plantxan ziazerba eta otarrainxkekin,Oliba olioa,https://eu.wikibooks.org/wiki/Sukaldaritza_liburua/Errezetak/Barbarin_arraintxoak_plantxan_ziazerba_eta_otarrainxkekin,Barbarin arraintxoa plantxan ziazerba otarrainxkekin,Bigarren platerak,Plantxan
Barbarin frijituak,Arraina,https://eu.wikibooks.org/wiki/Sukaldaritza_liburua/Errezetak/Barbarin_frijituak,Barbarin frijitua,,
Barraskilo salteatuak,Barraskiloak,https://eu.wikibooks.org/wiki/Sukaldaritza_liburua/Errezetak/Barraskilo_salteatuak,Barraskilo salteatua,,
Barraskiloak bizkaitar erara,Barraskiloak,https://eu.wikibooks.org/wiki/Sukaldaritza_liburua/Errezetak/Barraskiloak_bizkaitar_erara,Barraskiloa bizkait,,
Barraskiloak parrillan,Barraskiloak,https://eu.wikibooks.org/wiki/Sukaldaritza_liburua/Errezetak/Barraskiloak_parrillan,Barraskiloa parrillan,,
Basa arroza arroz zuriarekin,Arroza,"https://eu.wikibooks.org/wiki/Sukaldaritza_liburua/Errezetak/Basa_arroza,_arroz_zuriarekin",Basa arroza arroz zuria,,
Baserriko ogi tosta berezia,Oliba olioa,https://eu.wikibooks.org/wiki/Sukaldaritza_liburua/Errezetak/Baserriko_ogi_tosta_berezia,Baserriko ogi tosta berezia,Lehen platerak,
Basmati arroza entsaladan,"Oliba olioa, Arroza","https://eu.wikibooks.org/wiki/Sukaldaritza_liburua/Errezetak/Basmati_arroza_entsaladan, https://eu.wikibooks.org/wiki/Sukaldaritza_liburua/Errezetak/Basmati_arroza_entsaladan",Basmati arroza entsaladan,Lehen platerak,Entsalada
Baso fruituen saltsa,Fruta,https://eu.wikibooks.org/wiki/Sukaldaritza_liburua/Errezetak/Baso_fruituen_saltsa,Baso fruituen saltsa,,
Basurdea saltsan,Oliba olioa,https://eu.wikibooks.org/wiki/Sukaldaritza_liburua/Errezetak/Basurdea_saltsan,Basurdea saltsan,Bigarren platerak,
Berdela eskabetxean,Arraina,https://eu.wikibooks.org/wiki/Sukaldaritza_liburua/Errezetak/Berdela_eskabetxean,Berdela eskabetxean,,
Berdela labean piperradarekin,Arraina,https://eu.wikibooks.org/wiki/Sukaldaritza_liburua/Errezetak/Berdela_labean_piperradarekin,Berdela labean piperrada,Bigarren platerak,Labekatu
Bexamelaz eginiko haragi betegaia,Haragia,https://eu.wikibooks.org/wiki/Sukaldaritza_liburua/Errezetak/Bexamelaz_eginiko_haragi_betegaia,Bexamelaz eginiko haragi betegaia,,
Bijiliako txitxirioak,Lekaleak,https://eu.wikibooks.org/wiki/Sukaldaritza_liburua/Errezetak/Bijiliako_Txitxirioak,Bijiliako txitxirioa,,
Biribilkia saltsan,Haragia,https://eu.wikibooks.org/wiki/Sukaldaritza_liburua/Errezetak/Biribilkia_saltsan,Biribilkia saltsan,,
Bisigua labean,Arraina,https://eu.wikibooks.org/wiki/Sukaldaritza_liburua/Errezetak/Bisigua_labean,Bisigua labean,,
Bizkaitar saltsa,Arraina,https://eu.wikibooks.org/wiki/Sukaldaritza_liburua/Errezetak/Bizkaitar_saltsa,Bizkait saltsa,,
Bruselazak borraja eta urdaiazpikoarekin,"Barazkia, Haragia","https://eu.wikibooks.org/wiki/Sukaldaritza_liburua/Errezetak/Bruselazak_borraja_eta_urdaiazpikoarekin, https://eu.wikibooks.org/wiki/Sukaldaritza_liburua/Errezetak/Bruselazak_borraja_eta_urdaiazpikoarekin",Bruselaza borraja urdaiazpikoa,Lehen platerak,
Buia maionesarekin,Itsaskia,https://eu.wikibooks.org/wiki/Sukaldaritza_liburua/Errezetak/Buia_maionesarekin,Buia maionesa,,
Caprese entsalada,Barazkia,https://eu.wikibooks.org/wiki/Sukaldaritza_liburua/Errezetak/Caprese_entsalada,Caprese entsalada,,Entsalada
Cesar entsalada,Barazkia,https://eu.wikibooks.org/wiki/Sukaldaritza_liburua/Errezetak/Cesar_entsalada,Ces entsalada,,Entsalada
Eperrak saltsan,Oliba olioa,https://eu.wikibooks.org/wiki/Sukaldaritza_liburua/Errezetak/Eperrak_saltsan,Eperra saltsan,Bigarren platerak,
Eperrak txokolate saltsan,Txokolatea,https://eu.wikibooks.org/wiki/Sukaldaritza_liburua/Errezetak/Eperrak_txokolate_saltsan,Eperra txokolate saltsan,,
Erreboiloa basmati arrozarekin eta lekekin,"Oliba olioa, Arroza, Barazkia, Arraina","https://eu.wikibooks.org/wiki/Sukaldaritza_liburua/Errezetak/Erreboiloa_basmati_arrozarekin_eta_lekekin, https://eu.wikibooks.org/wiki/Sukaldaritza_liburua/Errezetak/Erreboiloa_basmati_arrozarekin_eta_lekekin, https://eu.wikibooks.org/wiki/Sukaldaritza_liburua/Errezetak/Erreboiloa_basmati_arrozarekin_eta_lekekin, https://eu.wikibooks.org/wiki/Sukaldaritza_liburua/Errezetak/Erreboiloa_basmati_arrozarekin_eta_lekekin",Erreboiloa basmati arroza lekekin,Bigarren platerak,
Erremolatxa egosia,Barazkia,https://eu.wikibooks.org/wiki/Sukaldaritza_liburua/Errezetak/Erremolatxa_egosia,Erremolatxa egosia,,
Etxeko bizkotxoa marrubiekin eta esne gainarekin,"Fruta, Arrautza","https://eu.wikibooks.org/wiki/Sukaldaritza_liburua/Errezetak/Etxeko_bizkotxoa_marrubiekin_eta_esne_gainarekin, https://eu.wikibooks.org/wiki/Sukaldaritza_liburua/Errezetak/Etxeko_bizkotxoa_marrubiekin_eta_esne_gainarekin",Etxeko bizkotxoa marrubiekin esne gaina,Azkenburukoak,
Etxeko gailetak kremaz beteak,Arrautza,https://eu.wikibooks.org/wiki/Sukaldaritza_liburua/Errezetak/Etxeko_gailetak_kremaz_beteak,Etxeko gaileta kremaz betea,Azkenburukoak,Kremak
Fideua barazki eta muskuiluekin,"Oliba olioa, Barazkia","https://eu.wikibooks.org/wiki/Sukaldaritza_liburua/Errezetak/Fideua_barazki_eta_muskuiluekin, https://eu.wikibooks.org/wiki/Sukaldaritza_liburua/Errezetak/Fideua_barazki_eta_muskuiluekin",Fideua barazki muskuiluekin,Lehen platerak,
Fideua barazki eta otarrainxkekin,"Oliba olioa, Pasta, Barazkia","https://eu.wikibooks.org/wiki/Sukaldaritza_liburua/Errezetak/Fideua,_barazki_eta_otarrainxkekin, https://eu.wikibooks.org/wiki/Sukaldaritza_liburua/Errezetak/Fideua,_barazki_eta_otarrainxkekin, https://eu.wikibooks.org/wiki/Sukaldaritza_liburua/Errezetak/Fideua,_barazki_eta_otarrainxkekin",Fideua barazki otarrainxkekin,,
Fideua otarrainxka eta barazkiekin,"Oliba olioa, Pasta, Barazkia","https://eu.wikibooks.org/wiki/Sukaldaritza_liburua/Errezetak/Fideua_otarrainxka_eta_barazkiekin, https://eu.wikibooks.org/wiki/Sukaldaritza_liburua/Errezetak/Fideua_otarrainxka_eta_barazkiekin, https://eu.wikibooks.org/wiki/Sukaldaritza_liburua/Errezetak/Fideua_otarrainxka_eta_barazkiekin",Fideua otarrainxka barazkiekin,Lehen platerak,
Fideua txibiekin,Itsaskia,https://eu.wikibooks.org/wiki/Sukaldaritza_liburua/Errezetak/Fideua_txibiekin,Fideua txibiekin,,
Flamenka eran eginiko arrautzak,Arrautza,https://eu.wikibooks.org/wiki/Sukaldaritza_liburua/Errezetak/Flamenka_eran_eginiko_arrautzak,Flamenka eginiko arrautza,,
Fouti arroza,Arroza,https://eu.wikibooks.org/wiki/Sukaldaritza_liburua/Errezetak/Fouti_arroza,Fouti arroza,,
Frantziar lekak perretxiko eta otarrainxkekin,"Oliba olioa, Lekaleak, Barazkia","https://eu.wikibooks.org/wiki/Sukaldaritza_liburua/Errezetak/Frantziar_lekak_perretxiko_eta_otarrainxkekin, https://eu.wikibooks.org/wiki/Sukaldaritza_liburua/Errezetak/Frantziar_lekak_perretxiko_eta_otarrainxkekin, https://eu.wikibooks.org/wiki/Sukaldaritza_liburua/Errezetak/Frantziar_lekak_perretxiko_eta_otarrainxkekin",Frantzi leka perretxiko otarrainxkekin,Lehen platerak,
Frijitzeko orea,Barazkia,https://eu.wikibooks.org/wiki/Sukaldaritza_liburua/Errezetak/Frijitzeko_orea,Frijitzeko orea,,Frijitu
Fruta gelatina bainua,Fruta,https://eu.wikibooks.org/wiki/Sukaldaritza_liburua/Errezetak/Fruta_gelatina_bainua,Fruta gelatina bainua,,
Fruta mazedonia,Fruta,https://eu.wikibooks.org/wiki/Sukaldaritza_liburua/Errezetak/Fruta_mazedonia,Fruta mazedonia,,
Fruta moussea,Fruta,https://eu.wikibooks.org/wiki/Sukaldaritza_liburua/Errezetak/Fruta_moussea,Fruta moussea,,
Gaileta tarta eta txokolate zurizko kremarekin,Txokolatea,https://eu.wikibooks.org/wiki/Sukaldaritza_liburua/Errezetak/Gaileta-tarta_eta_txokolate_zurizko_kremarekin,Gaileta tarta txokolate zurizko krema,,
Galeper arrautza pintxoa,Arrautza,https://eu.wikibooks.org/wiki/Sukaldaritza_liburua/Errezetak/Galeper_arrautza_pintxoa,Galeper arrautza pintxoa,,
Galeperra arrautza egosia,Arrautza,https://eu.wikibooks.org/wiki/Sukaldaritza_liburua/Errezetak/Galeperra_arrautza_egosia,Galeperra arrautza egosia,,
Galiziar haragi enpanada,Haragia,https://eu.wikibooks.org/wiki/Sukaldaritza_liburua/Errezetak/Galiziar_haragi_enpanada,Galizi haragi enpanada,,
Ganbak baratxuritan,"Itsaskia, Arraina","https://eu.wikibooks.org/wiki/Sukaldaritza_liburua/Errezetak/Ganbak_baratxuritan, https://eu.wikibooks.org/wiki/Sukaldaritza_liburua/Errezetak/Ganbak_baratxuritan",Ganba baratxuritan,,
Ganbak plantxan edo parrilan,"Itsaskia, Arraina","https://eu.wikibooks.org/wiki/Sukaldaritza_liburua/Errezetak/Ganbak_plantxan_edo_parrilan, https://eu.wikibooks.org/wiki/Sukaldaritza_liburua/Errezetak/Ganbak_plantxan_edo_parrilan",Ganba plantxan parrilan,,Plantxan
Ganbak plantxan edo zartaginean,"Itsaskia, Arraina","https://eu.wikibooks.org/wiki/Sukaldaritza_liburua/Errezetak/Ganbak_plantxan_edo_zartaginean, https://eu.wikibooks.org/wiki/Sukaldaritza_liburua/Errezetak/Ganbak_plantxan_edo_zartaginean",Ganba plantxan zartaginean,,Plantxan
Ganbaz beteriko txipiroi frijitua,Itsaskia,https://eu.wikibooks.org/wiki/Sukaldaritza_liburua/Errezetak/Ganbaz_beteriko_txipiroi_frijitua,Ganbaz beteriko txipiroi frijitua,,
Garaiko barazki burruntzia,"Oliba olioa, Barazkia","https://eu.wikibooks.org/wiki/Sukaldaritza_liburua/Errezetak/Garaiko_barazki_burruntzia, https://eu.wikibooks.org/wiki/Sukaldaritza_liburua/Errezetak/Garaiko_barazki_burruntzia",Garaiko barazki burruntzia,Lehen platerak,
Garaiko ilarrak patata ziazerba eta txirlekin,Lekaleak,"https://eu.wikibooks.org/wiki/Sukaldaritza_liburua/Errezetak/Garaiko_ilarrak,_patata,_ziazerba_eta_txirlekin",Garaiko ilarra patata ziazerba txirlekin,,
Garbantzuak tripakiekin,"Oliba olioa, Lekaleak","https://eu.wikibooks.org/wiki/Sukaldaritza_liburua/Errezetak/Garbantzuak_tripakiekin, https://eu.wikibooks.org/wiki/Sukaldaritza_liburua/Errezetak/Garbantzuak_tripakiekin",Garbantzua tripakiekin,Lehen platerak,
Gari zainzuriak plantxan txipiroiekin,Oliba olioa,"https://eu.wikibooks.org/wiki/Sukaldaritza_liburua/Errezetak/Gari_zainzuriak_plantxan,_txipiroiekin",Gari zainzuria plantxan txipiroiekin,,
Gazta eta urdai egosi frijituak,Esnekiak,https://eu.wikibooks.org/wiki/Sukaldaritza_liburua/Errezetak/Gazta_eta_urdai_egosi_frijituak,Gazta urdai egosi frijitua,,
Gazta izozkia,Esnekiak,https://eu.wikibooks.org/wiki/Sukaldaritza_liburua/Errezetak/Gazta_izozkia,Gazta izozkia,Azkenburukoak,Kremak
Gazta krema,Esnekiak,https://eu.wikibooks.org/wiki/Sukaldaritza_liburua/Errezetak/Gazta_krema,Gazta krema,,Kremak
Gazta kroketak,Esnekiak,https://eu.wikibooks.org/wiki/Sukaldaritza_liburua/Errezetak/Gazta_kroketak,Gazta kroketa,,
Gazta tarta labean,Esnekiak,https://eu.wikibooks.org/wiki/Sukaldaritza_liburua/Errezetak/Gazta_tarta_labean,Gazta tarta labean,Azkenburukoak,
Gazta tarta mugurdi mermeladarekin,Esnekiak,https://eu.wikibooks.org/wiki/Sukaldaritza_liburua/Errezetak/Gazta_tarta_mugurdi_mermeladarekin,Gazta tarta mugurdi mermelada,Azkenburukoak,
Gazta urdin kanape edo pintxoa,Esnekiak,https://eu.wikibooks.org/wiki/Sukaldaritza_liburua/Errezetak/Gazta_urdin_kanape_edo_pintxoa,Gazta urdin kanape pintxoa,,
Gazta urdin krema kanapea,Esnekiak,https://eu.wikibooks.org/wiki/Sukaldaritza_liburua/Errezetak/Gazta_urdin_krema_kanapea,Gazta urdin krema kanapea,,Kremak
Gaztaz beteriko ravioliak txanpiñoi eta txirla kremarekin,"Esnekiak, Pasta","https://eu.wikibooks.org/wiki/Sukaldaritza_liburua/Errezetak/Gaztaz_beteriko_ravioliak_txanpi%C3%B1oi_eta_txirla_kremarekin, https://eu.wikibooks.org/wiki/Sukaldaritza_liburua/Errezetak/Gaztaz_beteriko_ravioliak_txanpi%C3%B1oi_eta_txirla_kremarekin",Gaztaz beteriko raviolia txanpiñoi txirla krema,Lehen platerak,Kremak
Gianduja krema,Txokolatea,https://eu.wikibooks.org/wiki/Sukaldaritza_liburua/Errezetak/Gianduja_krema,Gianduja krema,Azkenburukoak,
Guakamole txalupa otarrainxkekin,"Oliba olioa, Fruta","https://eu.wikibooks.org/wiki/Sukaldaritza_liburua/Errezetak/Guakamole_txalupa_otarrainxkekin, https://eu.wikibooks.org/wiki/Sukaldaritza_liburua/Errezetak/Guakamole_txalupa_otarrainxkekin",Guakamole txalupa otarrainxkekin,Lehen platerak,
Guakamolea,Fruta,https://eu.wikibooks.org/wiki/Sukaldaritza_liburua/Errezetak/Guakamolea,Guakamolea,,
Guakamoleta,Fruta,https://eu.wikibooks.org/wiki/Sukaldaritza_liburua/Errezetak/Guakamoleta,Guakamoleta,,
Haragi betegaia,Haragia,https://eu.wikibooks.org/wiki/Sukaldaritza_liburua/Errezetak/Haragi_betegaia,Haragi betegaia,,
Haragi bolak barazki saltsan,Haragia,https://eu.wikibooks.org/wiki/Sukaldaritza_liburua/Errezetak/Haragi_bolak_barazki_saltsan,Haragi bola barazki saltsan,,
Haragi bolak tomate saltsan,Haragia,https://eu.wikibooks.org/wiki/Sukaldaritza_liburua/Errezetak/Haragi_bolak_tomate_saltsan,Haragi bola tomate saltsan,,
Haragi carpaccioa,Haragia,https://eu.wikibooks.org/wiki/Sukaldaritza_liburua/Errezetak/Haragi_carpaccioa,Haragi carpaccioa,,
Haragi egosiz eta txanpinoiz beteriko piperrak,"Oliba olioa, Haragia","https://eu.wikibooks.org/wiki/Sukaldaritza_liburua/Errezetak/Haragi_egosiz_eta_txanpinoiz_beteriko_piperrak, https://eu.wikibooks.org/wiki/Sukaldaritza_liburua/Errezetak/Haragi_egosiz_eta_txanpinoiz_beteriko_piperrak",Haragi egosiz txanpinoiz beteriko piperra,Bigarren platerak,Egosi
Haragi enpanada,Haragia,https://eu.wikibooks.org/wiki/Sukaldaritza_liburua/Errezetak/Haragi_enpanada,Haragi enpanada,,
Haragi enpanadilla,Haragia,https://eu.wikibooks.org/wiki/Sukaldaritza_liburua/Errezetak/Haragi_enpanadilla,Haragi enpanadilla,,
Haragi gisatua,Haragia,https://eu.wikibooks.org/wiki/Sukaldaritza_liburua/Errezetak/Haragi_gisatua,Haragi gisatua,,
Haragi kaneloiak,Haragia,https://eu.wikibooks.org/wiki/Sukaldaritza_liburua/Errezetak/Haragi_kaneloiak,Haragi kaneloia,,
Haragi kroketak,Haragia,https://eu.wikibooks.org/wiki/Sukaldaritza_liburua/Errezetak/Haragi_kroketak,Haragi kroketa,,
Haragi lasagna,Haragia,https://eu.wikibooks.org/wiki/Sukaldaritza_liburua/Errezetak/Haragi_lasagna,Haragi lasagna,,
Haragi ragouta,Haragia,https://eu.wikibooks.org/wiki/Sukaldaritza_liburua/Errezetak/Haragi_ragouta,Haragi ragouta,,
Haragia tartar eran,Haragia,https://eu.wikibooks.org/wiki/Sukaldaritza_liburua/Errezetak/Haragia_tartar_eran,Haragia tart,,
Haragizko piper beteak,Haragia,https://eu.wikibooks.org/wiki/Sukaldaritza_liburua/Errezetak/Haragizko_piper_beteak,Haragizko piper betea,,
Hegalaburra papillote eran,Arraina,https://eu.wikibooks.org/wiki/Sukaldaritza_liburua/Errezetak/Hegalaburra_papillote_eran,Hegalaburra papillote,,
Hegaluze ahuakate eta piper tartarra,"Oliba olioa, Barazkia, Arraina","https://eu.wikibooks.org/wiki/Sukaldaritza_liburua/Errezetak/Hegaluze,_ahuakate_eta_piper_tartarra, https://eu.wikibooks.org/wiki/Sukaldaritza_liburua/Errezetak/Hegaluze,_ahuakate_eta_piper_tartarra, https://eu.wikibooks.org/wiki/Sukaldaritza_liburua/Errezetak/Hegaluze,_ahuakate_eta_piper_tartarra",Hegaluze ahuakate piper tartarra,,
Hegaluze edo arrain betegaia,Arraina,https://eu.wikibooks.org/wiki/Sukaldaritza_liburua/Errezetak/Hegaluze_edo_arrain_betegaia,Hegaluze arrain betegaia,,
Hegaluze edo hegalabur salda,Arraina,https://eu.wikibooks.org/wiki/Sukaldaritza_liburua/Errezetak/Hegaluze_edo_hegalabur_salda,Hegaluze hegalabur salda,,
Hegaluze edo hegalaburra ontziratua,Arraina,https://eu.wikibooks.org/wiki/Sukaldaritza_liburua/Errezetak/Hegaluze_edo_hegalaburra_ontziratua,Hegaluze hegalaburra ontziratua,,
Hegaluze edo hegalaburra tipularekin,Arraina,https://eu.wikibooks.org/wiki/Sukaldaritza_liburua/Errezetak/Hegaluze_edo_hegalaburra_tipularekin,Hegaluze hegalaburra tipula,,
Hegaluze edo hegalaburra tomatearekin,Arraina,https://eu.wikibooks.org/wiki/Sukaldaritza_liburua/Errezetak/Hegaluze_edo_hegalaburra_tomatearekin,Hegaluze hegalaburra tomatea,,
Hegaluze enpanada,Arraina,https://eu.wikibooks.org/wiki/Sukaldaritza_liburua/Errezetak/Hegaluze_enpanada,Hegaluze enpanada,,
Hegaluze enpanadilla,Arraina,https://eu.wikibooks.org/wiki/Sukaldaritza_liburua/Errezetak/Hegaluze_enpanadilla,Hegaluze enpanadilla,,
Hegaluze entsalada otarrainxka eta piper gorriz eginiko tar tarrarekin,"Oliba olioa, Barazkia, Arraina","https://eu.wikibooks.org/wiki/Sukaldaritza_liburua/Errezetak/Hegaluze_entsalada,_otarrainxka_eta_piper_gorriz_eginiko_tar-tarrarekin, https://eu.wikibooks.org/wiki/Sukaldaritza_liburua/Errezetak/Hegaluze_entsalada,_otarrainxka_eta_piper_gorriz_eginiko_tar-tarrarekin, https://eu.wikibooks.org/wiki/Sukaldaritza_liburua/Errezetak/Hegaluze_entsalada,_otarrainxka_eta_piper_gorriz_eginiko_tar-tarrarekin",Hegaluze entsalada otarrainxka piper gorriz eginiko t tarra,,
Hegaluze eta ibarrako piper pintxoa,Arraina,https://eu.wikibooks.org/wiki/Sukaldaritza_liburua/Errezetak/Hegaluze_eta_Ibarrako_piper_pintxoa,Hegaluze ibarrako piper pintxoa,,
Hegaluze tartarra,Arraina,https://eu.wikibooks.org/wiki/Sukaldaritza_liburua/Errezetak/Hegaluze_tartarra,Hegaluze tartarra,,
Hegaluzea asiako erara udaberriko entsaladan,"Oliba olioa, Barazkia, Arraina","https://eu.wikibooks.org/wiki/Sukaldaritza_liburua/Errezetak/Hegaluzea_Asiako_erara,_udaberriko_entsaladan, https://eu.wikibooks.org/wiki/Sukaldaritza_liburua/Errezetak/Hegaluzea_Asiako_erara,_udaberriko_entsaladan, https://eu.wikibooks.org/wiki/Sukaldaritza_liburua/Errezetak/Hegaluzea_Asiako_erara,_udaberriko_entsaladan",Hegaluzea asiako udaberriko entsaladan,,
Hegaluzea tomate konpotarekin,Arraina,https://eu.wikibooks.org/wiki/Sukaldaritza_liburua/Errezetak/Hegaluzea_tomate_konpotarekin,Hegaluzea tomate konpota,Bigarren platerak,
Hiru gutiziko arroza,Arroza,https://eu.wikibooks.org/wiki/Sukaldaritza_liburua/Errezetak/Hiru_gutiziko_arroza,Hiru gutiziko arroza,,
Hostopil koka,"Oliba olioa, Barazkia","https://eu.wikibooks.org/wiki/Sukaldaritza_liburua/Errezetak/Hostopil_koka, https://eu.wikibooks.org/wiki/Sukaldaritza_liburua/Errezetak/Hostopil_koka",Hostopil koka,Lehen platerak,
Hostopila odolki eta barazkiz beteta,Barazkia,https://eu.wikibooks.org/wiki/Sukaldaritza_liburua/Errezetak/Hostopila_odolki_eta_barazkiz_beteta,Hostopila odolki barazkiz beteta,Lehen platerak,
Hur eta txokolate opila,Txokolatea,https://eu.wikibooks.org/wiki/Sukaldaritza_liburua/Errezetak/Hur_eta_txokolate_opila,Hur txokolate opila,Azkenburukoak,
Ilar budina,Lekaleak,https://eu.wikibooks.org/wiki/Sukaldaritza_liburua/Errezetak/Ilar_budina,Il budina,,
Ilar egosia,Lekaleak,https://eu.wikibooks.org/wiki/Sukaldaritza_liburua/Errezetak/Ilar_egosia,Il egosia,,
Ilar krema,Lekaleak,https://eu.wikibooks.org/wiki/Sukaldaritza_liburua/Errezetak/Ilar_krema,Il krema,,Kremak
Ilarrak urdaiazpikoarekin,Lekaleak,https://eu.wikibooks.org/wiki/Sukaldaritza_liburua/Errezetak/Ilarrak_urdaiazpikoarekin,Ilarra urdaiazpikoa,,
Irasagarra2,Fruta,https://eu.wikibooks.org/wiki/Sukaldaritza_liburua/Errezetak/Irasagarra_2,Irasagarra2,,
Itsas paella,"Oliba olioa, Itsaskia, Arroza","https://eu.wikibooks.org/wiki/Sukaldaritza_liburua/Errezetak/Itsas_paella, https://eu.wikibooks.org/wiki/Sukaldaritza_liburua/Errezetak/Itsas_paella, https://eu.wikibooks.org/wiki/Sukaldaritza_liburua/Errezetak/Itsas_paella",Itsas paella,Lehen platerak,
Itsas zapoa,Arraina,https://eu.wikibooks.org/wiki/Sukaldaritza_liburua/Errezetak/Itsas_zapoa,Itsas zapoa,,
Itsas zapoa koxkera erara,Arraina,https://eu.wikibooks.org/wiki/Sukaldaritza_liburua/Errezetak/Itsas_zapoa_koxkera_erara,Itsas zapoa koxkera,,
Itsas zapoa saltsa berdean txirlekin,Arraina,https://eu.wikibooks.org/wiki/Sukaldaritza_liburua/Errezetak/Itsas_zapoa_saltsa_berdean_txirlekin,Itsas zapoa saltsa berdean txirlekin,,
Itsaski krema,Itsaskia,https://eu.wikibooks.org/wiki/Sukaldaritza_liburua/Errezetak/Itsaski_krema,Itsaski krema,,Kremak
Itsaski paella,"Itsaskia, Arroza","https://eu.wikibooks.org/wiki/Sukaldaritza_liburua/Errezetak/Itsaski_paella, https://eu.wikibooks.org/wiki/Sukaldaritza_liburua/Errezetak/Itsaski_paella",Itsaski paella,,
Itsaskiak sagardoarekin,Arraina,https://eu.wikibooks.org/wiki/Sukaldaritza_liburua/Errezetak/Itsaskiak_sagardoarekin,Itsaskia sagardoa,,
Itsasoa eta sagardoa,Arraina,https://eu.wikibooks.org/wiki/Sukaldaritza_liburua/Errezetak/Itsasoa_eta_sagardoa,Itsasoa sagardoa,,
Izkira egosiak,Itsaskia,https://eu.wikibooks.org/wiki/Sukaldaritza_liburua/Errezetak/Izkira_egosiak,Izkira egosia,,
Izokin kanape edo pintxoa,Arraina,https://eu.wikibooks.org/wiki/Sukaldaritza_liburua/Errezetak/Izokin_kanape_edo_pintxoa,Izokin kanape pintxoa,,
Izokin kremaz beteriko tartaletak,Arraina,https://eu.wikibooks.org/wiki/Sukaldaritza_liburua/Errezetak/Izokin_kremaz_beteriko_tartaletak,Izokin kremaz beteriko tartaleta,,Kremak
Izokin marinatua,Arraina,https://eu.wikibooks.org/wiki/Sukaldaritza_liburua/Errezetak/Izokin_marinatua,Izokin marinatua,,
Kafe budina,Arrautza,https://eu.wikibooks.org/wiki/Sukaldaritza_liburua/Errezetak/Kafe_budina,Kafe budina,,
Kalabazin txalupak otarrainxka eta ziazerbaz beteak,Oliba olioa,https://eu.wikibooks.org/wiki/Sukaldaritza_liburua/Errezetak/Kalabazin_txalupak_otarrainxka_eta_ziazerbaz_beteak,Kalabazin txalupa otarrainxka ziazerbaz betea,Lehen platerak,
Kardua urdaiazpiko eta arrautza eskalfatuarekin,"Barazkia, Arrautza","https://eu.wikibooks.org/wiki/Sukaldaritza_liburua/Errezetak/Kardua,_urdaiazpiko_eta_arrautza_eskalfatuarekin, https://eu.wikibooks.org/wiki/Sukaldaritza_liburua/Errezetak/Kardua,_urdaiazpiko_eta_arrautza_eskalfatuarekin",Kardua urdaiazpiko arrautza eskalfatua,,
Kokotxak leka eta tomate konpotarekin,"Oliba olioa, Lekaleak, Arraina","https://eu.wikibooks.org/wiki/Sukaldaritza_liburua/Errezetak/Kokotxak_leka_eta_tomate_konpotarekin, https://eu.wikibooks.org/wiki/Sukaldaritza_liburua/Errezetak/Kokotxak_leka_eta_tomate_konpotarekin, https://eu.wikibooks.org/wiki/Sukaldaritza_liburua/Errezetak/Kokotxak_leka_eta_tomate_konpotarekin",Kokotxa leka tomate konpota,Bigarren platerak,
Krema ingelesa,Arrautza,https://eu.wikibooks.org/wiki/Sukaldaritza_liburua/Errezetak/Krema_ingelesa,Krema ingelesa,Azkenburukoak,Kremak
Krema opila,Arrautza,https://eu.wikibooks.org/wiki/Sukaldaritza_liburua/Errezetak/Krema_opila,Krema opila,,
Kremaz beteriko krepeak,Arrautza,https://eu.wikibooks.org/wiki/Sukaldaritza_liburua/Errezetak/Kremaz_beteriko_krepeak,Kremaz beteriko krepea,Azkenburukoak,Kremak
Kuia krema otarrainxkekin,Oliba olioa,https://eu.wikibooks.org/wiki/Sukaldaritza_liburua/Errezetak/Kuia_krema_otarrainxkekin,Kuia krema otarrainxkekin,Lehen platerak,Kremak
Kuia tomate eta kantauriko antxoa lasagna,Oliba olioa,"https://eu.wikibooks.org/wiki/Sukaldaritza_liburua/Errezetak/Kuia,_tomate_eta_Kantauriko_antxoa_lasagna",Kuia tomate kantauriko antxoa lasagna,,
Kuia txikiz eginiko milorria bakailaoz betea,Oliba olioa,"https://eu.wikibooks.org/wiki/Sukaldaritza_liburua/Errezetak/Kuia_txikiz_eginiko_milorria,_bakailaoz_betea",Kuia txikiz eginiko milorria bakailaoz betea,,
Lanperna egosiak,Itsaskia,https://eu.wikibooks.org/wiki/Sukaldaritza_liburua/Errezetak/Lanperna_egosiak,Lanperna egosia,,
Legatz arrautzaztatua,Arraina,https://eu.wikibooks.org/wiki/Sukaldaritza_liburua/Errezetak/Legatz_arrautzaztatua,Legatz arrautzaztatua,,
Legatz betea,Arraina,https://eu.wikibooks.org/wiki/Sukaldaritza_liburua/Errezetak/Legatz_betea,Legatz betea,,
Legatz kokotea labean,Arraina,https://eu.wikibooks.org/wiki/Sukaldaritza_liburua/Errezetak/Legatz_kokotea_labean,Legatz kokotea labean,,
Legatz kokotxak arrautzaztatuak,Arraina,https://eu.wikibooks.org/wiki/Sukaldaritza_liburua/Errezetak/Legatz_kokotxak_arrautzaztatuak,Legatz kokotxa arrautzaztatua,,
Legatz xerrak plantxan barazki eta baratxuri freskoekin,"Barazkia, Arraina","https://eu.wikibooks.org/wiki/Sukaldaritza_liburua/Errezetak/Legatz_xerrak_plantxan,_barazki_eta_baratxuri_freskoekin, https://eu.wikibooks.org/wiki/Sukaldaritza_liburua/Errezetak/Legatz_xerrak_plantxan,_barazki_eta_baratxuri_freskoekin",Legatz xerra plantxan barazki baratxuri freskoekin,,
Legatza barazkiekin papillote erara,"Oliba olioa, Arraina","https://eu.wikibooks.org/wiki/Sukaldaritza_liburua/Errezetak/Legatza_barazkiekin,_papillote_erara, https://eu.wikibooks.org/wiki/Sukaldaritza_liburua/Errezetak/Legatza_barazkiekin,_papillote_erara",Legatza barazkiekin papillote,,
Legatza kokotea,Arraina,https://eu.wikibooks.org/wiki/Sukaldaritza_liburua/Errezetak/Legatza_kokotea,Legatza kokotea,,
Legatza otarrainxka saldarekin eta txirlekin,"Oliba olioa, Arraina","https://eu.wikibooks.org/wiki/Sukaldaritza_liburua/Errezetak/Legatza_otarrainxka_saldarekin_eta_txirlekin, https://eu.wikibooks.org/wiki/Sukaldaritza_liburua/Errezetak/Legatza_otarrainxka_saldarekin_eta_txirlekin",Legatza otarrainxka salda txirlekin,Bigarren platerak,
Legatza plantxan barazkiekin,"Oliba olioa, Barazkia, Arraina","https://eu.wikibooks.org/wiki/Sukaldaritza_liburua/Errezetak/Legatza_plantxan,_barazkiekin, https://eu.wikibooks.org/wiki/Sukaldaritza_liburua/Errezetak/Legatza_plantxan,_barazkiekin, https://eu.wikibooks.org/wiki/Sukaldaritza_liburua/Errezetak/Legatza_plantxan,_barazkiekin",Legatza plantxan barazkiekin,,
Legatza plantxan kuia txikiarekin eta pipermorroekin,"Oliba olioa, Barazkia, Arraina","https://eu.wikibooks.org/wiki/Sukaldaritza_liburua/Errezetak/Legatza_plantxan,_kuia_txikiarekin_eta_pipermorroekin, https://eu.wikibooks.org/wiki/Sukaldaritza_liburua/Errezetak/Legatza_plantxan,_kuia_txikiarekin_eta_pipermorroekin, https://eu.wikibooks.org/wiki/Sukaldaritza_liburua/Errezetak/Legatza_plantxan,_kuia_txikiarekin_eta_pipermorroekin",Legatza plantxan kuia txikia pipermorroekin,,
Legatza saltsa berdean txirla eta kokotxekin,"Itsaskia, Arraina","https://eu.wikibooks.org/wiki/Sukaldaritza_liburua/Errezetak/Legatza_saltsa_berdean_txirla_eta_kokotxekin, https://eu.wikibooks.org/wiki/Sukaldaritza_liburua/Errezetak/Legatza_saltsa_berdean_txirla_eta_kokotxekin",Legatza saltsa berdean txirla kokotxekin,,
Leka eta txanpiak otarrainxkekin,"Oliba olioa, Lekaleak, Barazkia","https://eu.wikibooks.org/wiki/Sukaldaritza_liburua/Errezetak/Leka_eta_txanpiak_otarrainxkekin, https://eu.wikibooks.org/wiki/Sukaldaritza_liburua/Errezetak/Leka_eta_txanpiak_otarrainxkekin, https://eu.wikibooks.org/wiki/Sukaldaritza_liburua/Errezetak/Leka_eta_txanpiak_otarrainxkekin",Leka txanpia otarrainxkekin,Lehen platerak,
Leka freskoak txipiroi eta tipula goxatuarekin,"Oliba olioa, Lekaleak, Barazkia","https://eu.wikibooks.org/wiki/Sukaldaritza_liburua/Errezetak/Leka_freskoak_txipiroi_eta_tipula_goxatuarekin, https://eu.wikibooks.org/wiki/Sukaldaritza_liburua/Errezetak/Leka_freskoak_txipiroi_eta_tipula_goxatuarekin, https://eu.wikibooks.org/wiki/Sukaldaritza_liburua/Errezetak/Leka_freskoak_txipiroi_eta_tipula_goxatuarekin",Leka freskoa txipiroi tipula goxatua,Lehen platerak,
Lupia labean,Arraina,https://eu.wikibooks.org/wiki/Sukaldaritza_liburua/Errezetak/Lupia_labean,Lupia labean,,
Lupia sagardo eta itsaski lurrinekin,Arraina,"https://eu.wikibooks.org/wiki/Sukaldaritza_liburua/Errezetak/Lupia,_sagardo_eta_itsaski_lurrinekin",Lupia sagardo itsaski lurrinekin,,
Lurrunetan eginiko arroza,Arroza,https://eu.wikibooks.org/wiki/Sukaldaritza_liburua/Errezetak/Lurrunetan_eginiko_arroza,Lurrunetan eginiko arroza,,
Marmitakoa2,Arraina,https://eu.wikibooks.org/wiki/Sukaldaritza_liburua/Errezetak/Marmitakoa_2,Marmitakoa2,,
Marrubi eta kremazko hostopilak,"Fruta, Arrautza","https://eu.wikibooks.org/wiki/Sukaldaritza_liburua/Errezetak/Marrubi_eta_kremazko_hostopilak, https://eu.wikibooks.org/wiki/Sukaldaritza_liburua/Errezetak/Marrubi_eta_kremazko_hostopilak",Marrubi kremazko hostopila,Azkenburukoak,Kremak
Marrubi gelatina,Fruta,https://eu.wikibooks.org/wiki/Sukaldaritza_liburua/Errezetak/Marrubi_gelatina,Marrubi gelatina,Azkenburukoak,
Marrubi izozkia,Fruta,https://eu.wikibooks.org/wiki/Sukaldaritza_liburua/Errezetak/Marrubi_izozkia,Marrubi izozkia,Azkenburukoak,
Marrubi marmelada,Fruta,https://eu.wikibooks.org/wiki/Sukaldaritza_liburua/Errezetak/Marrubi_marmelada,Marrubi marmelada,Azkenburukoak,
Marrubi tarta,Fruta,https://eu.wikibooks.org/wiki/Sukaldaritza_liburua/Errezetak/Marrubi_tarta,Marrubi tarta,Azkenburukoak,
Marrubi tarta2,"Fruta, Arrautza","https://eu.wikibooks.org/wiki/Sukaldaritza_liburua/Errezetak/Marrubi_tarta_2, https://eu.wikibooks.org/wiki/Sukaldaritza_liburua/Errezetak/Marrubi_tarta_2",Marrubi tarta2,,
Marrubiak esne gain krema eta almendrekin,Fruta,https://eu.wikibooks.org/wiki/Sukaldaritza_liburua/Errezetak/Marrubiak_esne-gain_krema_eta_almendrekin,Marrubia esne gain krema almend,,
Mendrezka errea,Arraina,https://eu.wikibooks.org/wiki/Sukaldaritza_liburua/Errezetak/Mendrezka_errea,Mendrezka errea,,Erre
Mihi arrain popietak ganbekin txakolin saltsan,Itsaskia,https://eu.wikibooks.org/wiki/Sukaldaritza_liburua/Errezetak/Mihi-arrain_popietak_ganbekin_txakolin_saltsan,Mihi arrain popieta ganbekin txakolin saltsan,,
Muskuilu goxatuak,Itsaskia,https://eu.wikibooks.org/wiki/Sukaldaritza_liburua/Errezetak/Muskuilu_goxatuak,Muskuilu goxatua,Bigarren platerak,
Muskuilu krema,Itsaskia,https://eu.wikibooks.org/wiki/Sukaldaritza_liburua/Errezetak/Muskuilu_krema,Muskuilu krema,,Kremak
Nafarroako pikillo piperrak bakailaoz beteak,Oliba olioa,https://eu.wikibooks.org/wiki/Sukaldaritza_liburua/Errezetak/Nafarroako_pikillo_piperrak_bakailaoz_beteak,Nafarroako pikillo piperra bakailaoz betea,Lehen platerak,
Nafarroako zainzuriak bakailao kokotxekin,Oliba olioa,https://eu.wikibooks.org/wiki/Sukaldaritza_liburua/Errezetak/Nafarroako_zainzuriak_bakailao_kokotxekin,Nafarroako zainzuria bakailao kokotxekin,Lehen platerak,
Nafarroako zainzuriak onddoz beteak,Oliba olioa,https://eu.wikibooks.org/wiki/Sukaldaritza_liburua/Errezetak/Nafarroako_zainzuriak_onddoz_beteak,Nafarroako zainzuria onddoz betea,Lehen platerak,
Natilak,Arrautza,https://eu.wikibooks.org/wiki/Sukaldaritza_liburua/Errezetak/Natilak,Natila,Azkenburukoak,
Neguko boilur beltzen nahaskia,Arrautza,https://eu.wikibooks.org/wiki/Sukaldaritza_liburua/Errezetak/Neguko_boilur_beltzen_nahaskia,Neguko boilur beltzen nahaskia,Lehen platerak,
Odolki kurruskatsuak pikillo piperrekin eta azarekin,Oliba olioa,https://eu.wikibooks.org/wiki/Sukaldaritza_liburua/Errezetak/Odolki_kurruskatsuak_pikillo_piperrekin_eta_azarekin,Odolki kurruskatsua pikillo piper aza,Lehen platerak,
Odolkiz beteriko brik orriak babarrun kremarekin,"Oliba olioa, Barazkia","https://eu.wikibooks.org/wiki/Sukaldaritza_liburua/Errezetak/Odolkiz_beteriko_brik_orriak_babarrun_kremarekin, https://eu.wikibooks.org/wiki/Sukaldaritza_liburua/Errezetak/Odolkiz_beteriko_brik_orriak_babarrun_kremarekin",Odolkiz beteriko bri orria babarrun krema,Lehen platerak,Kremak
Ogi opilak,Arrautza,https://eu.wikibooks.org/wiki/Sukaldaritza_liburua/Errezetak/Ogi_opilak,Ogi opila,Azkenburukoak,
Oilagorrak saltsan,Oliba olioa,https://eu.wikibooks.org/wiki/Sukaldaritza_liburua/Errezetak/Oilagorrak_saltsan,Oilagorra saltsan,Bigarren platerak,
Oilasko eta arrautza kroketak,Arrautza,https://eu.wikibooks.org/wiki/Sukaldaritza_liburua/Errezetak/Oilasko_eta_arrautza_kroketak,Oilasko arrautza kroketa,,
Oilasko izterrak txanpinoi krema eta curryarekin,Oliba olioa,https://eu.wikibooks.org/wiki/Sukaldaritza_liburua/Errezetak/Oilasko_izterrak_txanpinoi_krema_eta_curryarekin,Oilasko izterra txanpinoi krema currya,Bigarren platerak,Kremak
Oilasko kroketak,Arrautza,https://eu.wikibooks.org/wiki/Sukaldaritza_liburua/Errezetak/Oilasko_kroketak,Oilasko kroketa,Lehen platerak,
Olagarro entsalada epela,Barazkia,https://eu.wikibooks.org/wiki/Sukaldaritza_liburua/Errezetak/Olagarro_entsalada_epela,Olagarro entsalada epela,Lehen platerak,Entsalada
Onddo berria gorringoarekin,Arrautza,https://eu.wikibooks.org/wiki/Sukaldaritza_liburua/Errezetak/Onddo_berria_gorringoarekin,Onddo berria gorringoa,Lehen platerak,
Onddo carpaccioa,Oliba olioa,https://eu.wikibooks.org/wiki/Sukaldaritza_liburua/Errezetak/Onddo_%27carpaccio%27a,Onddo carpaccioa,,
Onddoak papillote erara,Oliba olioa,https://eu.wikibooks.org/wiki/Sukaldaritza_liburua/Errezetak/Onddoak_papillote_erara,Onddoa papillote,Lehen platerak,
Onddoz beteriko kiribil kurruskatsua kuia kremarekin,Oliba olioa,"https://eu.wikibooks.org/wiki/Sukaldaritza_liburua/Errezetak/Onddoz_beteriko_kiribil_kurruskatsua,_kuia_kremarekin",Onddoz beteriko kiribil kurruskatsua kuia krema,,
Ontzian eginiko arrautza,Arrautza,https://eu.wikibooks.org/wiki/Sukaldaritza_liburua/Errezetak/Ontzian_eginiko_arrautza,Ontzian eginiko arrautza,,
Orburu pintxoa urdaiazpiko tomate eta piperrekin,Oliba olioa,"https://eu.wikibooks.org/wiki/Sukaldaritza_liburua/Errezetak/Orburu_pintxoa_urdaiazpiko,_tomate_eta_piperrekin",Orburu pintxoa urdaiazpiko tomate piper,,
Orburu txips ak eta orburu egosiak,Oliba olioa,https://eu.wikibooks.org/wiki/Sukaldaritza_liburua/Errezetak/Orburu_%27txips%27-ak_eta_orburu_egosiak,Orburu txips a orburu egosia,,
Orburua arroz odolkia eta arrautza gorringoa plantxan,"Oliba olioa, Arroza, Arrautza","https://eu.wikibooks.org/wiki/Sukaldaritza_liburua/Errezetak/Orburua,_arroz_odolkia_eta_arrautza_gorringoa_plantxan, https://eu.wikibooks.org/wiki/Sukaldaritza_liburua/Errezetak/Orburua,_arroz_odolkia_eta_arrautza_gorringoa_plantxan, https://eu.wikibooks.org/wiki/Sukaldaritza_liburua/Errezetak/Orburua,_arroz_odolkia_eta_arrautza_gorringoa_plantxan",Orburua arroz odolkia arrautza gorringoa plantxan,,
Orburuak entsaladan raf tomateekin,Oliba olioa,"https://eu.wikibooks.org/wiki/Sukaldaritza_liburua/Errezetak/Orburuak_entsaladan,_raf_tomateekin",Orburua entsaladan raf tomateekin,,
Orburuak urdaiazpiko eta arrautza galdarraztatuekin,"Oliba olioa, Arrautza","https://eu.wikibooks.org/wiki/Sukaldaritza_liburua/Errezetak/Orburuak_urdaiazpiko_eta_arrautza_galdarraztatuekin, https://eu.wikibooks.org/wiki/Sukaldaritza_liburua/Errezetak/Orburuak_urdaiazpiko_eta_arrautza_galdarraztatuekin",Orburua urdaiazpiko arrautza galdarraztatuekin,Lehen platerak,
Orburuak urdaiazpiko ziazerba eta beasaingo odolkiarekin,Oliba olioa,"https://eu.wikibooks.org/wiki/Sukaldaritza_liburua/Errezetak/Orburuak,_urdaiazpiko,_ziazerba_eta_Beasaingo_odolkiarekin",Orburua urdaiazpiko ziazerba beasaingo odolkia,,
Orburuak urdaiazpikoarekin eta beasaingo odolkiarekin,Oliba olioa,https://eu.wikibooks.org/wiki/Sukaldaritza_liburua/Errezetak/Orburuak_urdaiazpikoarekin_eta_Beasaingo_odolkiarekin,Orburua urdaiazpikoa beasaingo odolkia,,
Otarrainxka egosiak,Itsaskia,https://eu.wikibooks.org/wiki/Sukaldaritza_liburua/Errezetak/Otarrainxka_egosiak,Otarrainxka egosia,,
Otarrainxka eta onddo milorria,"Oliba olioa, Itsaskia","https://eu.wikibooks.org/wiki/Sukaldaritza_liburua/Errezetak/Otarrainxka_eta_onddo_milorria, https://eu.wikibooks.org/wiki/Sukaldaritza_liburua/Errezetak/Otarrainxka_eta_onddo_milorria",Otarrainxka onddo milorria,Lehen platerak,
Otarrainxka plantxan edo zartaginean,Itsaskia,https://eu.wikibooks.org/wiki/Sukaldaritza_liburua/Errezetak/Otarrainxka_plantxan_edo_zartaginean,Otarrainxka plantxan zartaginean,,Plantxan
Otarrainxkak ziza kremarekin eta arrautzekin,"Oliba olioa, Itsaskia, Arrautza","https://eu.wikibooks.org/wiki/Sukaldaritza_liburua/Errezetak/Otarrainxkak_ziza_kremarekin_eta_arrautzekin, https://eu.wikibooks.org/wiki/Sukaldaritza_liburua/Errezetak/Otarrainxkak_ziza_kremarekin_eta_arrautzekin, https://eu.wikibooks.org/wiki/Sukaldaritza_liburua/Errezetak/Otarrainxkak_ziza_kremarekin_eta_arrautzekin",Otarrainxka ziza krema arrautzekin,Bigarren platerak,Kremak
Otarrainxkaz eta barazkiz beteriko kirriskatsuak,"Itsaskia, Barazkia","https://eu.wikibooks.org/wiki/Sukaldaritza_liburua/Errezetak/Otarrainxkaz_eta_barazkiz_beteriko_kirriskatsuak, https://eu.wikibooks.org/wiki/Sukaldaritza_liburua/Errezetak/Otarrainxkaz_eta_barazkiz_beteriko_kirriskatsuak",Otarrainxkaz barazkiz beteriko kirriskatsua,Lehen platerak,Frijitu
Paella valentziarra,Arroza,https://eu.wikibooks.org/wiki/Sukaldaritza_liburua/Errezetak/Paella_Valentziarra,Paella valentziarra,,
Pasta barazkiekin,Pasta,https://eu.wikibooks.org/wiki/Sukaldaritza_liburua/Errezetak/Pasta_barazkiekin,Pasta barazkiekin,,
Pasta boloniar erara,Pasta,https://eu.wikibooks.org/wiki/Sukaldaritza_liburua/Errezetak/Pasta_boloniar_erara,Pasta boloni,,
Pasta carbonara,Pasta,https://eu.wikibooks.org/wiki/Sukaldaritza_liburua/Errezetak/Pasta_carbonara,Pasta carbonara,,
Pasta entsalada,Pasta,https://eu.wikibooks.org/wiki/Sukaldaritza_liburua/Errezetak/Pasta_entsalada,Pasta entsalada,,Entsalada
Pasta freskoa,Pasta,https://eu.wikibooks.org/wiki/Sukaldaritza_liburua/Errezetak/Pasta_freskoa,Pasta freskoa,,
Pasta freskoa2,"Oliba olioa, Pasta, Arrautza","https://eu.wikibooks.org/wiki/Sukaldaritza_liburua/Errezetak/Pasta_freskoa_2, https://eu.wikibooks.org/wiki/Sukaldaritza_liburua/Errezetak/Pasta_freskoa_2, https://eu.wikibooks.org/wiki/Sukaldaritza_liburua/Errezetak/Pasta_freskoa_2",Pasta freskoa2,,
Pasta perretxikoekin,Pasta,https://eu.wikibooks.org/wiki/Sukaldaritza_liburua/Errezetak/Pasta_perretxikoekin,Pasta perretxikoekin,,
Patata berri zainzuri eta izokin ketu entsalada,Oliba olioa,"https://eu.wikibooks.org/wiki/Sukaldaritza_liburua/Errezetak/Patata_berri,_zainzuri_eta_izokin_ketu_entsalada",Patata berri zainzuri izokin ketu entsalada,,
Patata tortila,Arrautza,https://eu.wikibooks.org/wiki/Sukaldaritza_liburua/Errezetak/Patata_tortila,Patata tortila,Bigarren platerak,
Patata tortilla,Arrautza,https://eu.wikibooks.org/wiki/Sukaldaritza_liburua/Errezetak/Patata_tortilla,Patata tortilla,,
Patatak errioxar erara2,Oliba olioa,https://eu.wikibooks.org/wiki/Sukaldaritza_liburua/Errezetak/Patatak_errioxar_erara_2,Patata erriox,,
Perloi egosia patatekin,Arraina,https://eu.wikibooks.org/wiki/Sukaldaritza_liburua/Errezetak/Perloi_egosia_patatekin,Perloi egosia patatekin,,
Perrexil olio saltsa,Barazkia,https://eu.wikibooks.org/wiki/Sukaldaritza_liburua/Errezetak/Perrexil_olio_saltsa,Perrexil olio saltsa,,
Pesto saltsa,Barazkia,https://eu.wikibooks.org/wiki/Sukaldaritza_liburua/Errezetak/Pesto_saltsa,Pesto saltsa,,
Petit suisseak krema eta txokolate beroarekin,"Txokolatea, Arrautza","https://eu.wikibooks.org/wiki/Sukaldaritza_liburua/Errezetak/Petit-suisseak_krema_eta_txokolate_beroarekin, https://eu.wikibooks.org/wiki/Sukaldaritza_liburua/Errezetak/Petit-suisseak_krema_eta_txokolate_beroarekin",Petit suissea krema txokolate beroa,,
Pikillo piperrak odolkiz beteak,Oliba olioa,https://eu.wikibooks.org/wiki/Sukaldaritza_liburua/Errezetak/Pikillo_piperrak_odolkiz_beteak,Pikillo piperra odolkiz betea,Lehen platerak,
Piper eta atun entsalada,Oliba olioa,https://eu.wikibooks.org/wiki/Sukaldaritza_liburua/Errezetak/Piper_eta_atun_entsalada,Piper atun entsalada,Lehen platerak,Entsalada
Piper morro erreak plantxan bakailao kokotxekin,Oliba olioa,https://eu.wikibooks.org/wiki/Sukaldaritza_liburua/Errezetak/Piper_morro_erreak_plantxan_bakailao_kokotxekin,Piper morro errea plantxan bakailao kokotxekin,Lehen platerak,Erre
Porru entsalada guakamole eta izokin ketuarekin,"Oliba olioa, Fruta","https://eu.wikibooks.org/wiki/Sukaldaritza_liburua/Errezetak/Porru_entsalada,_guakamole_eta_izokin_ketuarekin, https://eu.wikibooks.org/wiki/Sukaldaritza_liburua/Errezetak/Porru_entsalada,_guakamole_eta_izokin_ketuarekin",Porru entsalada guakamole izokin ketua,,
Porru eta otarrainxka entsalada,Oliba olioa,https://eu.wikibooks.org/wiki/Sukaldaritza_liburua/Errezetak/Porru_eta_otarrainxka_entsalada,Porru otarrainxka entsalada,Lehen platerak,Entsalada
Prantxikaren bizkotxoa,Arrautza,https://eu.wikibooks.org/wiki/Sukaldaritza_liburua/Errezetak/Prantxikaren_bizkotxoa,Prantxikaren bizkotxoa,Azkenburukoak,
Raf tomatea ahuntz gaztarekin,Oliba olioa,https://eu.wikibooks.org/wiki/Sukaldaritza_liburua/Errezetak/Raf_tomatea_ahuntz_gaztarekin,Raf tomatea ahuntz gazta,Lehen platerak,
Raf tomatea txipiekin,"Oliba olioa, Itsaskia","https://eu.wikibooks.org/wiki/Sukaldaritza_liburua/Errezetak/Raf_tomatea_txipiekin, https://eu.wikibooks.org/wiki/Sukaldaritza_liburua/Errezetak/Raf_tomatea_txipiekin",Raf tomatea txipiekin,Lehen platerak,
Raf tomateen entsalada bakailaoarekin eta barazkiekin,Oliba olioa,"https://eu.wikibooks.org/wiki/Sukaldaritza_liburua/Errezetak/Raf_tomateen_entsalada,_bakailaoarekin_eta_barazkiekin",Raf tomateen entsalada bakailaoa barazkiekin,,
Sagar tarta2,"Fruta, Arrautza","https://eu.wikibooks.org/wiki/Sukaldaritza_liburua/Errezetak/Sagar_tarta_2, https://eu.wikibooks.org/wiki/Sukaldaritza_liburua/Errezetak/Sagar_tarta_2",Sag tarta2,,
Sagar tatin gozoa,Fruta,https://eu.wikibooks.org/wiki/Sukaldaritza_liburua/Errezetak/Sagar_tatin_gozoa,Sag tatin gozoa,Azkenburukoak,
Sushi egiteko ozpina,Arroza,https://eu.wikibooks.org/wiki/Sukaldaritza_liburua/Errezetak/Sushi_egiteko_ozpina,Sushi ozpina,,
Tabbuleh entsalada,Barazkia,https://eu.wikibooks.org/wiki/Sukaldaritza_liburua/Errezetak/Tabbuleh_entsalada,Tabbuleh entsalada,,
Tagliateliak antxoa eta cherry tomateekin,"Oliba olioa, Pasta","https://eu.wikibooks.org/wiki/Sukaldaritza_liburua/Errezetak/Tagliateliak_antxoa_eta_cherry_tomateekin, https://eu.wikibooks.org/wiki/Sukaldaritza_liburua/Errezetak/Tagliateliak_antxoa_eta_cherry_tomateekin",Tagliatelia antxoa cherry tomateekin,Lehen platerak,
Tagliatelle freskoak barazki eta curryarekin,"Oliba olioa, Barazkia","https://eu.wikibooks.org/wiki/Sukaldaritza_liburua/Errezetak/Tagliatelle_freskoak_barazki_eta_curryarekin, https://eu.wikibooks.org/wiki/Sukaldaritza_liburua/Errezetak/Tagliatelle_freskoak_barazki_eta_curryarekin",Tagliatelle freskoa barazki currya,Lehen platerak,
Tagliatelleak otarrainxka eta txirlekin,"Oliba olioa, Itsaskia, Pasta","https://eu.wikibooks.org/wiki/Sukaldaritza_liburua/Errezetak/Tagliatelleak_otarrainxka_eta_txirlekin, https://eu.wikibooks.org/wiki/Sukaldaritza_liburua/Errezetak/Tagliatelleak_otarrainxka_eta_txirlekin, https://eu.wikibooks.org/wiki/Sukaldaritza_liburua/Errezetak/Tagliatelleak_otarrainxka_eta_txirlekin",Tagliatellea otarrainxka txirlekin,Lehen platerak,
Takoen betegai edo haragizko tinga,Haragia,https://eu.wikibooks.org/wiki/Sukaldaritza_liburua/Errezetak/Takoen_betegai_edo_haragizko_tinga,Takoen betegai haragizko tinga,,
Tipula eta piper sueztitzea,Arraina,https://eu.wikibooks.org/wiki/Sukaldaritza_liburua/Errezetak/Tipula_eta_piper_sueztitzea,Tipula piper sueztitzea,,Sueztitu
Tiramisu,Arrautza,https://eu.wikibooks.org/wiki/Sukaldaritza_liburua/Errezetak/Tiramisu,Tiramisu,Azkenburukoak,
Tiramisu moussea arroz esne kremarekin,"Arroza, Arrautza","https://eu.wikibooks.org/wiki/Sukaldaritza_liburua/Errezetak/Tiramisu_moussea_arroz_esne_kremarekin, https://eu.wikibooks.org/wiki/Sukaldaritza_liburua/Errezetak/Tiramisu_moussea_arroz_esne_kremarekin",Tiramisu moussea arroz esne krema,Azkenburukoak,Kremak
Tolosako babarrunak,Lekaleak,https://eu.wikibooks.org/wiki/Sukaldaritza_liburua/Errezetak/Tolosako_babarrunak,Tolosako babarruna,,
Tomate entsalada bakailaoarekin,Oliba olioa,https://eu.wikibooks.org/wiki/Sukaldaritza_liburua/Errezetak/Tomate_entsalada_bakailaoarekin,Tomate entsalada bakailaoa,Lehen platerak,Entsalada
Tomate entsalada gula eta leka freskoekin,Oliba olioa,https://eu.wikibooks.org/wiki/Sukaldaritza_liburua/Errezetak/Tomate_entsalada_gula_eta_leka_freskoekin,Tomate entsalada gula leka freskoekin,Lehen platerak,Entsalada
Tomate mozzarella barrengorri eta urdaiazpiko pizza,Haragia,"https://eu.wikibooks.org/wiki/Sukaldaritza_liburua/Errezetak/Tomate,_mozzarella,_barrengorri_eta_urdaiazpiko_pizza",Tomate mozzarella barrengorri urdaiazpiko pizza,,
Tomate nahaskia,Arrautza,https://eu.wikibooks.org/wiki/Sukaldaritza_liburua/Errezetak/%E2%80%9C_Tomate_nahaskia,Tomate nahaskia,,
Tripaki behi mutur edo txerri hanka egosiak,Haragia,"https://eu.wikibooks.org/wiki/Sukaldaritza_liburua/Errezetak/Tripaki,_behi_mutur,_edo_txerri_hanka_egosiak",Tripaki behi mutur txerri hanka egosia,,
Ttoro zopa,Arraina,https://eu.wikibooks.org/wiki/Sukaldaritza_liburua/Errezetak/Ttoro_zopa,Ttoro zopa,,
Tuterako kukuluak brie gazta eta txipiroiekin,"Oliba olioa, Barazkia","https://eu.wikibooks.org/wiki/Sukaldaritza_liburua/Errezetak/Tuterako_kukuluak_brie_gazta_eta_txipiroiekin, https://eu.wikibooks.org/wiki/Sukaldaritza_liburua/Errezetak/Tuterako_kukuluak_brie_gazta_eta_txipiroiekin",Tuterako kukulua brie gazta txipiroiekin,Lehen platerak,
Tuterako orburuak txerri solomo kalabazin eta curryarekin,Oliba olioa,"https://eu.wikibooks.org/wiki/Sukaldaritza_liburua/Errezetak/Tuterako_orburuak_txerri_solomo,_kalabazin_eta_curryarekin",Tuterako orburua txerri solomo kalabazin currya,,
Txanpinoi txapelak orburu eta ziazerbaz beteak,Oliba olioa,https://eu.wikibooks.org/wiki/Sukaldaritza_liburua/Errezetak/Txanpinoi_txapelak_orburu_eta_ziazerbaz_beteak,Txanpinoi txapela orburu ziazerbaz betea,Lehen platerak,
Txanpinoi txapelak plantxan arroz odolkiarekin,"Oliba olioa, Arroza, Haragia","https://eu.wikibooks.org/wiki/Sukaldaritza_liburua/Errezetak/Txanpinoi_txapelak_plantxan,_arroz_odolkiarekin, https://eu.wikibooks.org/wiki/Sukaldaritza_liburua/Errezetak/Txanpinoi_txapelak_plantxan,_arroz_odolkiarekin, https://eu.wikibooks.org/wiki/Sukaldaritza_liburua/Errezetak/Txanpinoi_txapelak_plantxan,_arroz_odolkiarekin",Txanpinoi txapela plantxan arroz odolkia,,
Txanpinoi txapelak plantxan onddo kremarekin,Oliba olioa,"https://eu.wikibooks.org/wiki/Sukaldaritza_liburua/Errezetak/Txanpinoi_txapelak_plantxan,_onddo_kremarekin",Txanpinoi txapela plantxan onddo krema,,
Txekor azpizuna asiar erara,Oliba olioa,https://eu.wikibooks.org/wiki/Sukaldaritza_liburua/Errezetak/Txekor_azpizuna_asiar_erara,Txekor azpizuna asi,Bigarren platerak,
Txekor azpizuna orburuekin eta idiazabalgo gaztaren saltsarekin,Oliba olioa,https://eu.wikibooks.org/wiki/Sukaldaritza_liburua/Errezetak/Txekor_azpizuna_orburuekin_eta_Idiazabalgo_gaztaren_saltsarekin,Txekor azpizuna orburuekin idiazabalgo gaztaren saltsa,,
Txekor azpizuna txanpiñoi eta curryarekin,"Oliba olioa, Barazkia","https://eu.wikibooks.org/wiki/Sukaldaritza_liburua/Errezetak/Txekor_azpizuna_txanpi%C3%B1oi_eta_curryarekin, https://eu.wikibooks.org/wiki/Sukaldaritza_liburua/Errezetak/Txekor_azpizuna_txanpi%C3%B1oi_eta_curryarekin",Txekor azpizuna txanpiñoi currya,Bigarren platerak,
Txekor masailak onddoekin eta arrozarekin,"Oliba olioa, Arroza","https://eu.wikibooks.org/wiki/Sukaldaritza_liburua/Errezetak/Txekor_masailak_onddoekin_eta_arrozarekin, https://eu.wikibooks.org/wiki/Sukaldaritza_liburua/Errezetak/Txekor_masailak_onddoekin_eta_arrozarekin",Txekor masaila onddoekin arroza,Bigarren platerak,
Txekor masailak saltsan,Oliba olioa,https://eu.wikibooks.org/wiki/Sukaldaritza_liburua/Errezetak/Txekor_masailak_saltsan,Txekor masaila saltsan,Bigarren platerak,
Txekor muturrak bizkaitar saltsan,Arrautza,https://eu.wikibooks.org/wiki/Sukaldaritza_liburua/Errezetak/Txekor_muturrak_bizkaitar_saltsan,Txekor muturra bizkait saltsan,Bigarren platerak,
Txekor tripaki eta muturrak bizkaiko saltsan,"Oliba olioa, Barazkia","https://eu.wikibooks.org/wiki/Sukaldaritza_liburua/Errezetak/Txekor_tripaki_eta_muturrak,_Bizkaiko_saltsan, https://eu.wikibooks.org/wiki/Sukaldaritza_liburua/Errezetak/Txekor_tripaki_eta_muturrak,_Bizkaiko_saltsan",Txekor tripaki muturra bizkaiko saltsan,,
Txerri azpizuna onddoz beteta eta roquefort saltsarekin,Oliba olioa,https://eu.wikibooks.org/wiki/Sukaldaritza_liburua/Errezetak/Txerri_azpizuna_onddoz_beteta_eta_Roquefort_saltsarekin,Txerri azpizuna onddoz beteta roquefort saltsa,,
Txerri azpizuna txanpinoi eta roquefort gaztarekin,Oliba olioa,"https://eu.wikibooks.org/wiki/Sukaldaritza_liburua/Errezetak/Txerri_azpizuna,_txanpinoi_eta_Roquefort_gaztarekin",Txerri azpizuna txanpinoi roquefort gazta,,
Txerri iberiar sekretoa parrilan gernikako piperrekin,Haragia,https://eu.wikibooks.org/wiki/Sukaldaritza_liburua/Errezetak/Txerri_iberiar_Sekretoa_parrilan_Gernikako_piperrekin,Txerri iberi sekretoa parrilan gernikako piper,,
Txerri iberiarraren presa carpaccioa,Haragia,https://eu.wikibooks.org/wiki/Sukaldaritza_liburua/Errezetak/Txerri_iberiarraren_presa_carpaccioa.jpg,Txerri iberiarraren presa carpaccioa,,
Txerri masailak saltsan,Oliba olioa,https://eu.wikibooks.org/wiki/Sukaldaritza_liburua/Errezetak/Txerri_masailak_saltsan,Txerri masaila saltsan,Bigarren platerak,
Txibi frijituak,Itsaskia,https://eu.wikibooks.org/wiki/Sukaldaritza_liburua/Errezetak/Txibi_frijituak,Txibi frijitua,,
Txipiroi begi handiak bere tintan,Itsaskia,https://eu.wikibooks.org/wiki/Sukaldaritza_liburua/Errezetak/Txipiroi_begi_handiak_bere_tintan,Txipiroi begi handia bere tintan,,
Txipiroi frijituak,Itsaskia,https://eu.wikibooks.org/wiki/Sukaldaritza_liburua/Errezetak/Txipiroi_frijituak,Txipiroi frijitua,,
Txipiroi tinta saltsa,Itsaskia,https://eu.wikibooks.org/wiki/Sukaldaritza_liburua/Errezetak/Txipiroi_tinta_saltsa,Txipiroi tinta saltsa,,
Txipiroiak bere tintan,Itsaskia,https://eu.wikibooks.org/wiki/Sukaldaritza_liburua/Errezetak/Txipiroiak_bere_tintan,Txipiroia bere tintan,,
Txipiroiak pelaio erara,"Oliba olioa, Itsaskia","https://eu.wikibooks.org/wiki/Sukaldaritza_liburua/Errezetak/Txipiroiak_Pelaio_erara, https://eu.wikibooks.org/wiki/Sukaldaritza_liburua/Errezetak/Txipiroiak_pelaio_erara, https://eu.wikibooks.org/wiki/Sukaldaritza_liburua/Errezetak/Txipiroiak_Pelaio_erara",Txipiroia pelaio,,
Txipiroiak plantxan,Itsaskia,https://eu.wikibooks.org/wiki/Sukaldaritza_liburua/Errezetak/Txipiroiak_plantxan,Txipiroia plantxan,,Plantxan
Txipiroiak plantxan tipula goxatu eta letxugarekin,"Oliba olioa, Itsaskia, Barazkia","https://eu.wikibooks.org/wiki/Sukaldaritza_liburua/Errezetak/Txipiroiak_plantxan_tipula_goxatu_eta_letxugarekin, https://eu.wikibooks.org/wiki/Sukaldaritza_liburua/Errezetak/Txipiroiak_plantxan_tipula_goxatu_eta_letxugarekin, https://eu.wikibooks.org/wiki/Sukaldaritza_liburua/Errezetak/Txipiroiak_plantxan_tipula_goxatu_eta_letxugarekin",Txipiroia plantxan tipula goxatu letxuga,Lehen platerak,Plantxan
Txirla handiak plantxan,Itsaskia,https://eu.wikibooks.org/wiki/Sukaldaritza_liburua/Errezetak/Txirla_handiak_plantxan,Txirla handia plantxan,,Plantxan
Txirlak marinel erara,Itsaskia,https://eu.wikibooks.org/wiki/Sukaldaritza_liburua/Errezetak/Txirlak_marinel_erara,Txirla marinel,,
Txirlak saltsa berdean,Itsaskia,https://eu.wikibooks.org/wiki/Sukaldaritza_liburua/Errezetak/Txirlak_saltsa_berdean,Txirla saltsa berdean,,
Txirlak zartagian,Itsaskia,https://eu.wikibooks.org/wiki/Sukaldaritza_liburua/Errezetak/Txirlak_zartagian,Txirla zartagian,,Plantxan
Txitxardin entsalada,Arraina,https://eu.wikibooks.org/wiki/Sukaldaritza_liburua/Errezetak/Txitxardin_entsalada,Txitxardin entsalada,,
Txitxardinak betiko eran,Arraina,https://eu.wikibooks.org/wiki/Sukaldaritza_liburua/Errezetak/Txitxardinak_betiko_eran,Txitxardina betiko,,
Txitxarroa eskabetxean,Arraina,https://eu.wikibooks.org/wiki/Sukaldaritza_liburua/Errezetak/Txitxarroa_eskabetxean,Txitxarroa eskabetxean,,
Txitxarroa labean,Arraina,https://eu.wikibooks.org/wiki/Sukaldaritza_liburua/Errezetak/Txitxarroa_labean,Txitxarroa labean,,
Txitxarroa piperrada eta patata purearekin,"Oliba olioa, Arraina","https://eu.wikibooks.org/wiki/Sukaldaritza_liburua/Errezetak/Txitxarroa_piperrada_eta_patata_purearekin, https://eu.wikibooks.org/wiki/Sukaldaritza_liburua/Errezetak/Txitxarroa_piperrada_eta_patata_purearekin",Txitxarroa piperrada patata purea,Bigarren platerak,
Txitxarroa plantxan piper erre tipula eta gari zainzuriekin,"Oliba olioa, Barazkia, Arraina","https://eu.wikibooks.org/wiki/Sukaldaritza_liburua/Errezetak/Txitxarroa_plantxan_piper_erre,_tipula_eta_gari_zainzuriekin, https://eu.wikibooks.org/wiki/Sukaldaritza_liburua/Errezetak/Txitxarroa_plantxan_piper_erre,_tipula_eta_gari_zainzuriekin, https://eu.wikibooks.org/wiki/Sukaldaritza_liburua/Errezetak/Txitxarroa_plantxan_piper_erre,_tipula_eta_gari_zainzuriekin",Txitxarroa plantxan piper erre tipula gari zainzuriekin,,
Txitxirioak,Lekaleak,https://eu.wikibooks.org/wiki/Sukaldaritza_liburua/Errezetak/Txitxirioak,Txitxirioa,,
Txokolate bainua,Txokolatea,https://eu.wikibooks.org/wiki/Sukaldaritza_liburua/Errezetak/Txokolate_bainua,Txokolate bainua,Azkenburukoak,
Txokolate cakea,Txokolatea,https://eu.wikibooks.org/wiki/Sukaldaritza_liburua/Errezetak/Txokolate_cakea,Txokolate cakea,Azkenburukoak,
Txokolate coulanta,Txokolatea,https://eu.wikibooks.org/wiki/Sukaldaritza_liburua/Errezetak/Txokolate_coulanta,Txokolate coulanta,Azkenburukoak,
Txokolate gailetak,"Txokolatea, Arrautza","https://eu.wikibooks.org/wiki/Sukaldaritza_liburua/Errezetak/Txokolate_gailetak, https://eu.wikibooks.org/wiki/Sukaldaritza_liburua/Errezetak/Txokolate_gailetak",Txokolate gaileta,Azkenburukoak,
Txokolate ganatxea,Txokolatea,https://eu.wikibooks.org/wiki/Sukaldaritza_liburua/Errezetak/Txokolate_ganatxea,Txokolate ganatxea,Azkenburukoak,
Txokolate izozkia,Txokolatea,https://eu.wikibooks.org/wiki/Sukaldaritza_liburua/Errezetak/Txokolate_izozkia,Txokolate izozkia,,
Txokolate krema,Txokolatea,https://eu.wikibooks.org/wiki/Sukaldaritza_liburua/Errezetak/Txokolate_krema,Txokolate krema,,Kremak
Txokolate moussea,Txokolatea,https://eu.wikibooks.org/wiki/Sukaldaritza_liburua/Errezetak/Txokolate_moussea,Txokolate moussea,Azkenburukoak,
Txokolate muselina,Txokolatea,https://eu.wikibooks.org/wiki/Sukaldaritza_liburua/Errezetak/Txokolate_muselina,Txokolate muselina,Azkenburukoak,
Txokolate trufa,Txokolatea,https://eu.wikibooks.org/wiki/Sukaldaritza_liburua/Errezetak/Txokolate_trufa,Txokolate trufa,,
Txokolate zuriaren moussea,Txokolatea,https://eu.wikibooks.org/wiki/Sukaldaritza_liburua/Errezetak/Txokolate_zuriaren_moussea,Txokolate zuriaren moussea,Azkenburukoak,
Txokolatezko bizkotxo eta marrubi kopa,"Txokolatea, Arrautza","https://eu.wikibooks.org/wiki/Sukaldaritza_liburua/Errezetak/Txokolatezko_bizkotxo_eta_marrubi_kopa, https://eu.wikibooks.org/wiki/Sukaldaritza_liburua/Errezetak/Txokolatezko_bizkotxo_eta_marrubi_kopa",Txokolatezko bizkotxo marrubi kopa,Azkenburukoak,
Txokolatezko boilur tarta,"Txokolatea, Arrautza","https://eu.wikibooks.org/wiki/Sukaldaritza_liburua/Errezetak/Txokolatezko_boilur_tarta, https://eu.wikibooks.org/wiki/Sukaldaritza_liburua/Errezetak/Txokolatezko_boilur_tarta",Txokolatezko boilur tarta,Azkenburukoak,
Txokolatezko boilurrak,Txokolatea,https://eu.wikibooks.org/wiki/Sukaldaritza_liburua/Errezetak/Txokolatezko_boilurrak,Txokolatezko boilurra,Azkenburukoak,
Txokolatezko euskal pastela,Txokolatea,https://eu.wikibooks.org/wiki/Sukaldaritza_liburua/Errezetak/Txokolatezko_Euskal_pastela,Txokolatezko euskal pastela,,
Txokolatezko ijito besoa,Txokolatea,https://eu.wikibooks.org/wiki/Sukaldaritza_liburua/Errezetak/Txokolatezko_ijito_besoa,Txokolatezko ijito besoa,Azkenburukoak,
Txokolatezko krepeak,"Txokolatea, Arrautza","https://eu.wikibooks.org/wiki/Sukaldaritza_liburua/Errezetak/Txokolatezko_krepeak, https://eu.wikibooks.org/wiki/Sukaldaritza_liburua/Errezetak/Txokolatezko_krepeak",Txokolatezko krepea,Azkenburukoak,
Txokolatezko pastelak egiteko ohiko bizkotxo arina,Txokolatea,https://eu.wikibooks.org/wiki/Sukaldaritza_liburua/Errezetak/Txokolatezko_pastelak_egiteko_ohiko_bizkotxo_arina,Txokolatezko pastela bizkotxo arina,,
Udaberri edo ziza hori nahaskia,Arrautza,https://eu.wikibooks.org/wiki/Sukaldaritza_liburua/Errezetak/Udaberri_edo_ziza_hori_nahaskia,Udaberri ziza hori nahaskia,,
Udaberriko txinatar biribilkiak,"Oliba olioa, Barazkia","https://eu.wikibooks.org/wiki/Sukaldaritza_liburua/Errezetak/Udaberriko_txinatar_biribilkiak, https://eu.wikibooks.org/wiki/Sukaldaritza_liburua/Errezetak/Udaberriko_txinatar_biribilkiak",Udaberriko txinat biribilkia,Lehen platerak,
Udako entsalada,"Oliba olioa, Barazkia","https://eu.wikibooks.org/wiki/Sukaldaritza_liburua/Errezetak/Udako_entsalada, https://eu.wikibooks.org/wiki/Sukaldaritza_liburua/Errezetak/Udako_entsalada",Udako entsalada,Lehen platerak,Entsalada
Udare purea,Fruta,https://eu.wikibooks.org/wiki/Sukaldaritza_liburua/Errezetak/Udare_purea,Udare purea,,
Udarea ardotan,Fruta,https://eu.wikibooks.org/wiki/Sukaldaritza_liburua/Errezetak/Udarea_ardotan,Udarea ardotan,,
Udareak urazukretan,Fruta,https://eu.wikibooks.org/wiki/Sukaldaritza_liburua/Errezetak/Udareak_urazukretan,Udarea urazukretan,Azkenburukoak,
Untxia eta txanpiñoiak oporto erara,Oliba olioa,https://eu.wikibooks.org/wiki/Sukaldaritza_liburua/Errezetak/Untxia_eta_txanpi%C3%B1oiak_oporto_erara,Untxia txanpiñoia oporto,Bigarren platerak,
Urraburua gatzetan,Arraina,https://eu.wikibooks.org/wiki/Sukaldaritza_liburua/Errezetak/Urraburua_gatzetan,Urraburua gatzetan,,
Usoak saltsan,Oliba olioa,https://eu.wikibooks.org/wiki/Sukaldaritza_liburua/Errezetak/Usoak_saltsan,Usoa saltsan,Bigarren platerak,
Zainzuri freskoak udaberriko olio ozpinarekin,"Oliba olioa, Arrautza","https://eu.wikibooks.org/wiki/Sukaldaritza_liburua/Errezetak/Zainzuri_freskoak_udaberriko_olio_ozpinarekin, https://eu.wikibooks.org/wiki/Sukaldaritza_liburua/Errezetak/Zainzuri_freskoak_udaberriko_olio_ozpinarekin",Zainzuri freskoa udaberriko olio ozpina,Lehen platerak,
Zainzuri frijituak ziazerba kremarekin,"Oliba olioa, Arrautza","https://eu.wikibooks.org/wiki/Sukaldaritza_liburua/Errezetak/Zainzuri_frijituak,_ziazerba_kremarekin, https://eu.wikibooks.org/wiki/Sukaldaritza_liburua/Errezetak/Zainzuri_frijituak,_ziazerba_kremarekin",Zainzuri frijitua ziazerba krema,,
Zainzuriak barazki ozpin olioarekin,Oliba olioa,https://eu.wikibooks.org/wiki/Sukaldaritza_liburua/Errezetak/Zainzuriak_barazki_ozpin-olioarekin,Zainzuria barazki ozpin olioa,,
Zapo kuia txiki eta txanpiñoi brotxetak,"Oliba olioa, Arraina","https://eu.wikibooks.org/wiki/Sukaldaritza_liburua/Errezetak/Zapo,_kuia_txiki_eta_txanpi%C3%B1oi_brotxetak, https://eu.wikibooks.org/wiki/Sukaldaritza_liburua/Errezetak/Zapo,_kuia_txiki_eta_txanpi%C3%B1oi_brotxetak",Zapo kuia txiki txanpiñoi brotxeta,,
