Title,Ingredient,Order,Technique,Url
Abakando errea,['Itsaskia'],['Bigarren platerak'],['Erre'],['https://eu.wikibooks.org/wiki/Sukaldaritza_liburua/Errezetak/Abakando_errea']
Ahuntz gazta entsalada,['Barazkia'],['Lehen platerak'],['Entsalada'],['https://eu.wikibooks.org/wiki/Sukaldaritza_liburua/Errezetak/Ahuntz_gazta_entsalada']
Alberjinia beteak haragi xehatuarekin,['Oliba olioa'],['Lehen platerak'],[],['https://eu.wikibooks.org/wiki/Sukaldaritza_liburua/Errezetak/Alberjinia_beteak_haragi_xehatuarekin']
Albondigak tomate saltsan,['Haragia'],['Bigarren platerak'],[],['https://eu.wikibooks.org/wiki/Sukaldaritza_liburua/Errezetak/Albondigak_tomate_saltsan']
Ananaz beteriko krepeak,"['Arrautza', 'Fruta']",['Azkenburukoak'],[],"['https://eu.wikibooks.org/wiki/Sukaldaritza_liburua/Errezetak/Ananaz_beteriko_krepeak', 'https://eu.wikibooks.org/wiki/Sukaldaritza_liburua/Errezetak/Ananaz_beteriko_krepeak']"
Andaluziako gazpatxoa,['Oliba olioa'],['Lehen platerak'],[],['https://eu.wikibooks.org/wiki/Sukaldaritza_liburua/Errezetak/Andaluziako_gazpatxoa']
Antxoa arrautzaztatua,['Arraina'],['Bigarren platerak'],[],['https://eu.wikibooks.org/wiki/Sukaldaritza_liburua/Errezetak/Antxoa_arrautzaztatua']
Antxoa baratxuritan frijitua,['Arraina'],['Bigarren platerak'],[],['https://eu.wikibooks.org/wiki/Sukaldaritza_liburua/Errezetak/Antxoa_baratxuritan_frijitua']
Antxoa betea,['Arraina'],['Bigarren platerak'],[],['https://eu.wikibooks.org/wiki/Sukaldaritza_liburua/Errezetak/Antxoa_betea']
Antxoa frijituak,"['Arraina', 'Oliba olioa']",['Bigarren platerak'],['Frijitu'],"['https://eu.wikibooks.org/wiki/Sukaldaritza_liburua/Errezetak/Antxoa_frijituak', 'https://eu.wikibooks.org/wiki/Sukaldaritza_liburua/Errezetak/Antxoa_frijituak']"
Antxoa kremaz beterikoa,['Arraina'],['Bigarren platerak'],['Kremak'],['https://eu.wikibooks.org/wiki/Sukaldaritza_liburua/Errezetak/Antxoa_kremaz_beterikoa']
Antxoa marinatu entsalada,['Arraina'],['Bigarren platerak'],['Entsalada'],['https://eu.wikibooks.org/wiki/Sukaldaritza_liburua/Errezetak/Antxoa_marinatu_entsalada']
Antxoa ozpinetan,['Arraina'],['Bigarren platerak'],[],['https://eu.wikibooks.org/wiki/Sukaldaritza_liburua/Errezetak/Antxoa_ozpinetan']
Antxoa papillote eran,['Arraina'],['Bigarren platerak'],[],['https://eu.wikibooks.org/wiki/Sukaldaritza_liburua/Errezetak/Antxoa_papillote_eran']
Antxoak tipulin eta baratxuri freskoekin,"['Arraina', 'Oliba olioa']",['Bigarren platerak'],[],"['https://eu.wikibooks.org/wiki/Sukaldaritza_liburua/Errezetak/Antxoak_tipulin_eta_baratxuri_freskoekin', 'https://eu.wikibooks.org/wiki/Sukaldaritza_liburua/Errezetak/Antxoak_tipulin_eta_baratxuri_freskoekin']"
Antxua arrautzeztatua,['Arraina'],['Bigarren platerak'],[],['https://eu.wikibooks.org/wiki/Sukaldaritza_liburua/Errezetak/Antxua_arrautzeztatua']
Antxua baratxuritan frijitua,['Arraina'],['Bigarren platerak'],[],['https://eu.wikibooks.org/wiki/Sukaldaritza_liburua/Errezetak/Antxua_baratxuritan_frijitua']
Antxua betea,['Arraina'],['Bigarren platerak'],[],['https://eu.wikibooks.org/wiki/Sukaldaritza_liburua/Errezetak/Antxua_betea']
Antxua ozpinetan,['Arraina'],['Bigarren platerak'],[],['https://eu.wikibooks.org/wiki/Sukaldaritza_liburua/Errezetak/Antxua_ozpinetan']
Antxua papillote eran,['Arraina'],['Bigarren platerak'],[],['https://eu.wikibooks.org/wiki/Sukaldaritza_liburua/Errezetak/Antxua_papillote_eran']
Arkume izterra labean barazkiekin,"['Barazkia', 'Oliba olioa']",['Bigarren platerak'],['Labekatu'],"['https://eu.wikibooks.org/wiki/Sukaldaritza_liburua/Errezetak/Arkume_izterra_labean_barazkiekin', 'https://eu.wikibooks.org/wiki/Sukaldaritza_liburua/Errezetak/Arkume_izterra_labean_barazkiekin']"
Arkumea txilindronean,['Oliba olioa'],['Bigarren platerak'],[],['https://eu.wikibooks.org/wiki/Sukaldaritza_liburua/Errezetak/Arkumea_txilindronean']
Arrain budina,['Arraina'],['Bigarren platerak'],[],['https://eu.wikibooks.org/wiki/Sukaldaritza_liburua/Errezetak/Arrain_budina']
Arrain salda,['Arraina'],['Bigarren platerak'],[],['https://eu.wikibooks.org/wiki/Sukaldaritza_liburua/Errezetak/Arrain_salda']
Arrain zopa,['Arraina'],['Bigarren platerak'],['Zopak'],['https://eu.wikibooks.org/wiki/Sukaldaritza_liburua/Errezetak/Arrain_zopa']
Arrautza budina,['Arrautza'],['Azkenburukoak'],[],['https://eu.wikibooks.org/wiki/Sukaldaritza_liburua/Errezetak/Arrautza_budina']
Arrautza egosia,['Arrautza'],['Lehen platerak'],[],['https://eu.wikibooks.org/wiki/Sukaldaritza_liburua/Errezetak/Arrautza_egosia']
Arrautza frijitua,['Arrautza'],['Bigarren platerak'],[],['https://eu.wikibooks.org/wiki/Sukaldaritza_liburua/Errezetak/Arrautza_frijitua']
Arrautza galdarraztatua,['Arrautza'],['Lehen platerak'],[],['https://eu.wikibooks.org/wiki/Sukaldaritza_liburua/Errezetak/Arrautza_galdarraztatua']
Arrautza habia,['Arrautza'],['Lehen platerak'],[],['https://eu.wikibooks.org/wiki/Sukaldaritza_liburua/Errezetak/Arrautza_habia']
Arrautza mollet eran,['Arrautza'],['Lehen platerak'],[],['https://eu.wikibooks.org/wiki/Sukaldaritza_liburua/Errezetak/Arrautza_mollet_eran']
"Arrautza, uretan pasea",['Arrautza'],['Lehen platerak'],[],"['https://eu.wikibooks.org/wiki/Sukaldaritza_liburua/Errezetak/Arrautza,_uretan_pasea']"
Arrautzak kardu eta kutixiekin,"['Arrautza', 'Oliba olioa']",['Bigarren platerak'],[],"['https://eu.wikibooks.org/wiki/Sukaldaritza_liburua/Errezetak/Arrautzak_kardu_eta_kutixiekin', 'https://eu.wikibooks.org/wiki/Sukaldaritza_liburua/Errezetak/Arrautzak_kardu_eta_kutixiekin']"
Arrautzarekin labean eginiko gazta tarta,['Arrautza'],['Azkenburukoak'],[],['https://eu.wikibooks.org/wiki/Sukaldaritza_liburua/Errezetak/Arrautzarekin_labean_eginiko_gazta_tarta']
Arroz beltza,['Arroza'],['Lehen platerak'],[],['https://eu.wikibooks.org/wiki/Sukaldaritza_liburua/Errezetak/Arroz_beltza']
Arroz entsalada,"['Arroza', 'Barazkia']",['Lehen platerak'],['Entsalada'],"['https://eu.wikibooks.org/wiki/Sukaldaritza_liburua/Errezetak/Arroz_entsalada', 'https://eu.wikibooks.org/wiki/Sukaldaritza_liburua/Errezetak/Arroz_entsalada']"
Arroz esnea,['Arroza'],['Azkenburukoak'],[],['https://eu.wikibooks.org/wiki/Sukaldaritza_liburua/Errezetak/Arroz_esnea']
Arroz esnea 2,"['Arroza', 'Esnekiak']",['Azkenburukoak'],[],"['https://eu.wikibooks.org/wiki/Sukaldaritza_liburua/Errezetak/Arroz_esnea_2', 'https://eu.wikibooks.org/wiki/Sukaldaritza_liburua/Errezetak/Arroz_esnea_2']"
Arroz hindua,['Arroza'],['Lehen platerak'],[],['https://eu.wikibooks.org/wiki/Sukaldaritza_liburua/Errezetak/Arroz_hindua']
"Arroz odolkia, piper eta galeper arrautzekin","['Arrautza', 'Arroza', 'Haragia']",['Lehen platerak'],[],"['https://eu.wikibooks.org/wiki/Sukaldaritza_liburua/Errezetak/Arroz_odolkia,_piper_eta_galeper_arrautzekin', 'https://eu.wikibooks.org/wiki/Sukaldaritza_liburua/Errezetak/Arroz_odolkia,_piper_eta_galeper_arrautzekin', 'https://eu.wikibooks.org/wiki/Sukaldaritza_liburua/Errezetak/Arroz_odolkia,_piper_eta_galeper_arrautzekin']"
Arroz osoa barazki salteatuekin,['Arroza'],['Lehen platerak'],[],['https://eu.wikibooks.org/wiki/Sukaldaritza_liburua/Errezetak/Arroz_osoa_barazki_salteatuekin']
Arroz osoa barazkiekin,['Arroza'],['Lehen platerak'],[],['https://eu.wikibooks.org/wiki/Sukaldaritza_liburua/Errezetak/Arroz_osoa_barazkiekin']
Arroz txuria,['Arroza'],['Lehen platerak'],[],['https://eu.wikibooks.org/wiki/Sukaldaritza_liburua/Errezetak/Arroz_txuria']
Arroz zopa,['Arroza'],['Lehen platerak'],['Zopak'],['https://eu.wikibooks.org/wiki/Sukaldaritza_liburua/Errezetak/Arroz_zopa']
Arroz zuri egosia,['Arroza'],['Lehen platerak'],[],['https://eu.wikibooks.org/wiki/Sukaldaritza_liburua/Errezetak/Arroz_zuri_egosia']
Arroz zuria txirlekin,['Arroza'],['Lehen platerak'],[],['https://eu.wikibooks.org/wiki/Sukaldaritza_liburua/Errezetak/Arroz_zuria_txirlekin']
Arroz-odolki kruxpetak,['Arroza'],['Lehen platerak'],[],['https://eu.wikibooks.org/wiki/Sukaldaritza_liburua/Errezetak/Arroz-odolki_kruxpetak']
Arroza Txibiekin,"['Arroza', 'Itsaskia']",['Bigarren platerak'],[],"['https://eu.wikibooks.org/wiki/Sukaldaritza_liburua/Errezetak/Arroza_Txibiekin', 'https://eu.wikibooks.org/wiki/Sukaldaritza_liburua/Errezetak/Arroza_Txibiekin']"
Arroza Txipiroiekin,"['Arroza', 'Itsaskia']",['Bigarren platerak'],[],"['https://eu.wikibooks.org/wiki/Sukaldaritza_liburua/Errezetak/Arroza_Txipiroiekin', 'https://eu.wikibooks.org/wiki/Sukaldaritza_liburua/Errezetak/Arroza_Txipiroiekin']"
Arroza abakandoarekin,"['Arroza', 'Itsaskia']",['Bigarren platerak'],[],"['https://eu.wikibooks.org/wiki/Sukaldaritza_liburua/Errezetak/Arroza_abakandoarekin', 'https://eu.wikibooks.org/wiki/Sukaldaritza_liburua/Errezetak/Arroza_abakandoarekin']"
Arroza barazkiekin,['Arroza'],['Lehen platerak'],[],['https://eu.wikibooks.org/wiki/Sukaldaritza_liburua/Errezetak/Arroza_barazkiekin']
Arroza japoniar eran egosia,['Arroza'],['Lehen platerak'],[],['https://eu.wikibooks.org/wiki/Sukaldaritza_liburua/Errezetak/Arroza_japoniar_eran_egosia']
Arroza oilasko eta curryarekin,['Arroza'],['Lehen platerak'],[],['https://eu.wikibooks.org/wiki/Sukaldaritza_liburua/Errezetak/Arroza_oilasko_eta_curryarekin']
Arroza oilaskoarekin,['Arroza'],['Lehen platerak'],[],['https://eu.wikibooks.org/wiki/Sukaldaritza_liburua/Errezetak/Arroza_oilaskoarekin']
Arroza txipiroiekin,"['Arroza', 'Oliba olioa']",['Lehen platerak'],[],"['https://eu.wikibooks.org/wiki/Sukaldaritza_liburua/Errezetak/Arroza_txipiroiekin', 'https://eu.wikibooks.org/wiki/Sukaldaritza_liburua/Errezetak/Arroza_txipiroiekin']"
Arrozezko odolki kruxpetak piper kremarekin,"['Arroza', 'Haragia']",['Lehen platerak'],['Kremak'],"['https://eu.wikibooks.org/wiki/Sukaldaritza_liburua/Errezetak/Arrozezko_odolki_kruxpetak_piper_kremarekin', 'https://eu.wikibooks.org/wiki/Sukaldaritza_liburua/Errezetak/Arrozezko_odolki_kruxpetak_piper_kremarekin']"
Arto irin tortillak,['Arrautza'],['Azkenburukoak'],[],['https://eu.wikibooks.org/wiki/Sukaldaritza_liburua/Errezetak/Arto_irin_tortillak']
Askotariko paella,['Arroza'],['Lehen platerak'],[],['https://eu.wikibooks.org/wiki/Sukaldaritza_liburua/Errezetak/Askotariko_paella']
Atun mendrezka plantxan tomate eta otarrainxkekin,"['Arraina', 'Oliba olioa']",['Bigarren platerak'],['Plantxan'],"['https://eu.wikibooks.org/wiki/Sukaldaritza_liburua/Errezetak/Atun_mendrezka_plantxan_tomate_eta_otarrainxkekin', 'https://eu.wikibooks.org/wiki/Sukaldaritza_liburua/Errezetak/Atun_mendrezka_plantxan_tomate_eta_otarrainxkekin']"
Atungorri carpaccioa,['Arraina'],['Bigarren platerak'],[],['https://eu.wikibooks.org/wiki/Sukaldaritza_liburua/Errezetak/Atungorri_carpaccioa']
Atungorri sashimia,['Arraina'],['Bigarren platerak'],[],['https://eu.wikibooks.org/wiki/Sukaldaritza_liburua/Errezetak/Atungorri_sashimia']
Azenario purea,['Barazkia'],['Lehen platerak'],[],['https://eu.wikibooks.org/wiki/Sukaldaritza_liburua/Errezetak/Azenario_purea']
Azpizuna plantxan,['Haragia'],['Bigarren platerak'],['Plantxan'],['https://eu.wikibooks.org/wiki/Sukaldaritza_liburua/Errezetak/Azpizuna_plantxan']
Baba egosia,['Lekaleak'],['Lehen platerak'],[],['https://eu.wikibooks.org/wiki/Sukaldaritza_liburua/Errezetak/Baba_egosia']
Babak ilarrekin,['Lekaleak'],['Lehen platerak'],[],['https://eu.wikibooks.org/wiki/Sukaldaritza_liburua/Errezetak/Babak_ilarrekin']
Babak urdaiazpikoarekin,['Lekaleak'],['Lehen platerak'],[],['https://eu.wikibooks.org/wiki/Sukaldaritza_liburua/Errezetak/Babak_urdaiazpikoarekin']
Babarrun zuriak,['Lekaleak'],['Lehen platerak'],[],['https://eu.wikibooks.org/wiki/Sukaldaritza_liburua/Errezetak/Babarrun_zuriak']
Bakailao brandada piperrekin eta ziazerbekin,"['Arraina', 'Oliba olioa']",['Bigarren platerak'],[],"['https://eu.wikibooks.org/wiki/Sukaldaritza_liburua/Errezetak/Bakailao_brandada_piperrekin_eta_ziazerbekin', 'https://eu.wikibooks.org/wiki/Sukaldaritza_liburua/Errezetak/Bakailao_brandada_piperrekin_eta_ziazerbekin']"
"Bakailao carpaccioa, ziza eta pinaziekin","['Arraina', 'Oliba olioa']",['Bigarren platerak'],['Carpaccio'],"['https://eu.wikibooks.org/wiki/Sukaldaritza_liburua/Errezetak/Bakailao_carpaccioa,_ziza_eta_pinaziekin', 'https://eu.wikibooks.org/wiki/Sukaldaritza_liburua/Errezetak/Bakailao_carpaccioa,_ziza_eta_pinaziekin']"
Bakailao edo legatz kroketak,['Arraina'],['Bigarren platerak'],[],['https://eu.wikibooks.org/wiki/Sukaldaritza_liburua/Errezetak/Bakailao_edo_legatz_kroketak']
Bakailao entsalada,['Arraina'],['Bigarren platerak'],['Entsalada'],['https://eu.wikibooks.org/wiki/Sukaldaritza_liburua/Errezetak/Bakailao_entsalada']
Bakailao eta piper erre entsalada epela,"['Arraina', 'Oliba olioa']",['Lehen platerak'],['Entsalada'],"['https://eu.wikibooks.org/wiki/Sukaldaritza_liburua/Errezetak/Bakailao_eta_piper_erre_entsalada_epela', 'https://eu.wikibooks.org/wiki/Sukaldaritza_liburua/Errezetak/Bakailao_eta_piper_erre_entsalada_epela']"
Bakailao frijitua,['Arraina'],['Bigarren platerak'],[],['https://eu.wikibooks.org/wiki/Sukaldaritza_liburua/Errezetak/Bakailao_frijitua']
Bakailao kokotxak gari zainzuri eta piper freskoekin,"['Arraina', 'Oliba olioa']",['Bigarren platerak'],[],"['https://eu.wikibooks.org/wiki/Sukaldaritza_liburua/Errezetak/Bakailao_kokotxak_gari_zainzuri_eta_piper_freskoekin', 'https://eu.wikibooks.org/wiki/Sukaldaritza_liburua/Errezetak/Bakailao_kokotxak_gari_zainzuri_eta_piper_freskoekin']"
Bakailao kokotxak saltsa berdean,['Arraina'],['Bigarren platerak'],[],['https://eu.wikibooks.org/wiki/Sukaldaritza_liburua/Errezetak/Bakailao_kokotxak_saltsa_berdean']
Bakailao konfitatua piperrekin,['Arraina'],['Bigarren platerak'],[],['https://eu.wikibooks.org/wiki/Sukaldaritza_liburua/Errezetak/Bakailao_konfitatua_piperrekin']
"Bakailao konfitatua, basmati arrozarekin eta ziazerbekin","['Arraina', 'Arroza', 'Barazkia', 'Oliba olioa']",['Bigarren platerak'],[],"['https://eu.wikibooks.org/wiki/Sukaldaritza_liburua/Errezetak/Bakailao_konfitatua,_basmati_arrozarekin_eta_ziazerbekin', 'https://eu.wikibooks.org/wiki/Sukaldaritza_liburua/Errezetak/Bakailao_konfitatua,_basmati_arrozarekin_eta_ziazerbekin', 'https://eu.wikibooks.org/wiki/Sukaldaritza_liburua/Errezetak/Bakailao_konfitatua,_basmati_arrozarekin_eta_ziazerbekin', 'https://eu.wikibooks.org/wiki/Sukaldaritza_liburua/Errezetak/Bakailao_konfitatua,_basmati_arrozarekin_eta_ziazerbekin']"
Bakailao masailak saltsa berdean patatekin,['Arraina'],['Bigarren platerak'],[],['https://eu.wikibooks.org/wiki/Sukaldaritza_liburua/Errezetak/Bakailao_masailak_saltsa_berdean_patatekin']
Bakailao nahaskia,['Arraina'],['Bigarren platerak'],[],['https://eu.wikibooks.org/wiki/Sukaldaritza_liburua/Errezetak/Bakailao_nahaskia']
Bakailao tortilla,"['Arraina', 'Arrautza']",['Bigarren platerak'],[],"['https://eu.wikibooks.org/wiki/Sukaldaritza_liburua/Errezetak/Bakailao_tortilla', 'https://eu.wikibooks.org/wiki/Sukaldaritza_liburua/Errezetak/Bakailao_tortilla']"
Bakailaoa bizkaitar erara,['Arraina'],['Bigarren platerak'],[],['https://eu.wikibooks.org/wiki/Sukaldaritza_liburua/Errezetak/Bakailaoa_bizkaitar_erara']
Bakailaoa frijitua piper saltsa eta alioli gainerrea,['Arraina'],['Bigarren platerak'],[],['https://eu.wikibooks.org/wiki/Sukaldaritza_liburua/Errezetak/Bakailaoa_frijitua_piper_saltsa_eta_alioli_gainerrea']
Bakailaoa pil-pil erara,['Arraina'],['Bigarren platerak'],[],['https://eu.wikibooks.org/wiki/Sukaldaritza_liburua/Errezetak/Bakailaoa_pil-pil_erara']
Bakailaoaren brandada,['Arraina'],['Bigarren platerak'],[],['https://eu.wikibooks.org/wiki/Sukaldaritza_liburua/Errezetak/Bakailaoaren_brandada']
Bakailo piper beteak,['Arraina'],['Bigarren platerak'],[],['https://eu.wikibooks.org/wiki/Sukaldaritza_liburua/Errezetak/Bakailo_piper_beteak']
Baratxuri zopa 2,['Arrautza'],['Lehen platerak'],['Zopak'],['https://eu.wikibooks.org/wiki/Sukaldaritza_liburua/Errezetak/Baratxuri_zopa_2']
Baratxuri zopa bakailaoarekin,['Arrautza'],['Lehen platerak'],['Zopak'],['https://eu.wikibooks.org/wiki/Sukaldaritza_liburua/Errezetak/Baratxuri_zopa_bakailaoarekin']
Barazki betegaia,['Barazkia'],['Lehen platerak'],[],['https://eu.wikibooks.org/wiki/Sukaldaritza_liburua/Errezetak/Barazki_betegaia']
Barazki budina,['Barazkia'],['Lehen platerak'],[],['https://eu.wikibooks.org/wiki/Sukaldaritza_liburua/Errezetak/Barazki_budina']
Barazki estrudela,['Barazkia'],['Lehen platerak'],[],['https://eu.wikibooks.org/wiki/Sukaldaritza_liburua/Errezetak/Barazki_estrudela']
Barazki eta otarrainxka risottoa,"['Arroza', 'Barazkia', 'Oliba olioa']",['Lehen platerak'],[],"['https://eu.wikibooks.org/wiki/Sukaldaritza_liburua/Errezetak/Barazki_eta_otarrainxka_risottoa', 'https://eu.wikibooks.org/wiki/Sukaldaritza_liburua/Errezetak/Barazki_eta_otarrainxka_risottoa', 'https://eu.wikibooks.org/wiki/Sukaldaritza_liburua/Errezetak/Barazki_eta_otarrainxka_risottoa']"
Barazki eta txekor azpizun erregosia,"['Arrautza', 'Barazkia']",['Bigarren platerak'],['Erregosi'],"['https://eu.wikibooks.org/wiki/Sukaldaritza_liburua/Errezetak/Barazki_eta_txekor_azpizun_erregosia', 'https://eu.wikibooks.org/wiki/Sukaldaritza_liburua/Errezetak/Barazki_eta_txekor_azpizun_erregosia']"
Barazki eta txipiroi entsalada,"['Barazkia', 'Itsaskia', 'Oliba olioa']",['Lehen platerak'],['Entsalada'],"['https://eu.wikibooks.org/wiki/Sukaldaritza_liburua/Errezetak/Barazki_eta_txipiroi_entsalada', 'https://eu.wikibooks.org/wiki/Sukaldaritza_liburua/Errezetak/Barazki_eta_txipiroi_entsalada', 'https://eu.wikibooks.org/wiki/Sukaldaritza_liburua/Errezetak/Barazki_eta_txipiroi_entsalada']"
Barazki eta txipiroi risotoa,"['Arroza', 'Barazkia', 'Itsaskia', 'Oliba olioa']",['Lehen platerak'],[],"['https://eu.wikibooks.org/wiki/Sukaldaritza_liburua/Errezetak/Barazki_eta_txipiroi_risotoa', 'https://eu.wikibooks.org/wiki/Sukaldaritza_liburua/Errezetak/Barazki_eta_txipiroi_risotoa', 'https://eu.wikibooks.org/wiki/Sukaldaritza_liburua/Errezetak/Barazki_eta_txipiroi_risotoa', 'https://eu.wikibooks.org/wiki/Sukaldaritza_liburua/Errezetak/Barazki_eta_txipiroi_risotoa']"
Barazki eta txipiroi risottoa,"['Arroza', 'Barazkia', 'Itsaskia', 'Oliba olioa']",['Lehen platerak'],[],"['https://eu.wikibooks.org/wiki/Sukaldaritza_liburua/Errezetak/Barazki_eta_txipiroi_risottoa', 'https://eu.wikibooks.org/wiki/Sukaldaritza_liburua/Errezetak/Barazki_eta_txipiroi_risottoa', 'https://eu.wikibooks.org/wiki/Sukaldaritza_liburua/Errezetak/Barazki_eta_txipiroi_risottoa', 'https://eu.wikibooks.org/wiki/Sukaldaritza_liburua/Errezetak/Barazki_eta_txipiroi_risottoa']"
Barazki eta zapo risotoa,"['Arroza', 'Barazkia', 'Oliba olioa']",['Lehen platerak'],[],"['https://eu.wikibooks.org/wiki/Sukaldaritza_liburua/Errezetak/Barazki_eta_zapo_risotoa', 'https://eu.wikibooks.org/wiki/Sukaldaritza_liburua/Errezetak/Barazki_eta_zapo_risotoa', 'https://eu.wikibooks.org/wiki/Sukaldaritza_liburua/Errezetak/Barazki_eta_zapo_risotoa']"
Barazki koka,['Barazkia'],['Lehen platerak'],[],['https://eu.wikibooks.org/wiki/Sukaldaritza_liburua/Errezetak/Barazki_koka']
Barazki krepeak,"['Arrautza', 'Barazkia', 'Oliba olioa']",['Lehen platerak'],[],"['https://eu.wikibooks.org/wiki/Sukaldaritza_liburua/Errezetak/Barazki_krepeak', 'https://eu.wikibooks.org/wiki/Sukaldaritza_liburua/Errezetak/Barazki_krepeak', 'https://eu.wikibooks.org/wiki/Sukaldaritza_liburua/Errezetak/Barazki_krepeak']"
Barazki lasagna,['Barazkia'],['Lehen platerak'],[],['https://eu.wikibooks.org/wiki/Sukaldaritza_liburua/Errezetak/Barazki_lasagna']
Barazki menestra,['Barazkia'],['Lehen platerak'],[],['https://eu.wikibooks.org/wiki/Sukaldaritza_liburua/Errezetak/Barazki_menestra']
Barazki menestra 2,"['Arrautza', 'Barazkia', 'Oliba olioa']",['Lehen platerak'],[],"['https://eu.wikibooks.org/wiki/Sukaldaritza_liburua/Errezetak/Barazki_menestra_2', 'https://eu.wikibooks.org/wiki/Sukaldaritza_liburua/Errezetak/Barazki_menestra_2', 'https://eu.wikibooks.org/wiki/Sukaldaritza_liburua/Errezetak/Barazki_menestra_2']"
Barazki moussaka,['Barazkia'],['Lehen platerak'],[],['https://eu.wikibooks.org/wiki/Sukaldaritza_liburua/Errezetak/Barazki_moussaka']
Barazki panatxea,['Barazkia'],['Lehen platerak'],[],['https://eu.wikibooks.org/wiki/Sukaldaritza_liburua/Errezetak/Barazki_panatxea']
Barazki purea,['Barazkia'],['Lehen platerak'],[],['https://eu.wikibooks.org/wiki/Sukaldaritza_liburua/Errezetak/Barazki_purea']
Barazki salda,['Barazkia'],['Lehen platerak'],[],['https://eu.wikibooks.org/wiki/Sukaldaritza_liburua/Errezetak/Barazki_salda']
Barazki salteatua,['Barazkia'],['Lehen platerak'],[],['https://eu.wikibooks.org/wiki/Sukaldaritza_liburua/Errezetak/Barazki_salteatua']
Barazki saltsa,['Barazkia'],['Lehen platerak'],[],['https://eu.wikibooks.org/wiki/Sukaldaritza_liburua/Errezetak/Barazki_saltsa']
Barazki tortilla,"['Arrautza', 'Barazkia']",['Lehen platerak'],[],"['https://eu.wikibooks.org/wiki/Sukaldaritza_liburua/Errezetak/Barazki_tortilla', 'https://eu.wikibooks.org/wiki/Sukaldaritza_liburua/Errezetak/Barazki_tortilla']"
Barazkia tenpuran frijitua,['Barazkia'],['Lehen platerak'],['Frijitu'],['https://eu.wikibooks.org/wiki/Sukaldaritza_liburua/Errezetak/Barazkia_tenpuran_frijitua']
Barazkiak dadotean sueztituak,['Barazkia'],['Lehen platerak'],[],['https://eu.wikibooks.org/wiki/Sukaldaritza_liburua/Errezetak/Barazkiak_dadotean_sueztituak']
Barbarin arraintxoak plantxan ziazerba eta otarrainxkekin,['Oliba olioa'],['Bigarren platerak'],['Plantxan'],['https://eu.wikibooks.org/wiki/Sukaldaritza_liburua/Errezetak/Barbarin_arraintxoak_plantxan_ziazerba_eta_otarrainxkekin']
Barbarin frijituak,['Arraina'],['Bigarren platerak'],[],['https://eu.wikibooks.org/wiki/Sukaldaritza_liburua/Errezetak/Barbarin_frijituak']
Barraskilo salteatuak,['Barraskiloak'],['Bigarren platerak'],[],['https://eu.wikibooks.org/wiki/Sukaldaritza_liburua/Errezetak/Barraskilo_salteatuak']
Barraskiloak bizkaitar erara,['Barraskiloak'],['Bigarren platerak'],[],['https://eu.wikibooks.org/wiki/Sukaldaritza_liburua/Errezetak/Barraskiloak_bizkaitar_erara']
Barraskiloak parrillan,['Barraskiloak'],['Bigarren platerak'],[],['https://eu.wikibooks.org/wiki/Sukaldaritza_liburua/Errezetak/Barraskiloak_parrillan']
Basa arroza barazkiekin,['Arroza'],['Lehen platerak'],[],['https://eu.wikibooks.org/wiki/Sukaldaritza_liburua/Errezetak/Basa_arroza_barazkiekin']
"Basa arroza, arroz zuriarekin",['Arroza'],['Lehen platerak'],[],"['https://eu.wikibooks.org/wiki/Sukaldaritza_liburua/Errezetak/Basa_arroza,_arroz_zuriarekin']"
Baserriko ogi tosta berezia,['Oliba olioa'],['Lehen platerak'],[],['https://eu.wikibooks.org/wiki/Sukaldaritza_liburua/Errezetak/Baserriko_ogi_tosta_berezia']
Basmati arroza entsaladan,"['Arroza', 'Oliba olioa']",['Lehen platerak'],['Entsalada'],"['https://eu.wikibooks.org/wiki/Sukaldaritza_liburua/Errezetak/Basmati_arroza_entsaladan', 'https://eu.wikibooks.org/wiki/Sukaldaritza_liburua/Errezetak/Basmati_arroza_entsaladan']"
Baso fruituen saltsa,['Fruta'],['Azkenburukoak'],[],['https://eu.wikibooks.org/wiki/Sukaldaritza_liburua/Errezetak/Baso_fruituen_saltsa']
Basurdea saltsan,['Oliba olioa'],['Bigarren platerak'],[],['https://eu.wikibooks.org/wiki/Sukaldaritza_liburua/Errezetak/Basurdea_saltsan']
Berdela eskabetxean,['Arraina'],['Bigarren platerak'],[],['https://eu.wikibooks.org/wiki/Sukaldaritza_liburua/Errezetak/Berdela_eskabetxean']
Berdela labean piperradarekin,['Arraina'],['Bigarren platerak'],['Labekatu'],['https://eu.wikibooks.org/wiki/Sukaldaritza_liburua/Errezetak/Berdela_labean_piperradarekin']
Bexamelaz eginiko haragi betegaia,['Haragia'],['Bigarren platerak'],[],['https://eu.wikibooks.org/wiki/Sukaldaritza_liburua/Errezetak/Bexamelaz_eginiko_haragi_betegaia']
Bijiliako Txitxirioak,['Lekaleak'],['Lehen platerak'],[],['https://eu.wikibooks.org/wiki/Sukaldaritza_liburua/Errezetak/Bijiliako_Txitxirioak']
Biribilkia saltsan,['Haragia'],['Bigarren platerak'],[],['https://eu.wikibooks.org/wiki/Sukaldaritza_liburua/Errezetak/Biribilkia_saltsan']
Bisigua labean,['Arraina'],['Bigarren platerak'],[],['https://eu.wikibooks.org/wiki/Sukaldaritza_liburua/Errezetak/Bisigua_labean']
Bizkaitar saltsa,['Arraina'],['Bigarren platerak'],[],['https://eu.wikibooks.org/wiki/Sukaldaritza_liburua/Errezetak/Bizkaitar_saltsa']
Bruselazak borraja eta urdaiazpikoarekin,"['Barazkia', 'Haragia']",['Lehen platerak'],[],"['https://eu.wikibooks.org/wiki/Sukaldaritza_liburua/Errezetak/Bruselazak_borraja_eta_urdaiazpikoarekin', 'https://eu.wikibooks.org/wiki/Sukaldaritza_liburua/Errezetak/Bruselazak_borraja_eta_urdaiazpikoarekin']"
Buia maionesarekin,['Itsaskia'],['Bigarren platerak'],[],['https://eu.wikibooks.org/wiki/Sukaldaritza_liburua/Errezetak/Buia_maionesarekin']
Caprese entsalada,['Barazkia'],['Lehen platerak'],['Entsalada'],['https://eu.wikibooks.org/wiki/Sukaldaritza_liburua/Errezetak/Caprese_entsalada']
Cesar entsalada,['Barazkia'],['Lehen platerak'],['Entsalada'],['https://eu.wikibooks.org/wiki/Sukaldaritza_liburua/Errezetak/Cesar_entsalada']
Eperrak saltsan,['Oliba olioa'],['Bigarren platerak'],[],['https://eu.wikibooks.org/wiki/Sukaldaritza_liburua/Errezetak/Eperrak_saltsan']
Eperrak txokolate saltsan,['Txokolatea'],['Azkenburukoak'],[],['https://eu.wikibooks.org/wiki/Sukaldaritza_liburua/Errezetak/Eperrak_txokolate_saltsan']
Erreboiloa basmati arrozarekin eta lekekin,"['Arraina', 'Arroza', 'Barazkia', 'Oliba olioa']",['Bigarren platerak'],[],"['https://eu.wikibooks.org/wiki/Sukaldaritza_liburua/Errezetak/Erreboiloa_basmati_arrozarekin_eta_lekekin', 'https://eu.wikibooks.org/wiki/Sukaldaritza_liburua/Errezetak/Erreboiloa_basmati_arrozarekin_eta_lekekin', 'https://eu.wikibooks.org/wiki/Sukaldaritza_liburua/Errezetak/Erreboiloa_basmati_arrozarekin_eta_lekekin', 'https://eu.wikibooks.org/wiki/Sukaldaritza_liburua/Errezetak/Erreboiloa_basmati_arrozarekin_eta_lekekin']"
Erremolatxa egosia,['Barazkia'],['Lehen platerak'],[],['https://eu.wikibooks.org/wiki/Sukaldaritza_liburua/Errezetak/Erremolatxa_egosia']
Esne frijitua,['Esnekiak'],['Azkenburukoak'],[],['https://eu.wikibooks.org/wiki/Sukaldaritza_liburua/Errezetak/Esne_frijitua']
Esne frijituak,"['Arrautza', 'Esnekiak']",['Azkenburukoak'],[],"['https://eu.wikibooks.org/wiki/Sukaldaritza_liburua/Errezetak/Esne_frijituak', 'https://eu.wikibooks.org/wiki/Sukaldaritza_liburua/Errezetak/Esne_frijituak']"
Etxeko bizkotxoa marrubiekin eta esne gainarekin,"['Arrautza', 'Fruta']",['Azkenburukoak'],[],"['https://eu.wikibooks.org/wiki/Sukaldaritza_liburua/Errezetak/Etxeko_bizkotxoa_marrubiekin_eta_esne_gainarekin', 'https://eu.wikibooks.org/wiki/Sukaldaritza_liburua/Errezetak/Etxeko_bizkotxoa_marrubiekin_eta_esne_gainarekin']"
Etxeko gailetak kremaz beteak,['Arrautza'],['Azkenburukoak'],['Kremak'],['https://eu.wikibooks.org/wiki/Sukaldaritza_liburua/Errezetak/Etxeko_gailetak_kremaz_beteak']
Fideua barazki eta muskuiluekin,"['Barazkia', 'Oliba olioa']",['Lehen platerak'],[],"['https://eu.wikibooks.org/wiki/Sukaldaritza_liburua/Errezetak/Fideua_barazki_eta_muskuiluekin', 'https://eu.wikibooks.org/wiki/Sukaldaritza_liburua/Errezetak/Fideua_barazki_eta_muskuiluekin']"
Fideua otarrainxka eta barazkiekin,"['Barazkia', 'Oliba olioa', 'Pasta']",['Lehen platerak'],[],"['https://eu.wikibooks.org/wiki/Sukaldaritza_liburua/Errezetak/Fideua_otarrainxka_eta_barazkiekin', 'https://eu.wikibooks.org/wiki/Sukaldaritza_liburua/Errezetak/Fideua_otarrainxka_eta_barazkiekin', 'https://eu.wikibooks.org/wiki/Sukaldaritza_liburua/Errezetak/Fideua_otarrainxka_eta_barazkiekin']"
Fideua txibiekin,['Itsaskia'],['Bigarren platerak'],[],['https://eu.wikibooks.org/wiki/Sukaldaritza_liburua/Errezetak/Fideua_txibiekin']
"Fideua, barazki eta otarrainxkekin","['Barazkia', 'Oliba olioa', 'Pasta']",['Lehen platerak'],[],"['https://eu.wikibooks.org/wiki/Sukaldaritza_liburua/Errezetak/Fideua,_barazki_eta_otarrainxkekin', 'https://eu.wikibooks.org/wiki/Sukaldaritza_liburua/Errezetak/Fideua,_barazki_eta_otarrainxkekin', 'https://eu.wikibooks.org/wiki/Sukaldaritza_liburua/Errezetak/Fideua,_barazki_eta_otarrainxkekin']"
Flamenka eran eginiko arrautzak,['Arrautza'],['Lehen platerak'],[],['https://eu.wikibooks.org/wiki/Sukaldaritza_liburua/Errezetak/Flamenka_eran_eginiko_arrautzak']
Fouti arroza,['Arroza'],['Lehen platerak'],[],['https://eu.wikibooks.org/wiki/Sukaldaritza_liburua/Errezetak/Fouti_arroza']
Frantziar lekak perretxiko eta otarrainxkekin,"['Barazkia', 'Lekaleak', 'Oliba olioa']",['Lehen platerak'],[],"['https://eu.wikibooks.org/wiki/Sukaldaritza_liburua/Errezetak/Frantziar_lekak_perretxiko_eta_otarrainxkekin', 'https://eu.wikibooks.org/wiki/Sukaldaritza_liburua/Errezetak/Frantziar_lekak_perretxiko_eta_otarrainxkekin', 'https://eu.wikibooks.org/wiki/Sukaldaritza_liburua/Errezetak/Frantziar_lekak_perretxiko_eta_otarrainxkekin']"
Frijitzeko orea,['Barazkia'],['Lehen platerak'],['Frijitu'],['https://eu.wikibooks.org/wiki/Sukaldaritza_liburua/Errezetak/Frijitzeko_orea']
Fruta gelatina bainua,['Fruta'],['Azkenburukoak'],[],['https://eu.wikibooks.org/wiki/Sukaldaritza_liburua/Errezetak/Fruta_gelatina_bainua']
Fruta mazedonia,['Fruta'],['Azkenburukoak'],[],['https://eu.wikibooks.org/wiki/Sukaldaritza_liburua/Errezetak/Fruta_mazedonia']
Fruta moussea,['Fruta'],['Azkenburukoak'],[],['https://eu.wikibooks.org/wiki/Sukaldaritza_liburua/Errezetak/Fruta_moussea']
Gaileta-tarta eta txokolate zurizko kremarekin,['Txokolatea'],['Azkenburukoak'],['Kremak'],['https://eu.wikibooks.org/wiki/Sukaldaritza_liburua/Errezetak/Gaileta-tarta_eta_txokolate_zurizko_kremarekin']
Galeper arrautza pintxoa,['Arrautza'],['Lehen platerak'],[],['https://eu.wikibooks.org/wiki/Sukaldaritza_liburua/Errezetak/Galeper_arrautza_pintxoa']
Galeperra arrautza egosia,['Arrautza'],['Lehen platerak'],[],['https://eu.wikibooks.org/wiki/Sukaldaritza_liburua/Errezetak/Galeperra_arrautza_egosia']
Galiziar haragi enpanada,['Haragia'],['Bigarren platerak'],[],['https://eu.wikibooks.org/wiki/Sukaldaritza_liburua/Errezetak/Galiziar_haragi_enpanada']
Ganbak baratxuritan,"['Arraina', 'Itsaskia']",['Bigarren platerak'],[],"['https://eu.wikibooks.org/wiki/Sukaldaritza_liburua/Errezetak/Ganbak_baratxuritan', 'https://eu.wikibooks.org/wiki/Sukaldaritza_liburua/Errezetak/Ganbak_baratxuritan']"
Ganbak plantxan edo parrilan,"['Arraina', 'Itsaskia']",['Bigarren platerak'],['Plantxan'],"['https://eu.wikibooks.org/wiki/Sukaldaritza_liburua/Errezetak/Ganbak_plantxan_edo_parrilan', 'https://eu.wikibooks.org/wiki/Sukaldaritza_liburua/Errezetak/Ganbak_plantxan_edo_parrilan']"
Ganbak plantxan edo zartaginean,"['Arraina', 'Itsaskia']",['Bigarren platerak'],['Plantxan'],"['https://eu.wikibooks.org/wiki/Sukaldaritza_liburua/Errezetak/Ganbak_plantxan_edo_zartaginean', 'https://eu.wikibooks.org/wiki/Sukaldaritza_liburua/Errezetak/Ganbak_plantxan_edo_zartaginean']"
Ganbaz beteriko txipiroi frijitua,['Itsaskia'],['Bigarren platerak'],[],['https://eu.wikibooks.org/wiki/Sukaldaritza_liburua/Errezetak/Ganbaz_beteriko_txipiroi_frijitua']
Garaiko barazki burruntzia,"['Barazkia', 'Oliba olioa']",['Lehen platerak'],[],"['https://eu.wikibooks.org/wiki/Sukaldaritza_liburua/Errezetak/Garaiko_barazki_burruntzia', 'https://eu.wikibooks.org/wiki/Sukaldaritza_liburua/Errezetak/Garaiko_barazki_burruntzia']"
"Garaiko ilarrak, patata, ziazerba eta txirlekin",['Lekaleak'],['Bigarren platerak'],[],"['https://eu.wikibooks.org/wiki/Sukaldaritza_liburua/Errezetak/Garaiko_ilarrak,_patata,_ziazerba_eta_txirlekin']"
Garbantzuak tripakiekin,"['Lekaleak', 'Oliba olioa']",['Lehen platerak'],[],"['https://eu.wikibooks.org/wiki/Sukaldaritza_liburua/Errezetak/Garbantzuak_tripakiekin', 'https://eu.wikibooks.org/wiki/Sukaldaritza_liburua/Errezetak/Garbantzuak_tripakiekin']"
"Gari zainzuriak plantxan, txipiroiekin",['Oliba olioa'],['Lehen platerak'],['Plantxan'],"['https://eu.wikibooks.org/wiki/Sukaldaritza_liburua/Errezetak/Gari_zainzuriak_plantxan,_txipiroiekin']"
Gazta eta urdai egosi frijituak,['Esnekiak'],['Azkenburukoak'],[],['https://eu.wikibooks.org/wiki/Sukaldaritza_liburua/Errezetak/Gazta_eta_urdai_egosi_frijituak']
Gazta izozkia,['Esnekiak'],['Azkenburukoak'],['Kremak'],['https://eu.wikibooks.org/wiki/Sukaldaritza_liburua/Errezetak/Gazta_izozkia']
Gazta krema,['Esnekiak'],['Azkenburukoak'],['Kremak'],['https://eu.wikibooks.org/wiki/Sukaldaritza_liburua/Errezetak/Gazta_krema']
Gazta kroketak,['Esnekiak'],['Azkenburukoak'],[],['https://eu.wikibooks.org/wiki/Sukaldaritza_liburua/Errezetak/Gazta_kroketak']
Gazta tarta labean,['Esnekiak'],['Azkenburukoak'],[],['https://eu.wikibooks.org/wiki/Sukaldaritza_liburua/Errezetak/Gazta_tarta_labean']
Gazta tarta mugurdi mermeladarekin,['Esnekiak'],['Azkenburukoak'],[],['https://eu.wikibooks.org/wiki/Sukaldaritza_liburua/Errezetak/Gazta_tarta_mugurdi_mermeladarekin']
Gazta urdin kanape edo pintxoa,['Esnekiak'],['Azkenburukoak'],[],['https://eu.wikibooks.org/wiki/Sukaldaritza_liburua/Errezetak/Gazta_urdin_kanape_edo_pintxoa']
Gazta urdin krema kanapea,['Esnekiak'],['Azkenburukoak'],['Kremak'],['https://eu.wikibooks.org/wiki/Sukaldaritza_liburua/Errezetak/Gazta_urdin_krema_kanapea']
Gaztaz beteriko ravioliak txanpiñoi eta txirla kremarekin,"['Esnekiak', 'Pasta']",['Lehen platerak'],['Kremak'],"['https://eu.wikibooks.org/wiki/Sukaldaritza_liburua/Errezetak/Gaztaz_beteriko_ravioliak_txanpi%C3%B1oi_eta_txirla_kremarekin', 'https://eu.wikibooks.org/wiki/Sukaldaritza_liburua/Errezetak/Gaztaz_beteriko_ravioliak_txanpi%C3%B1oi_eta_txirla_kremarekin']"
Gianduja krema,['Txokolatea'],['Azkenburukoak'],[],['https://eu.wikibooks.org/wiki/Sukaldaritza_liburua/Errezetak/Gianduja_krema']
Guakamole txalupa otarrainxkekin,"['Fruta', 'Oliba olioa']",['Lehen platerak'],[],"['https://eu.wikibooks.org/wiki/Sukaldaritza_liburua/Errezetak/Guakamole_txalupa_otarrainxkekin', 'https://eu.wikibooks.org/wiki/Sukaldaritza_liburua/Errezetak/Guakamole_txalupa_otarrainxkekin']"
Guakamolea,['Fruta'],['Azkenburukoak'],[],['https://eu.wikibooks.org/wiki/Sukaldaritza_liburua/Errezetak/Guakamolea']
Guakamoleta,['Fruta'],['Azkenburukoak'],[],['https://eu.wikibooks.org/wiki/Sukaldaritza_liburua/Errezetak/Guakamoleta']
Haragi betegaia,['Haragia'],['Bigarren platerak'],[],['https://eu.wikibooks.org/wiki/Sukaldaritza_liburua/Errezetak/Haragi_betegaia']
Haragi bolak barazki saltsan,['Haragia'],['Bigarren platerak'],[],['https://eu.wikibooks.org/wiki/Sukaldaritza_liburua/Errezetak/Haragi_bolak_barazki_saltsan']
Haragi bolak tomate saltsan,['Haragia'],['Bigarren platerak'],[],['https://eu.wikibooks.org/wiki/Sukaldaritza_liburua/Errezetak/Haragi_bolak_tomate_saltsan']
Haragi carpaccioa,['Haragia'],['Bigarren platerak'],[],['https://eu.wikibooks.org/wiki/Sukaldaritza_liburua/Errezetak/Haragi_carpaccioa']
Haragi egosiz eta txanpinoiz beteriko piperrak,"['Haragia', 'Oliba olioa']",['Bigarren platerak'],['Egosi'],"['https://eu.wikibooks.org/wiki/Sukaldaritza_liburua/Errezetak/Haragi_egosiz_eta_txanpinoiz_beteriko_piperrak', 'https://eu.wikibooks.org/wiki/Sukaldaritza_liburua/Errezetak/Haragi_egosiz_eta_txanpinoiz_beteriko_piperrak']"
Haragi enpanada,['Haragia'],['Bigarren platerak'],[],['https://eu.wikibooks.org/wiki/Sukaldaritza_liburua/Errezetak/Haragi_enpanada']
Haragi enpanadilla,['Haragia'],['Bigarren platerak'],[],['https://eu.wikibooks.org/wiki/Sukaldaritza_liburua/Errezetak/Haragi_enpanadilla']
Haragi gisatua,['Haragia'],['Bigarren platerak'],[],['https://eu.wikibooks.org/wiki/Sukaldaritza_liburua/Errezetak/Haragi_gisatua']
Haragi kaneloiak,['Haragia'],['Bigarren platerak'],[],['https://eu.wikibooks.org/wiki/Sukaldaritza_liburua/Errezetak/Haragi_kaneloiak']
Haragi kroketak,['Haragia'],['Bigarren platerak'],[],['https://eu.wikibooks.org/wiki/Sukaldaritza_liburua/Errezetak/Haragi_kroketak']
Haragi lasagna,['Haragia'],['Bigarren platerak'],[],['https://eu.wikibooks.org/wiki/Sukaldaritza_liburua/Errezetak/Haragi_lasagna']
Haragi ragouta,['Haragia'],['Bigarren platerak'],[],['https://eu.wikibooks.org/wiki/Sukaldaritza_liburua/Errezetak/Haragi_ragouta']
Haragia tartar eran,['Haragia'],['Bigarren platerak'],[],['https://eu.wikibooks.org/wiki/Sukaldaritza_liburua/Errezetak/Haragia_tartar_eran']
Haragizko piper beteak,['Haragia'],['Bigarren platerak'],[],['https://eu.wikibooks.org/wiki/Sukaldaritza_liburua/Errezetak/Haragizko_piper_beteak']
Hegalaburra papillote eran,['Arraina'],['Bigarren platerak'],[],['https://eu.wikibooks.org/wiki/Sukaldaritza_liburua/Errezetak/Hegalaburra_papillote_eran']
Hegaluze edo arrain betegaia,['Arraina'],['Bigarren platerak'],[],['https://eu.wikibooks.org/wiki/Sukaldaritza_liburua/Errezetak/Hegaluze_edo_arrain_betegaia']
Hegaluze edo hegalabur salda,['Arraina'],['Bigarren platerak'],[],['https://eu.wikibooks.org/wiki/Sukaldaritza_liburua/Errezetak/Hegaluze_edo_hegalabur_salda']
Hegaluze edo hegalaburra ontziratua,['Arraina'],['Bigarren platerak'],[],['https://eu.wikibooks.org/wiki/Sukaldaritza_liburua/Errezetak/Hegaluze_edo_hegalaburra_ontziratua']
Hegaluze edo hegalaburra tipularekin,['Arraina'],['Bigarren platerak'],[],['https://eu.wikibooks.org/wiki/Sukaldaritza_liburua/Errezetak/Hegaluze_edo_hegalaburra_tipularekin']
Hegaluze edo hegalaburra tomatearekin,['Arraina'],['Bigarren platerak'],[],['https://eu.wikibooks.org/wiki/Sukaldaritza_liburua/Errezetak/Hegaluze_edo_hegalaburra_tomatearekin']
Hegaluze enpanada,['Arraina'],['Bigarren platerak'],[],['https://eu.wikibooks.org/wiki/Sukaldaritza_liburua/Errezetak/Hegaluze_enpanada']
Hegaluze enpanadilla,['Arraina'],['Bigarren platerak'],[],['https://eu.wikibooks.org/wiki/Sukaldaritza_liburua/Errezetak/Hegaluze_enpanadilla']
"Hegaluze entsalada, otarrainxka eta piper gorriz eginiko tar-tarrarekin","['Arraina', 'Barazkia', 'Oliba olioa']",['Lehen platerak'],['Entsalada'],"['https://eu.wikibooks.org/wiki/Sukaldaritza_liburua/Errezetak/Hegaluze_entsalada,_otarrainxka_eta_piper_gorriz_eginiko_tar-tarrarekin', 'https://eu.wikibooks.org/wiki/Sukaldaritza_liburua/Errezetak/Hegaluze_entsalada,_otarrainxka_eta_piper_gorriz_eginiko_tar-tarrarekin', 'https://eu.wikibooks.org/wiki/Sukaldaritza_liburua/Errezetak/Hegaluze_entsalada,_otarrainxka_eta_piper_gorriz_eginiko_tar-tarrarekin']"
Hegaluze eta Ibarrako piper pintxoa,['Arraina'],['Bigarren platerak'],[],['https://eu.wikibooks.org/wiki/Sukaldaritza_liburua/Errezetak/Hegaluze_eta_Ibarrako_piper_pintxoa']
Hegaluze tartarra,['Arraina'],['Bigarren platerak'],[],['https://eu.wikibooks.org/wiki/Sukaldaritza_liburua/Errezetak/Hegaluze_tartarra']
"Hegaluze, ahuakate eta piper tartarra","['Arraina', 'Barazkia', 'Oliba olioa']",['Bigarren platerak'],[],"['https://eu.wikibooks.org/wiki/Sukaldaritza_liburua/Errezetak/Hegaluze,_ahuakate_eta_piper_tartarra', 'https://eu.wikibooks.org/wiki/Sukaldaritza_liburua/Errezetak/Hegaluze,_ahuakate_eta_piper_tartarra', 'https://eu.wikibooks.org/wiki/Sukaldaritza_liburua/Errezetak/Hegaluze,_ahuakate_eta_piper_tartarra']"
"Hegaluzea Asiako erara, udaberriko entsaladan","['Arraina', 'Barazkia', 'Oliba olioa']",['Bigarren platerak'],['Entsalada'],"['https://eu.wikibooks.org/wiki/Sukaldaritza_liburua/Errezetak/Hegaluzea_Asiako_erara,_udaberriko_entsaladan', 'https://eu.wikibooks.org/wiki/Sukaldaritza_liburua/Errezetak/Hegaluzea_Asiako_erara,_udaberriko_entsaladan', 'https://eu.wikibooks.org/wiki/Sukaldaritza_liburua/Errezetak/Hegaluzea_Asiako_erara,_udaberriko_entsaladan']"
Hegaluzea tomate konpotarekin,['Arraina'],['Bigarren platerak'],[],['https://eu.wikibooks.org/wiki/Sukaldaritza_liburua/Errezetak/Hegaluzea_tomate_konpotarekin']
Hiru gutiziko arroza,['Arroza'],['Lehen platerak'],[],['https://eu.wikibooks.org/wiki/Sukaldaritza_liburua/Errezetak/Hiru_gutiziko_arroza']
Hostopil koka,"['Barazkia', 'Oliba olioa']",['Lehen platerak'],[],"['https://eu.wikibooks.org/wiki/Sukaldaritza_liburua/Errezetak/Hostopil_koka', 'https://eu.wikibooks.org/wiki/Sukaldaritza_liburua/Errezetak/Hostopil_koka']"
Hostopila odolki eta barazkiz beteta,['Barazkia'],['Lehen platerak'],[],['https://eu.wikibooks.org/wiki/Sukaldaritza_liburua/Errezetak/Hostopila_odolki_eta_barazkiz_beteta']
Hur eta txokolate opila,['Txokolatea'],['Azkenburukoak'],[],['https://eu.wikibooks.org/wiki/Sukaldaritza_liburua/Errezetak/Hur_eta_txokolate_opila']
Ilar budina,['Lekaleak'],['Lehen platerak'],[],['https://eu.wikibooks.org/wiki/Sukaldaritza_liburua/Errezetak/Ilar_budina']
Ilar egosia,['Lekaleak'],['Lehen platerak'],[],['https://eu.wikibooks.org/wiki/Sukaldaritza_liburua/Errezetak/Ilar_egosia']
Ilar krema,['Lekaleak'],['Lehen platerak'],['Kremak'],['https://eu.wikibooks.org/wiki/Sukaldaritza_liburua/Errezetak/Ilar_krema']
Ilarrak urdaiazpikoarekin,['Lekaleak'],['Lehen platerak'],[],['https://eu.wikibooks.org/wiki/Sukaldaritza_liburua/Errezetak/Ilarrak_urdaiazpikoarekin']
Irasagarra 2,['Fruta'],['Azkenburukoak'],[],['https://eu.wikibooks.org/wiki/Sukaldaritza_liburua/Errezetak/Irasagarra_2']
Itsas paella,"['Arroza', 'Itsaskia', 'Oliba olioa']",['Lehen platerak'],[],"['https://eu.wikibooks.org/wiki/Sukaldaritza_liburua/Errezetak/Itsas_paella', 'https://eu.wikibooks.org/wiki/Sukaldaritza_liburua/Errezetak/Itsas_paella', 'https://eu.wikibooks.org/wiki/Sukaldaritza_liburua/Errezetak/Itsas_paella']"
Itsas zapoa,['Arraina'],['Bigarren platerak'],[],['https://eu.wikibooks.org/wiki/Sukaldaritza_liburua/Errezetak/Itsas_zapoa']
Itsas zapoa koxkera erara,['Arraina'],['Bigarren platerak'],[],['https://eu.wikibooks.org/wiki/Sukaldaritza_liburua/Errezetak/Itsas_zapoa_koxkera_erara']
Itsas zapoa saltsa berdean txirlekin,['Arraina'],['Bigarren platerak'],[],['https://eu.wikibooks.org/wiki/Sukaldaritza_liburua/Errezetak/Itsas_zapoa_saltsa_berdean_txirlekin']
Itsaski krema,['Itsaskia'],['Bigarren platerak'],['Kremak'],['https://eu.wikibooks.org/wiki/Sukaldaritza_liburua/Errezetak/Itsaski_krema']
Itsaski paella,"['Arroza', 'Itsaskia']",['Bigarren platerak'],[],"['https://eu.wikibooks.org/wiki/Sukaldaritza_liburua/Errezetak/Itsaski_paella', 'https://eu.wikibooks.org/wiki/Sukaldaritza_liburua/Errezetak/Itsaski_paella']"
Itsaskiak sagardoarekin,['Arraina'],['Bigarren platerak'],[],['https://eu.wikibooks.org/wiki/Sukaldaritza_liburua/Errezetak/Itsaskiak_sagardoarekin']
Itsasoa eta sagardoa,['Arraina'],['Bigarren platerak'],[],['https://eu.wikibooks.org/wiki/Sukaldaritza_liburua/Errezetak/Itsasoa_eta_sagardoa']
Izkira egosiak,['Itsaskia'],['Bigarren platerak'],[],['https://eu.wikibooks.org/wiki/Sukaldaritza_liburua/Errezetak/Izkira_egosiak']
Izokin kanape edo pintxoa,['Arraina'],['Bigarren platerak'],[],['https://eu.wikibooks.org/wiki/Sukaldaritza_liburua/Errezetak/Izokin_kanape_edo_pintxoa']
Izokin kremaz beteriko tartaletak,['Arraina'],['Bigarren platerak'],['Kremak'],['https://eu.wikibooks.org/wiki/Sukaldaritza_liburua/Errezetak/Izokin_kremaz_beteriko_tartaletak']
Izokin marinatua,['Arraina'],['Bigarren platerak'],[],['https://eu.wikibooks.org/wiki/Sukaldaritza_liburua/Errezetak/Izokin_marinatua']
Kafe budina,['Arrautza'],['Azkenburukoak'],[],['https://eu.wikibooks.org/wiki/Sukaldaritza_liburua/Errezetak/Kafe_budina']
Kalabazin txalupak otarrainxka eta ziazerbaz beteak,['Oliba olioa'],['Lehen platerak'],[],['https://eu.wikibooks.org/wiki/Sukaldaritza_liburua/Errezetak/Kalabazin_txalupak_otarrainxka_eta_ziazerbaz_beteak']
"Kardua, urdaiazpiko eta arrautza eskalfatuarekin","['Arrautza', 'Barazkia']",['Lehen platerak'],[],"['https://eu.wikibooks.org/wiki/Sukaldaritza_liburua/Errezetak/Kardua,_urdaiazpiko_eta_arrautza_eskalfatuarekin', 'https://eu.wikibooks.org/wiki/Sukaldaritza_liburua/Errezetak/Kardua,_urdaiazpiko_eta_arrautza_eskalfatuarekin']"
Kokotxak leka eta tomate konpotarekin,"['Arraina', 'Lekaleak', 'Oliba olioa']",['Bigarren platerak'],[],"['https://eu.wikibooks.org/wiki/Sukaldaritza_liburua/Errezetak/Kokotxak_leka_eta_tomate_konpotarekin', 'https://eu.wikibooks.org/wiki/Sukaldaritza_liburua/Errezetak/Kokotxak_leka_eta_tomate_konpotarekin', 'https://eu.wikibooks.org/wiki/Sukaldaritza_liburua/Errezetak/Kokotxak_leka_eta_tomate_konpotarekin']"
Krema ingelesa,['Arrautza'],['Azkenburukoak'],['Kremak'],['https://eu.wikibooks.org/wiki/Sukaldaritza_liburua/Errezetak/Krema_ingelesa']
Krema opila,['Arrautza'],['Azkenburukoak'],[],['https://eu.wikibooks.org/wiki/Sukaldaritza_liburua/Errezetak/Krema_opila']
Kremaz beteriko krepeak,['Arrautza'],['Azkenburukoak'],['Kremak'],['https://eu.wikibooks.org/wiki/Sukaldaritza_liburua/Errezetak/Kremaz_beteriko_krepeak']
Kuia krema otarrainxkekin,['Oliba olioa'],['Lehen platerak'],['Kremak'],['https://eu.wikibooks.org/wiki/Sukaldaritza_liburua/Errezetak/Kuia_krema_otarrainxkekin']
"Kuia txikiz eginiko milorria, bakailaoz betea",['Oliba olioa'],['Lehen platerak'],[],"['https://eu.wikibooks.org/wiki/Sukaldaritza_liburua/Errezetak/Kuia_txikiz_eginiko_milorria,_bakailaoz_betea']"
"Kuia, tomate eta Kantauriko antxoa lasagna",['Oliba olioa'],['Lehen platerak'],[],"['https://eu.wikibooks.org/wiki/Sukaldaritza_liburua/Errezetak/Kuia,_tomate_eta_Kantauriko_antxoa_lasagna']"
Lanperna egosiak,['Itsaskia'],['Bigarren platerak'],[],['https://eu.wikibooks.org/wiki/Sukaldaritza_liburua/Errezetak/Lanperna_egosiak']
Legatz arrautzaztatua,['Arraina'],['Bigarren platerak'],[],['https://eu.wikibooks.org/wiki/Sukaldaritza_liburua/Errezetak/Legatz_arrautzaztatua']
Legatz betea,['Arraina'],['Bigarren platerak'],[],['https://eu.wikibooks.org/wiki/Sukaldaritza_liburua/Errezetak/Legatz_betea']
Legatz kokotea labean,['Arraina'],['Bigarren platerak'],[],['https://eu.wikibooks.org/wiki/Sukaldaritza_liburua/Errezetak/Legatz_kokotea_labean']
Legatz kokotxak arrautzaztatuak,['Arraina'],['Bigarren platerak'],[],['https://eu.wikibooks.org/wiki/Sukaldaritza_liburua/Errezetak/Legatz_kokotxak_arrautzaztatuak']
"Legatz xerrak plantxan, barazki eta baratxuri freskoekin","['Arraina', 'Barazkia']",['Bigarren platerak'],['Plantxan'],"['https://eu.wikibooks.org/wiki/Sukaldaritza_liburua/Errezetak/Legatz_xerrak_plantxan,_barazki_eta_baratxuri_freskoekin', 'https://eu.wikibooks.org/wiki/Sukaldaritza_liburua/Errezetak/Legatz_xerrak_plantxan,_barazki_eta_baratxuri_freskoekin']"
"Legatza barazkiekin, papillote erara","['Arraina', 'Oliba olioa']",['Bigarren platerak'],[],"['https://eu.wikibooks.org/wiki/Sukaldaritza_liburua/Errezetak/Legatza_barazkiekin,_papillote_erara', 'https://eu.wikibooks.org/wiki/Sukaldaritza_liburua/Errezetak/Legatza_barazkiekin,_papillote_erara']"
Legatza kokotea,['Arraina'],['Bigarren platerak'],[],['https://eu.wikibooks.org/wiki/Sukaldaritza_liburua/Errezetak/Legatza_kokotea']
Legatza otarrainxka saldarekin eta txirlekin,"['Arraina', 'Oliba olioa']",['Bigarren platerak'],[],"['https://eu.wikibooks.org/wiki/Sukaldaritza_liburua/Errezetak/Legatza_otarrainxka_saldarekin_eta_txirlekin', 'https://eu.wikibooks.org/wiki/Sukaldaritza_liburua/Errezetak/Legatza_otarrainxka_saldarekin_eta_txirlekin']"
"Legatza plantxan, barazkiekin","['Arraina', 'Barazkia', 'Oliba olioa']",['Bigarren platerak'],['Plantxan'],"['https://eu.wikibooks.org/wiki/Sukaldaritza_liburua/Errezetak/Legatza_plantxan,_barazkiekin', 'https://eu.wikibooks.org/wiki/Sukaldaritza_liburua/Errezetak/Legatza_plantxan,_barazkiekin', 'https://eu.wikibooks.org/wiki/Sukaldaritza_liburua/Errezetak/Legatza_plantxan,_barazkiekin']"
"Legatza plantxan, kuia txikiarekin eta pipermorroekin","['Arraina', 'Barazkia', 'Oliba olioa']",['Bigarren platerak'],['Plantxan'],"['https://eu.wikibooks.org/wiki/Sukaldaritza_liburua/Errezetak/Legatza_plantxan,_kuia_txikiarekin_eta_pipermorroekin', 'https://eu.wikibooks.org/wiki/Sukaldaritza_liburua/Errezetak/Legatza_plantxan,_kuia_txikiarekin_eta_pipermorroekin', 'https://eu.wikibooks.org/wiki/Sukaldaritza_liburua/Errezetak/Legatza_plantxan,_kuia_txikiarekin_eta_pipermorroekin']"
Legatza saltsa berdean txirla eta kokotxekin,"['Arraina', 'Itsaskia']",['Bigarren platerak'],[],"['https://eu.wikibooks.org/wiki/Sukaldaritza_liburua/Errezetak/Legatza_saltsa_berdean_txirla_eta_kokotxekin', 'https://eu.wikibooks.org/wiki/Sukaldaritza_liburua/Errezetak/Legatza_saltsa_berdean_txirla_eta_kokotxekin']"
Leka eta txanpiak otarrainxkekin,"['Barazkia', 'Lekaleak', 'Oliba olioa']",['Lehen platerak'],[],"['https://eu.wikibooks.org/wiki/Sukaldaritza_liburua/Errezetak/Leka_eta_txanpiak_otarrainxkekin', 'https://eu.wikibooks.org/wiki/Sukaldaritza_liburua/Errezetak/Leka_eta_txanpiak_otarrainxkekin', 'https://eu.wikibooks.org/wiki/Sukaldaritza_liburua/Errezetak/Leka_eta_txanpiak_otarrainxkekin']"
Leka freskoak txipiroi eta tipula goxatuarekin,"['Barazkia', 'Lekaleak', 'Oliba olioa']",['Lehen platerak'],[],"['https://eu.wikibooks.org/wiki/Sukaldaritza_liburua/Errezetak/Leka_freskoak_txipiroi_eta_tipula_goxatuarekin', 'https://eu.wikibooks.org/wiki/Sukaldaritza_liburua/Errezetak/Leka_freskoak_txipiroi_eta_tipula_goxatuarekin', 'https://eu.wikibooks.org/wiki/Sukaldaritza_liburua/Errezetak/Leka_freskoak_txipiroi_eta_tipula_goxatuarekin']"
Lupia labean,['Arraina'],['Bigarren platerak'],[],['https://eu.wikibooks.org/wiki/Sukaldaritza_liburua/Errezetak/Lupia_labean']
"Lupia, sagardo eta itsaski lurrinekin",['Arraina'],['Bigarren platerak'],[],"['https://eu.wikibooks.org/wiki/Sukaldaritza_liburua/Errezetak/Lupia,_sagardo_eta_itsaski_lurrinekin']"
Lurrunetan eginiko arroza,['Arroza'],['Lehen platerak'],[],['https://eu.wikibooks.org/wiki/Sukaldaritza_liburua/Errezetak/Lurrunetan_eginiko_arroza']
Marmitakoa 2,['Arraina'],['Bigarren platerak'],[],['https://eu.wikibooks.org/wiki/Sukaldaritza_liburua/Errezetak/Marmitakoa_2']
Marrubi eta kremazko hostopilak,"['Arrautza', 'Fruta']",['Azkenburukoak'],['Kremak'],"['https://eu.wikibooks.org/wiki/Sukaldaritza_liburua/Errezetak/Marrubi_eta_kremazko_hostopilak', 'https://eu.wikibooks.org/wiki/Sukaldaritza_liburua/Errezetak/Marrubi_eta_kremazko_hostopilak']"
Marrubi gelatina,['Fruta'],['Azkenburukoak'],[],['https://eu.wikibooks.org/wiki/Sukaldaritza_liburua/Errezetak/Marrubi_gelatina']
Marrubi izozkia,['Fruta'],['Azkenburukoak'],[],['https://eu.wikibooks.org/wiki/Sukaldaritza_liburua/Errezetak/Marrubi_izozkia']
Marrubi marmelada,['Fruta'],['Azkenburukoak'],[],['https://eu.wikibooks.org/wiki/Sukaldaritza_liburua/Errezetak/Marrubi_marmelada']
Marrubi tarta,['Fruta'],['Azkenburukoak'],[],['https://eu.wikibooks.org/wiki/Sukaldaritza_liburua/Errezetak/Marrubi_tarta']
Marrubi tarta 2,"['Arrautza', 'Fruta']",['Azkenburukoak'],[],"['https://eu.wikibooks.org/wiki/Sukaldaritza_liburua/Errezetak/Marrubi_tarta_2', 'https://eu.wikibooks.org/wiki/Sukaldaritza_liburua/Errezetak/Marrubi_tarta_2']"
Marrubiak esne-gain krema eta almendrekin,['Fruta'],['Azkenburukoak'],['Kremak'],['https://eu.wikibooks.org/wiki/Sukaldaritza_liburua/Errezetak/Marrubiak_esne-gain_krema_eta_almendrekin']
Mendrezka errea,['Arraina'],['Bigarren platerak'],['Erre'],['https://eu.wikibooks.org/wiki/Sukaldaritza_liburua/Errezetak/Mendrezka_errea']
Mihi-arrain popietak ganbekin txakolin saltsan,['Itsaskia'],['Bigarren platerak'],[],['https://eu.wikibooks.org/wiki/Sukaldaritza_liburua/Errezetak/Mihi-arrain_popietak_ganbekin_txakolin_saltsan']
Muskuilu goxatuak,['Itsaskia'],['Bigarren platerak'],[],['https://eu.wikibooks.org/wiki/Sukaldaritza_liburua/Errezetak/Muskuilu_goxatuak']
Muskuilu krema,['Itsaskia'],['Bigarren platerak'],['Kremak'],['https://eu.wikibooks.org/wiki/Sukaldaritza_liburua/Errezetak/Muskuilu_krema']
Nafarroako pikillo piperrak bakailaoz beteak,['Oliba olioa'],['Lehen platerak'],[],['https://eu.wikibooks.org/wiki/Sukaldaritza_liburua/Errezetak/Nafarroako_pikillo_piperrak_bakailaoz_beteak']
Nafarroako zainzuriak bakailao kokotxekin,['Oliba olioa'],['Lehen platerak'],[],['https://eu.wikibooks.org/wiki/Sukaldaritza_liburua/Errezetak/Nafarroako_zainzuriak_bakailao_kokotxekin']
Nafarroako zainzuriak onddoz beteak,['Oliba olioa'],['Lehen platerak'],[],['https://eu.wikibooks.org/wiki/Sukaldaritza_liburua/Errezetak/Nafarroako_zainzuriak_onddoz_beteak']
Natilak,['Arrautza'],['Azkenburukoak'],[],['https://eu.wikibooks.org/wiki/Sukaldaritza_liburua/Errezetak/Natilak']
Neguko boilur beltzen nahaskia,['Arrautza'],['Lehen platerak'],[],['https://eu.wikibooks.org/wiki/Sukaldaritza_liburua/Errezetak/Neguko_boilur_beltzen_nahaskia']
Odolki kurruskatsuak pikillo piperrekin eta azarekin,['Oliba olioa'],['Lehen platerak'],[],['https://eu.wikibooks.org/wiki/Sukaldaritza_liburua/Errezetak/Odolki_kurruskatsuak_pikillo_piperrekin_eta_azarekin']
Odolkiz beteriko brik orriak babarrun kremarekin,"['Barazkia', 'Oliba olioa']",['Lehen platerak'],['Kremak'],"['https://eu.wikibooks.org/wiki/Sukaldaritza_liburua/Errezetak/Odolkiz_beteriko_brik_orriak_babarrun_kremarekin', 'https://eu.wikibooks.org/wiki/Sukaldaritza_liburua/Errezetak/Odolkiz_beteriko_brik_orriak_babarrun_kremarekin']"
Ogi opilak,['Arrautza'],['Azkenburukoak'],[],['https://eu.wikibooks.org/wiki/Sukaldaritza_liburua/Errezetak/Ogi_opilak']
Oilagorrak saltsan,['Oliba olioa'],['Bigarren platerak'],[],['https://eu.wikibooks.org/wiki/Sukaldaritza_liburua/Errezetak/Oilagorrak_saltsan']
Oilasko eta arrautza kroketak,['Arrautza'],['Lehen platerak'],[],['https://eu.wikibooks.org/wiki/Sukaldaritza_liburua/Errezetak/Oilasko_eta_arrautza_kroketak']
Oilasko izterrak txanpinoi krema eta curryarekin,['Oliba olioa'],['Bigarren platerak'],['Kremak'],['https://eu.wikibooks.org/wiki/Sukaldaritza_liburua/Errezetak/Oilasko_izterrak_txanpinoi_krema_eta_curryarekin']
Oilasko kroketak,['Arrautza'],['Lehen platerak'],[],['https://eu.wikibooks.org/wiki/Sukaldaritza_liburua/Errezetak/Oilasko_kroketak']
Olagarro entsalada epela,['Barazkia'],['Lehen platerak'],['Entsalada'],['https://eu.wikibooks.org/wiki/Sukaldaritza_liburua/Errezetak/Olagarro_entsalada_epela']
Onddo 'carpaccio'a,['Oliba olioa'],['Lehen platerak'],['Carpaccio'],['https://eu.wikibooks.org/wiki/Sukaldaritza_liburua/Errezetak/Onddo_%27carpaccio%27a']
Onddo berria gorringoarekin,['Arrautza'],['Lehen platerak'],[],['https://eu.wikibooks.org/wiki/Sukaldaritza_liburua/Errezetak/Onddo_berria_gorringoarekin']
Onddoak papillote erara,['Oliba olioa'],['Lehen platerak'],[],['https://eu.wikibooks.org/wiki/Sukaldaritza_liburua/Errezetak/Onddoak_papillote_erara']
"Onddoz beteriko kiribil kurruskatsua, kuia kremarekin",['Oliba olioa'],['Lehen platerak'],['Kremak'],"['https://eu.wikibooks.org/wiki/Sukaldaritza_liburua/Errezetak/Onddoz_beteriko_kiribil_kurruskatsua,_kuia_kremarekin']"
Ontzian eginiko arrautza,['Arrautza'],['Lehen platerak'],[],['https://eu.wikibooks.org/wiki/Sukaldaritza_liburua/Errezetak/Ontzian_eginiko_arrautza']
Orburu 'txips'-ak eta orburu egosiak,['Oliba olioa'],['Bigarren platerak'],[],['https://eu.wikibooks.org/wiki/Sukaldaritza_liburua/Errezetak/Orburu_%27txips%27-ak_eta_orburu_egosiak']
"Orburu pintxoa urdaiazpiko, tomate eta piperrekin",['Oliba olioa'],['Lehen platerak'],[],"['https://eu.wikibooks.org/wiki/Sukaldaritza_liburua/Errezetak/Orburu_pintxoa_urdaiazpiko,_tomate_eta_piperrekin']"
"Orburua, arroz odolkia eta arrautza gorringoa plantxan","['Arrautza', 'Arroza', 'Oliba olioa']",['Lehen platerak'],['Plantxan'],"['https://eu.wikibooks.org/wiki/Sukaldaritza_liburua/Errezetak/Orburua,_arroz_odolkia_eta_arrautza_gorringoa_plantxan', 'https://eu.wikibooks.org/wiki/Sukaldaritza_liburua/Errezetak/Orburua,_arroz_odolkia_eta_arrautza_gorringoa_plantxan', 'https://eu.wikibooks.org/wiki/Sukaldaritza_liburua/Errezetak/Orburua,_arroz_odolkia_eta_arrautza_gorringoa_plantxan']"
"Orburuak entsaladan, raf tomateekin",['Oliba olioa'],['Lehen platerak'],['Entsalada'],"['https://eu.wikibooks.org/wiki/Sukaldaritza_liburua/Errezetak/Orburuak_entsaladan,_raf_tomateekin']"
Orburuak urdaiazpiko eta arrautza galdarraztatuekin,"['Arrautza', 'Oliba olioa']",['Lehen platerak'],[],"['https://eu.wikibooks.org/wiki/Sukaldaritza_liburua/Errezetak/Orburuak_urdaiazpiko_eta_arrautza_galdarraztatuekin', 'https://eu.wikibooks.org/wiki/Sukaldaritza_liburua/Errezetak/Orburuak_urdaiazpiko_eta_arrautza_galdarraztatuekin']"
Orburuak urdaiazpikoarekin eta Beasaingo odolkiarekin,['Oliba olioa'],['Lehen platerak'],[],['https://eu.wikibooks.org/wiki/Sukaldaritza_liburua/Errezetak/Orburuak_urdaiazpikoarekin_eta_Beasaingo_odolkiarekin']
"Orburuak, urdaiazpiko, ziazerba eta Beasaingo odolkiarekin",['Oliba olioa'],['Lehen platerak'],[],"['https://eu.wikibooks.org/wiki/Sukaldaritza_liburua/Errezetak/Orburuak,_urdaiazpiko,_ziazerba_eta_Beasaingo_odolkiarekin']"
Otarrainxka egosiak,['Itsaskia'],['Bigarren platerak'],[],['https://eu.wikibooks.org/wiki/Sukaldaritza_liburua/Errezetak/Otarrainxka_egosiak']
Otarrainxka eta onddo milorria,"['Itsaskia', 'Oliba olioa']",['Lehen platerak'],[],"['https://eu.wikibooks.org/wiki/Sukaldaritza_liburua/Errezetak/Otarrainxka_eta_onddo_milorria', 'https://eu.wikibooks.org/wiki/Sukaldaritza_liburua/Errezetak/Otarrainxka_eta_onddo_milorria']"
Otarrainxka plantxan edo zartaginean,['Itsaskia'],['Bigarren platerak'],['Plantxan'],['https://eu.wikibooks.org/wiki/Sukaldaritza_liburua/Errezetak/Otarrainxka_plantxan_edo_zartaginean']
Otarrainxkak ziza kremarekin eta arrautzekin,"['Arrautza', 'Itsaskia', 'Oliba olioa']",['Bigarren platerak'],['Kremak'],"['https://eu.wikibooks.org/wiki/Sukaldaritza_liburua/Errezetak/Otarrainxkak_ziza_kremarekin_eta_arrautzekin', 'https://eu.wikibooks.org/wiki/Sukaldaritza_liburua/Errezetak/Otarrainxkak_ziza_kremarekin_eta_arrautzekin', 'https://eu.wikibooks.org/wiki/Sukaldaritza_liburua/Errezetak/Otarrainxkak_ziza_kremarekin_eta_arrautzekin']"
Otarrainxkaz eta barazkiz beteriko kirriskatsuak,"['Barazkia', 'Itsaskia']",['Lehen platerak'],['Frijitu'],"['https://eu.wikibooks.org/wiki/Sukaldaritza_liburua/Errezetak/Otarrainxkaz_eta_barazkiz_beteriko_kirriskatsuak', 'https://eu.wikibooks.org/wiki/Sukaldaritza_liburua/Errezetak/Otarrainxkaz_eta_barazkiz_beteriko_kirriskatsuak']"
Paella Valentziarra,['Arroza'],['Lehen platerak'],[],['https://eu.wikibooks.org/wiki/Sukaldaritza_liburua/Errezetak/Paella_Valentziarra']
Pasta barazkiekin,['Pasta'],['Lehen platerak'],[],['https://eu.wikibooks.org/wiki/Sukaldaritza_liburua/Errezetak/Pasta_barazkiekin']
Pasta boloniar erara,['Pasta'],['Lehen platerak'],[],['https://eu.wikibooks.org/wiki/Sukaldaritza_liburua/Errezetak/Pasta_boloniar_erara']
Pasta carbonara,['Pasta'],['Lehen platerak'],[],['https://eu.wikibooks.org/wiki/Sukaldaritza_liburua/Errezetak/Pasta_carbonara']
Pasta entsalada,['Pasta'],['Lehen platerak'],['Entsalada'],['https://eu.wikibooks.org/wiki/Sukaldaritza_liburua/Errezetak/Pasta_entsalada']
Pasta freskoa,['Pasta'],['Lehen platerak'],[],['https://eu.wikibooks.org/wiki/Sukaldaritza_liburua/Errezetak/Pasta_freskoa']
Pasta freskoa 2,"['Arrautza', 'Oliba olioa', 'Pasta']",['Lehen platerak'],[],"['https://eu.wikibooks.org/wiki/Sukaldaritza_liburua/Errezetak/Pasta_freskoa_2', 'https://eu.wikibooks.org/wiki/Sukaldaritza_liburua/Errezetak/Pasta_freskoa_2', 'https://eu.wikibooks.org/wiki/Sukaldaritza_liburua/Errezetak/Pasta_freskoa_2']"
Pasta perretxikoekin,['Pasta'],['Lehen platerak'],[],['https://eu.wikibooks.org/wiki/Sukaldaritza_liburua/Errezetak/Pasta_perretxikoekin']
"Patata berri, zainzuri eta izokin ketu entsalada",['Oliba olioa'],['Lehen platerak'],['Entsalada'],"['https://eu.wikibooks.org/wiki/Sukaldaritza_liburua/Errezetak/Patata_berri,_zainzuri_eta_izokin_ketu_entsalada']"
Patata tortila,['Arrautza'],['Bigarren platerak'],[],['https://eu.wikibooks.org/wiki/Sukaldaritza_liburua/Errezetak/Patata_tortila']
Patata tortilla,['Arrautza'],['Bigarren platerak'],[],['https://eu.wikibooks.org/wiki/Sukaldaritza_liburua/Errezetak/Patata_tortilla']
Patatak errioxar erara 2,['Oliba olioa'],['Lehen platerak'],[],['https://eu.wikibooks.org/wiki/Sukaldaritza_liburua/Errezetak/Patatak_errioxar_erara_2']
Perloi egosia patatekin,['Arraina'],['Bigarren platerak'],[],['https://eu.wikibooks.org/wiki/Sukaldaritza_liburua/Errezetak/Perloi_egosia_patatekin']
Perrexil olio saltsa,['Barazkia'],['Lehen platerak'],[],['https://eu.wikibooks.org/wiki/Sukaldaritza_liburua/Errezetak/Perrexil_olio_saltsa']
Pesto saltsa,['Barazkia'],['Lehen platerak'],[],['https://eu.wikibooks.org/wiki/Sukaldaritza_liburua/Errezetak/Pesto_saltsa']
Petit-suisseak krema eta txokolate beroarekin,"['Arrautza', 'Txokolatea']",['Azkenburukoak'],['Kremak'],"['https://eu.wikibooks.org/wiki/Sukaldaritza_liburua/Errezetak/Petit-suisseak_krema_eta_txokolate_beroarekin', 'https://eu.wikibooks.org/wiki/Sukaldaritza_liburua/Errezetak/Petit-suisseak_krema_eta_txokolate_beroarekin']"
Pikillo piperrak odolkiz beteak,['Oliba olioa'],['Lehen platerak'],[],['https://eu.wikibooks.org/wiki/Sukaldaritza_liburua/Errezetak/Pikillo_piperrak_odolkiz_beteak']
Piper eta atun entsalada,['Oliba olioa'],['Lehen platerak'],['Entsalada'],['https://eu.wikibooks.org/wiki/Sukaldaritza_liburua/Errezetak/Piper_eta_atun_entsalada']
Piper morro erreak plantxan bakailao kokotxekin,['Oliba olioa'],['Lehen platerak'],['Erre'],['https://eu.wikibooks.org/wiki/Sukaldaritza_liburua/Errezetak/Piper_morro_erreak_plantxan_bakailao_kokotxekin']
"Porru entsalada, guakamole eta izokin ketuarekin","['Fruta', 'Oliba olioa']",['Lehen platerak'],['Entsalada'],"['https://eu.wikibooks.org/wiki/Sukaldaritza_liburua/Errezetak/Porru_entsalada,_guakamole_eta_izokin_ketuarekin', 'https://eu.wikibooks.org/wiki/Sukaldaritza_liburua/Errezetak/Porru_entsalada,_guakamole_eta_izokin_ketuarekin']"
Porru eta otarrainxka entsalada,['Oliba olioa'],['Lehen platerak'],['Entsalada'],['https://eu.wikibooks.org/wiki/Sukaldaritza_liburua/Errezetak/Porru_eta_otarrainxka_entsalada']
Prantxikaren bizkotxoa,['Arrautza'],['Azkenburukoak'],[],['https://eu.wikibooks.org/wiki/Sukaldaritza_liburua/Errezetak/Prantxikaren_bizkotxoa']
Raf tomatea ahuntz gaztarekin,['Oliba olioa'],['Lehen platerak'],[],['https://eu.wikibooks.org/wiki/Sukaldaritza_liburua/Errezetak/Raf_tomatea_ahuntz_gaztarekin']
Raf tomatea txipiekin,"['Itsaskia', 'Oliba olioa']",['Lehen platerak'],[],"['https://eu.wikibooks.org/wiki/Sukaldaritza_liburua/Errezetak/Raf_tomatea_txipiekin', 'https://eu.wikibooks.org/wiki/Sukaldaritza_liburua/Errezetak/Raf_tomatea_txipiekin']"
"Raf tomateen entsalada, bakailaoarekin eta barazkiekin",['Oliba olioa'],['Lehen platerak'],['Entsalada'],"['https://eu.wikibooks.org/wiki/Sukaldaritza_liburua/Errezetak/Raf_tomateen_entsalada,_bakailaoarekin_eta_barazkiekin']"
Sagar tarta 2,"['Arrautza', 'Fruta']",['Azkenburukoak'],[],"['https://eu.wikibooks.org/wiki/Sukaldaritza_liburua/Errezetak/Sagar_tarta_2', 'https://eu.wikibooks.org/wiki/Sukaldaritza_liburua/Errezetak/Sagar_tarta_2']"
Sagar tatin gozoa,['Fruta'],['Azkenburukoak'],[],['https://eu.wikibooks.org/wiki/Sukaldaritza_liburua/Errezetak/Sagar_tatin_gozoa']
Sushi egiteko ozpina,['Arroza'],['Lehen platerak'],[],['https://eu.wikibooks.org/wiki/Sukaldaritza_liburua/Errezetak/Sushi_egiteko_ozpina']
Tabbuleh entsalada,['Barazkia'],['Lehen platerak'],[],['https://eu.wikibooks.org/wiki/Sukaldaritza_liburua/Errezetak/Tabbuleh_entsalada']
Tagliateliak antxoa eta cherry tomateekin,"['Oliba olioa', 'Pasta']",['Lehen platerak'],[],"['https://eu.wikibooks.org/wiki/Sukaldaritza_liburua/Errezetak/Tagliateliak_antxoa_eta_cherry_tomateekin', 'https://eu.wikibooks.org/wiki/Sukaldaritza_liburua/Errezetak/Tagliateliak_antxoa_eta_cherry_tomateekin']"
Tagliatelle freskoak barazki eta curryarekin,"['Barazkia', 'Oliba olioa']",['Lehen platerak'],[],"['https://eu.wikibooks.org/wiki/Sukaldaritza_liburua/Errezetak/Tagliatelle_freskoak_barazki_eta_curryarekin', 'https://eu.wikibooks.org/wiki/Sukaldaritza_liburua/Errezetak/Tagliatelle_freskoak_barazki_eta_curryarekin']"
Tagliatelleak otarrainxka eta txirlekin,"['Itsaskia', 'Oliba olioa', 'Pasta']",['Lehen platerak'],[],"['https://eu.wikibooks.org/wiki/Sukaldaritza_liburua/Errezetak/Tagliatelleak_otarrainxka_eta_txirlekin', 'https://eu.wikibooks.org/wiki/Sukaldaritza_liburua/Errezetak/Tagliatelleak_otarrainxka_eta_txirlekin', 'https://eu.wikibooks.org/wiki/Sukaldaritza_liburua/Errezetak/Tagliatelleak_otarrainxka_eta_txirlekin']"
Takoen betegai edo haragizko tinga,['Haragia'],['Bigarren platerak'],[],['https://eu.wikibooks.org/wiki/Sukaldaritza_liburua/Errezetak/Takoen_betegai_edo_haragizko_tinga']
Tipula eta piper sueztitzea,['Arraina'],['Bigarren platerak'],['Sueztitu'],['https://eu.wikibooks.org/wiki/Sukaldaritza_liburua/Errezetak/Tipula_eta_piper_sueztitzea']
Tiramisu,['Arrautza'],['Azkenburukoak'],[],['https://eu.wikibooks.org/wiki/Sukaldaritza_liburua/Errezetak/Tiramisu']
Tiramisu moussea arroz esne kremarekin,"['Arrautza', 'Arroza']",['Azkenburukoak'],['Kremak'],"['https://eu.wikibooks.org/wiki/Sukaldaritza_liburua/Errezetak/Tiramisu_moussea_arroz_esne_kremarekin', 'https://eu.wikibooks.org/wiki/Sukaldaritza_liburua/Errezetak/Tiramisu_moussea_arroz_esne_kremarekin']"
Tolosako babarrunak,['Lekaleak'],['Lehen platerak'],[],['https://eu.wikibooks.org/wiki/Sukaldaritza_liburua/Errezetak/Tolosako_babarrunak']
Tomate entsalada bakailaoarekin,['Oliba olioa'],['Lehen platerak'],['Entsalada'],['https://eu.wikibooks.org/wiki/Sukaldaritza_liburua/Errezetak/Tomate_entsalada_bakailaoarekin']
Tomate entsalada gula eta leka freskoekin,['Oliba olioa'],['Lehen platerak'],['Entsalada'],['https://eu.wikibooks.org/wiki/Sukaldaritza_liburua/Errezetak/Tomate_entsalada_gula_eta_leka_freskoekin']
"Tomate, mozzarella, barrengorri eta urdaiazpiko pizza",['Haragia'],['Bigarren platerak'],[],"['https://eu.wikibooks.org/wiki/Sukaldaritza_liburua/Errezetak/Tomate,_mozzarella,_barrengorri_eta_urdaiazpiko_pizza']"
"Tripaki, behi mutur, edo txerri hanka egosiak",['Haragia'],['Bigarren platerak'],[],"['https://eu.wikibooks.org/wiki/Sukaldaritza_liburua/Errezetak/Tripaki,_behi_mutur,_edo_txerri_hanka_egosiak']"
Trufazko txokolate tarta,"['Arrautza', 'Txokolatea']",['Azkenburukoak'],[],"['https://eu.wikibooks.org/wiki/Sukaldaritza_liburua/Errezetak/Trufazko_txokolate_tarta', 'https://eu.wikibooks.org/wiki/Sukaldaritza_liburua/Errezetak/Trufazko_txokolate_tarta']"
Ttoro zopa,['Arraina'],['Bigarren platerak'],[],['https://eu.wikibooks.org/wiki/Sukaldaritza_liburua/Errezetak/Ttoro_zopa']
Tuterako kukuluak brie gazta eta txipiroiekin,"['Barazkia', 'Oliba olioa']",['Lehen platerak'],[],"['https://eu.wikibooks.org/wiki/Sukaldaritza_liburua/Errezetak/Tuterako_kukuluak_brie_gazta_eta_txipiroiekin', 'https://eu.wikibooks.org/wiki/Sukaldaritza_liburua/Errezetak/Tuterako_kukuluak_brie_gazta_eta_txipiroiekin']"
"Tuterako orburuak txerri solomo, kalabazin eta curryarekin",['Oliba olioa'],['Lehen platerak'],[],"['https://eu.wikibooks.org/wiki/Sukaldaritza_liburua/Errezetak/Tuterako_orburuak_txerri_solomo,_kalabazin_eta_curryarekin']"
Txanpinoi txapelak orburu eta ziazerbaz beteak,['Oliba olioa'],['Lehen platerak'],[],['https://eu.wikibooks.org/wiki/Sukaldaritza_liburua/Errezetak/Txanpinoi_txapelak_orburu_eta_ziazerbaz_beteak']
"Txanpinoi txapelak plantxan, arroz odolkiarekin","['Arroza', 'Haragia', 'Oliba olioa']",['Lehen platerak'],['Plantxan'],"['https://eu.wikibooks.org/wiki/Sukaldaritza_liburua/Errezetak/Txanpinoi_txapelak_plantxan,_arroz_odolkiarekin', 'https://eu.wikibooks.org/wiki/Sukaldaritza_liburua/Errezetak/Txanpinoi_txapelak_plantxan,_arroz_odolkiarekin', 'https://eu.wikibooks.org/wiki/Sukaldaritza_liburua/Errezetak/Txanpinoi_txapelak_plantxan,_arroz_odolkiarekin']"
"Txanpinoi txapelak plantxan, onddo kremarekin",['Oliba olioa'],['Lehen platerak'],['Kremak'],"['https://eu.wikibooks.org/wiki/Sukaldaritza_liburua/Errezetak/Txanpinoi_txapelak_plantxan,_onddo_kremarekin']"
Txekor azpizuna asiar erara,['Oliba olioa'],['Bigarren platerak'],[],['https://eu.wikibooks.org/wiki/Sukaldaritza_liburua/Errezetak/Txekor_azpizuna_asiar_erara']
Txekor azpizuna orburuekin eta Idiazabalgo gaztaren saltsarekin,['Oliba olioa'],['Bigarren platerak'],[],['https://eu.wikibooks.org/wiki/Sukaldaritza_liburua/Errezetak/Txekor_azpizuna_orburuekin_eta_Idiazabalgo_gaztaren_saltsarekin']
Txekor azpizuna txanpiñoi eta curryarekin,"['Barazkia', 'Oliba olioa']",['Bigarren platerak'],[],"['https://eu.wikibooks.org/wiki/Sukaldaritza_liburua/Errezetak/Txekor_azpizuna_txanpi%C3%B1oi_eta_curryarekin', 'https://eu.wikibooks.org/wiki/Sukaldaritza_liburua/Errezetak/Txekor_azpizuna_txanpi%C3%B1oi_eta_curryarekin']"
Txekor masailak onddoekin eta arrozarekin,"['Arroza', 'Oliba olioa']",['Bigarren platerak'],[],"['https://eu.wikibooks.org/wiki/Sukaldaritza_liburua/Errezetak/Txekor_masailak_onddoekin_eta_arrozarekin', 'https://eu.wikibooks.org/wiki/Sukaldaritza_liburua/Errezetak/Txekor_masailak_onddoekin_eta_arrozarekin']"
Txekor masailak saltsan,['Oliba olioa'],['Bigarren platerak'],[],['https://eu.wikibooks.org/wiki/Sukaldaritza_liburua/Errezetak/Txekor_masailak_saltsan']
Txekor muturrak bizkaitar saltsan,['Arrautza'],['Bigarren platerak'],[],['https://eu.wikibooks.org/wiki/Sukaldaritza_liburua/Errezetak/Txekor_muturrak_bizkaitar_saltsan']
"Txekor tripaki eta muturrak, Bizkaiko saltsan","['Barazkia', 'Oliba olioa']",['Bigarren platerak'],[],"['https://eu.wikibooks.org/wiki/Sukaldaritza_liburua/Errezetak/Txekor_tripaki_eta_muturrak,_Bizkaiko_saltsan', 'https://eu.wikibooks.org/wiki/Sukaldaritza_liburua/Errezetak/Txekor_tripaki_eta_muturrak,_Bizkaiko_saltsan']"
Txerri azpizuna onddoz beteta eta Roquefort saltsarekin,['Oliba olioa'],['Bigarren platerak'],[],['https://eu.wikibooks.org/wiki/Sukaldaritza_liburua/Errezetak/Txerri_azpizuna_onddoz_beteta_eta_Roquefort_saltsarekin']
"Txerri azpizuna, txanpinoi eta Roquefort gaztarekin",['Oliba olioa'],['Bigarren platerak'],[],"['https://eu.wikibooks.org/wiki/Sukaldaritza_liburua/Errezetak/Txerri_azpizuna,_txanpinoi_eta_Roquefort_gaztarekin']"
Txerri iberiar Sekretoa parrilan Gernikako piperrekin,['Haragia'],['Bigarren platerak'],['Plantxan'],['https://eu.wikibooks.org/wiki/Sukaldaritza_liburua/Errezetak/Txerri_iberiar_Sekretoa_parrilan_Gernikako_piperrekin']
Txerri iberiarraren presa carpaccioa.jpg,['Haragia'],['Bigarren platerak'],[],['https://eu.wikibooks.org/wiki/Sukaldaritza_liburua/Errezetak/Txerri_iberiarraren_presa_carpaccioa.jpg']
Txerri masailak saltsan,['Oliba olioa'],['Bigarren platerak'],[],['https://eu.wikibooks.org/wiki/Sukaldaritza_liburua/Errezetak/Txerri_masailak_saltsan']
Txibi frijituak,['Itsaskia'],['Bigarren platerak'],[],['https://eu.wikibooks.org/wiki/Sukaldaritza_liburua/Errezetak/Txibi_frijituak']
Txipiroi begi handiak bere tintan,['Itsaskia'],['Bigarren platerak'],[],['https://eu.wikibooks.org/wiki/Sukaldaritza_liburua/Errezetak/Txipiroi_begi_handiak_bere_tintan']
Txipiroi frijituak,['Itsaskia'],['Bigarren platerak'],[],['https://eu.wikibooks.org/wiki/Sukaldaritza_liburua/Errezetak/Txipiroi_frijituak']
Txipiroi tinta saltsa,['Itsaskia'],['Bigarren platerak'],[],['https://eu.wikibooks.org/wiki/Sukaldaritza_liburua/Errezetak/Txipiroi_tinta_saltsa']
Txipiroiak Pelaio erara,"['Itsaskia', 'Oliba olioa']",['Bigarren platerak'],[],"['https://eu.wikibooks.org/wiki/Sukaldaritza_liburua/Errezetak/Txipiroiak_Pelaio_erara', 'https://eu.wikibooks.org/wiki/Sukaldaritza_liburua/Errezetak/Txipiroiak_Pelaio_erara']"
Txipiroiak bere tintan,['Itsaskia'],['Bigarren platerak'],[],['https://eu.wikibooks.org/wiki/Sukaldaritza_liburua/Errezetak/Txipiroiak_bere_tintan']
Txipiroiak pelaio erara,['Itsaskia'],['Bigarren platerak'],[],['https://eu.wikibooks.org/wiki/Sukaldaritza_liburua/Errezetak/Txipiroiak_pelaio_erara']
Txipiroiak plantxan,['Itsaskia'],['Bigarren platerak'],['Plantxan'],['https://eu.wikibooks.org/wiki/Sukaldaritza_liburua/Errezetak/Txipiroiak_plantxan']
Txipiroiak plantxan tipula goxatu eta letxugarekin,"['Barazkia', 'Itsaskia', 'Oliba olioa']",['Lehen platerak'],['Plantxan'],"['https://eu.wikibooks.org/wiki/Sukaldaritza_liburua/Errezetak/Txipiroiak_plantxan_tipula_goxatu_eta_letxugarekin', 'https://eu.wikibooks.org/wiki/Sukaldaritza_liburua/Errezetak/Txipiroiak_plantxan_tipula_goxatu_eta_letxugarekin', 'https://eu.wikibooks.org/wiki/Sukaldaritza_liburua/Errezetak/Txipiroiak_plantxan_tipula_goxatu_eta_letxugarekin']"
Txirla handiak plantxan,['Itsaskia'],['Bigarren platerak'],['Plantxan'],['https://eu.wikibooks.org/wiki/Sukaldaritza_liburua/Errezetak/Txirla_handiak_plantxan']
Txirlak marinel erara,['Itsaskia'],['Bigarren platerak'],[],['https://eu.wikibooks.org/wiki/Sukaldaritza_liburua/Errezetak/Txirlak_marinel_erara']
Txirlak saltsa berdean,['Itsaskia'],['Bigarren platerak'],[],['https://eu.wikibooks.org/wiki/Sukaldaritza_liburua/Errezetak/Txirlak_saltsa_berdean']
Txirlak zartagian,['Itsaskia'],['Bigarren platerak'],['Plantxan'],['https://eu.wikibooks.org/wiki/Sukaldaritza_liburua/Errezetak/Txirlak_zartagian']
Txitxardin entsalada,['Arraina'],['Bigarren platerak'],[],['https://eu.wikibooks.org/wiki/Sukaldaritza_liburua/Errezetak/Txitxardin_entsalada']
Txitxardinak betiko eran,['Arraina'],['Bigarren platerak'],[],['https://eu.wikibooks.org/wiki/Sukaldaritza_liburua/Errezetak/Txitxardinak_betiko_eran']
Txitxarroa eskabetxean,['Arraina'],['Bigarren platerak'],[],['https://eu.wikibooks.org/wiki/Sukaldaritza_liburua/Errezetak/Txitxarroa_eskabetxean']
Txitxarroa labean,['Arraina'],['Bigarren platerak'],[],['https://eu.wikibooks.org/wiki/Sukaldaritza_liburua/Errezetak/Txitxarroa_labean']
Txitxarroa piperrada eta patata purearekin,"['Arraina', 'Oliba olioa']",['Bigarren platerak'],[],"['https://eu.wikibooks.org/wiki/Sukaldaritza_liburua/Errezetak/Txitxarroa_piperrada_eta_patata_purearekin', 'https://eu.wikibooks.org/wiki/Sukaldaritza_liburua/Errezetak/Txitxarroa_piperrada_eta_patata_purearekin']"
"Txitxarroa plantxan piper erre, tipula eta gari zainzuriekin","['Arraina', 'Barazkia', 'Oliba olioa']",['Bigarren platerak'],['Plantxan'],"['https://eu.wikibooks.org/wiki/Sukaldaritza_liburua/Errezetak/Txitxarroa_plantxan_piper_erre,_tipula_eta_gari_zainzuriekin', 'https://eu.wikibooks.org/wiki/Sukaldaritza_liburua/Errezetak/Txitxarroa_plantxan_piper_erre,_tipula_eta_gari_zainzuriekin', 'https://eu.wikibooks.org/wiki/Sukaldaritza_liburua/Errezetak/Txitxarroa_plantxan_piper_erre,_tipula_eta_gari_zainzuriekin']"
Txitxirioak,['Lekaleak'],['Lehen platerak'],[],['https://eu.wikibooks.org/wiki/Sukaldaritza_liburua/Errezetak/Txitxirioak']
Txokolate bainua,['Txokolatea'],['Azkenburukoak'],[],['https://eu.wikibooks.org/wiki/Sukaldaritza_liburua/Errezetak/Txokolate_bainua']
Txokolate biskuit izozkia,['Txokolatea'],['Azkenburukoak'],[],['https://eu.wikibooks.org/wiki/Sukaldaritza_liburua/Errezetak/Txokolate_biskuit_izozkia']
Txokolate cakea,['Txokolatea'],['Azkenburukoak'],[],['https://eu.wikibooks.org/wiki/Sukaldaritza_liburua/Errezetak/Txokolate_cakea']
Txokolate coulanta,['Txokolatea'],['Azkenburukoak'],[],['https://eu.wikibooks.org/wiki/Sukaldaritza_liburua/Errezetak/Txokolate_coulanta']
Txokolate gailetak,"['Arrautza', 'Txokolatea']",['Azkenburukoak'],[],"['https://eu.wikibooks.org/wiki/Sukaldaritza_liburua/Errezetak/Txokolate_gailetak', 'https://eu.wikibooks.org/wiki/Sukaldaritza_liburua/Errezetak/Txokolate_gailetak']"
Txokolate ganatxea,['Txokolatea'],['Azkenburukoak'],[],['https://eu.wikibooks.org/wiki/Sukaldaritza_liburua/Errezetak/Txokolate_ganatxea']
Txokolate izozkia,['Txokolatea'],['Azkenburukoak'],[],['https://eu.wikibooks.org/wiki/Sukaldaritza_liburua/Errezetak/Txokolate_izozkia']
Txokolate krema,['Txokolatea'],['Azkenburukoak'],['Kremak'],['https://eu.wikibooks.org/wiki/Sukaldaritza_liburua/Errezetak/Txokolate_krema']
Txokolate moussea,['Txokolatea'],['Azkenburukoak'],[],['https://eu.wikibooks.org/wiki/Sukaldaritza_liburua/Errezetak/Txokolate_moussea']
Txokolate muselina,['Txokolatea'],['Azkenburukoak'],[],['https://eu.wikibooks.org/wiki/Sukaldaritza_liburua/Errezetak/Txokolate_muselina']
Txokolate tarta,['Txokolatea'],['Azkenburukoak'],[],['https://eu.wikibooks.org/wiki/Sukaldaritza_liburua/Errezetak/Txokolate_tarta']
Txokolate trufa,['Txokolatea'],['Azkenburukoak'],[],['https://eu.wikibooks.org/wiki/Sukaldaritza_liburua/Errezetak/Txokolate_trufa']
Txokolate trufa bonboia,['Txokolatea'],['Azkenburukoak'],[],['https://eu.wikibooks.org/wiki/Sukaldaritza_liburua/Errezetak/Txokolate_trufa_bonboia']
Txokolate trufa bonboiak,['Txokolatea'],['Azkenburukoak'],[],['https://eu.wikibooks.org/wiki/Sukaldaritza_liburua/Errezetak/Txokolate_trufa_bonboiak']
Txokolate trufa krema,['Txokolatea'],['Azkenburukoak'],['Kremak'],['https://eu.wikibooks.org/wiki/Sukaldaritza_liburua/Errezetak/Txokolate_trufa_krema']
Txokolate zuriaren moussea,['Txokolatea'],['Azkenburukoak'],[],['https://eu.wikibooks.org/wiki/Sukaldaritza_liburua/Errezetak/Txokolate_zuriaren_moussea']
Txokolatezko Euskal pastela,['Txokolatea'],['Azkenburukoak'],[],['https://eu.wikibooks.org/wiki/Sukaldaritza_liburua/Errezetak/Txokolatezko_Euskal_pastela']
Txokolatezko bizkotxo eta marrubi kopa,"['Arrautza', 'Txokolatea']",['Azkenburukoak'],[],"['https://eu.wikibooks.org/wiki/Sukaldaritza_liburua/Errezetak/Txokolatezko_bizkotxo_eta_marrubi_kopa', 'https://eu.wikibooks.org/wiki/Sukaldaritza_liburua/Errezetak/Txokolatezko_bizkotxo_eta_marrubi_kopa']"
Txokolatezko boilur tarta,"['Arrautza', 'Txokolatea']",['Azkenburukoak'],[],"['https://eu.wikibooks.org/wiki/Sukaldaritza_liburua/Errezetak/Txokolatezko_boilur_tarta', 'https://eu.wikibooks.org/wiki/Sukaldaritza_liburua/Errezetak/Txokolatezko_boilur_tarta']"
Txokolatezko boilurrak,['Txokolatea'],['Azkenburukoak'],[],['https://eu.wikibooks.org/wiki/Sukaldaritza_liburua/Errezetak/Txokolatezko_boilurrak']
Txokolatezko ijito besoa,['Txokolatea'],['Azkenburukoak'],[],['https://eu.wikibooks.org/wiki/Sukaldaritza_liburua/Errezetak/Txokolatezko_ijito_besoa']
Txokolatezko krepeak,"['Arrautza', 'Txokolatea']",['Azkenburukoak'],[],"['https://eu.wikibooks.org/wiki/Sukaldaritza_liburua/Errezetak/Txokolatezko_krepeak', 'https://eu.wikibooks.org/wiki/Sukaldaritza_liburua/Errezetak/Txokolatezko_krepeak']"
Txokolatezko pastelak egiteko ohiko bizkotxo arina,['Txokolatea'],['Azkenburukoak'],[],['https://eu.wikibooks.org/wiki/Sukaldaritza_liburua/Errezetak/Txokolatezko_pastelak_egiteko_ohiko_bizkotxo_arina']
Udaberri edo ziza hori nahaskia,['Arrautza'],['Lehen platerak'],[],['https://eu.wikibooks.org/wiki/Sukaldaritza_liburua/Errezetak/Udaberri_edo_ziza_hori_nahaskia']
Udaberriko txinatar biribilkiak,"['Barazkia', 'Oliba olioa']",['Lehen platerak'],[],"['https://eu.wikibooks.org/wiki/Sukaldaritza_liburua/Errezetak/Udaberriko_txinatar_biribilkiak', 'https://eu.wikibooks.org/wiki/Sukaldaritza_liburua/Errezetak/Udaberriko_txinatar_biribilkiak']"
Udako entsalada,"['Barazkia', 'Oliba olioa']",['Lehen platerak'],['Entsalada'],"['https://eu.wikibooks.org/wiki/Sukaldaritza_liburua/Errezetak/Udako_entsalada', 'https://eu.wikibooks.org/wiki/Sukaldaritza_liburua/Errezetak/Udako_entsalada']"
Udare purea,['Fruta'],['Azkenburukoak'],[],['https://eu.wikibooks.org/wiki/Sukaldaritza_liburua/Errezetak/Udare_purea']
Udarea ardotan,['Fruta'],['Azkenburukoak'],[],['https://eu.wikibooks.org/wiki/Sukaldaritza_liburua/Errezetak/Udarea_ardotan']
Udareak urazukretan,['Fruta'],['Azkenburukoak'],[],['https://eu.wikibooks.org/wiki/Sukaldaritza_liburua/Errezetak/Udareak_urazukretan']
Untxia eta txanpiñoiak oporto erara,['Oliba olioa'],['Bigarren platerak'],[],['https://eu.wikibooks.org/wiki/Sukaldaritza_liburua/Errezetak/Untxia_eta_txanpi%C3%B1oiak_oporto_erara']
Urraburua gatzetan,['Arraina'],['Bigarren platerak'],[],['https://eu.wikibooks.org/wiki/Sukaldaritza_liburua/Errezetak/Urraburua_gatzetan']
Usoak saltsan,['Oliba olioa'],['Bigarren platerak'],[],['https://eu.wikibooks.org/wiki/Sukaldaritza_liburua/Errezetak/Usoak_saltsan']
Zainzuri freskoak udaberriko olio ozpinarekin,"['Arrautza', 'Oliba olioa']",['Lehen platerak'],[],"['https://eu.wikibooks.org/wiki/Sukaldaritza_liburua/Errezetak/Zainzuri_freskoak_udaberriko_olio_ozpinarekin', 'https://eu.wikibooks.org/wiki/Sukaldaritza_liburua/Errezetak/Zainzuri_freskoak_udaberriko_olio_ozpinarekin']"
"Zainzuri frijituak, ziazerba kremarekin","['Arrautza', 'Oliba olioa']",['Lehen platerak'],['Frijitu'],"['https://eu.wikibooks.org/wiki/Sukaldaritza_liburua/Errezetak/Zainzuri_frijituak,_ziazerba_kremarekin', 'https://eu.wikibooks.org/wiki/Sukaldaritza_liburua/Errezetak/Zainzuri_frijituak,_ziazerba_kremarekin']"
Zainzuriak barazki ozpin-olioarekin,['Oliba olioa'],['Lehen platerak'],[],['https://eu.wikibooks.org/wiki/Sukaldaritza_liburua/Errezetak/Zainzuriak_barazki_ozpin-olioarekin']
"Zapo, kuia txiki eta txanpiñoi brotxetak","['Arraina', 'Oliba olioa']",['Bigarren platerak'],[],"['https://eu.wikibooks.org/wiki/Sukaldaritza_liburua/Errezetak/Zapo,_kuia_txiki_eta_txanpi%C3%B1oi_brotxetak', 'https://eu.wikibooks.org/wiki/Sukaldaritza_liburua/Errezetak/Zapo,_kuia_txiki_eta_txanpi%C3%B1oi_brotxetak']"
Tomate nahaskia,['Arrautza'],['Lehen platerak'],[],['https://eu.wikibooks.org/wiki/Sukaldaritza_liburua/Errezetak/%E2%80%9C_Tomate_nahaskia']
