item1,item2,equal,incorrect
Albondigak tomate saltsan,Hegaluzea tomate konpotarekin,,
Albondigak tomate saltsan,Tomate entsalada bakailaoarekin,,
Antxoa papillote eran,Antxua papillote eran,,
Antxoa papillote eran,Arrautza mollet eran,,
Antxoa papillote eran,Haragia tartar eran,,
Antxoa papillote eran,Hegalaburra papillote eran,,
Antxoa papillote eran,Txitxardinak betiko eran,,
Antxoak tipulin eta baratxuri freskoekin,Bakailao carpaccioa ziza eta pinaziekin,,
Antxoak tipulin eta baratxuri freskoekin,Barazki eta txekor azpizun erregosia,,
Antxoak tipulin eta baratxuri freskoekin,Frantziar lekak perretxiko eta otarrainxkekin,,
Antxoak tipulin eta baratxuri freskoekin,Hostopila odolki eta barazkiz beteta,,
Antxoak tipulin eta baratxuri freskoekin,Kardua urdaiazpiko eta arrautza eskalfatuarekin,,
Antxoak tipulin eta baratxuri freskoekin,Legatza otarrainxka saldarekin eta txirlekin,,
Antxoak tipulin eta baratxuri freskoekin,Lupia sagardo eta itsaski lurrinekin,,
Antxoak tipulin eta baratxuri freskoekin,Orburuak urdaiazpiko eta arrautza galdarraztatuekin,,
Antxoak tipulin eta baratxuri freskoekin,Orburuak urdaiazpikoarekin eta beasaingo odolkiarekin,,
Antxoak tipulin eta baratxuri freskoekin,Otarrainxkak ziza kremarekin eta arrautzekin,,
Antxoak tipulin eta baratxuri freskoekin,Otarrainxkaz eta barazkiz beteriko kirriskatsuak,,
Antxoak tipulin eta baratxuri freskoekin,Tagliatelle freskoak barazki eta curryarekin,,
Antxoak tipulin eta baratxuri freskoekin,Txekor azpizuna txanpiñoi eta curryarekin,,
Antxoak tipulin eta baratxuri freskoekin,Txekor masailak onddoekin eta arrozarekin,,
Antxoak tipulin eta baratxuri freskoekin,Txokolatezko bizkotxo eta marrubi kopa,,
Antxua papillote eran,Arrautza mollet eran,,
Antxua papillote eran,Haragia tartar eran,,
Antxua papillote eran,Hegalaburra papillote eran,,
Antxua papillote eran,Txitxardinak betiko eran,,
Arrain salda,Barazki salda,,
Arrautza mollet eran,Hegalaburra papillote eran,,
Arrautza mollet eran,Txitxardinak betiko eran,,
Arrautzak kardu eta kutixiekin,Arroza oilasko eta curryarekin,,
Arrautzak kardu eta kutixiekin,Barazki eta otarrainxka risottoa,,
Arrautzak kardu eta kutixiekin,Barazki eta txipiroi entsalada,,
Arrautzak kardu eta kutixiekin,Barazki eta txipiroi risotoa,,
Arrautzak kardu eta kutixiekin,Barazki eta txipiroi risottoa,,
Arrautzak kardu eta kutixiekin,Barazki eta zapo risotoa,,
Arrautzak kardu eta kutixiekin,Fideua barazki eta muskuiluekin,,
Arrautzak kardu eta kutixiekin,Fideua barazki eta otarrainxkekin,,
Arrautzak kardu eta kutixiekin,Fideua otarrainxka eta barazkiekin,,
Arrautzak kardu eta kutixiekin,Marrubi eta kremazko hostopilak,,
Arrautzak kardu eta kutixiekin,Oilasko eta arrautza kroketak,,
Arrautzak kardu eta kutixiekin,Otarrainxka eta onddo milorria,,
Arrautzak kardu eta kutixiekin,Porru eta otarrainxka entsalada,,
Arrautzak kardu eta kutixiekin,Tagliatelleak otarrainxka eta txirlekin,,
Arroz entsalada,Arroz esnea,,
Arroz entsalada,Arroz esnea2,,
Arroz entsalada,Arroz hindua,,
Arroz entsalada,Arroz txuria,,
Arroz entsalada,Arroz zopa,,
Arroz esnea,Arroz esnea2,,
Arroz esnea,Arroz hindua,,
Arroz esnea,Arroz txuria,,
Arroz esnea,Arroz zopa,,
Arroz esnea2,Arroz hindua,,
Arroz esnea2,Arroz txuria,,
Arroz esnea2,Arroz zopa,,
Arroz hindua,Arroz txuria,,
Arroz hindua,Arroz zopa,,
Arroz odolki kruxpetak,Arroz osoa barazkiekin,,
Arroz odolki kruxpetak,Arroz zuria txirlekin,,
Arroz osoa barazkiekin,Arroz zuria txirlekin,,
Arroz txuria,Arroz zopa,,
Arroza japoniar eran egosia,Flamenka eran eginiko arrautzak,,
Arroza oilasko eta curryarekin,Barazki eta otarrainxka risottoa,,
Arroza oilasko eta curryarekin,Barazki eta txipiroi entsalada,,
Arroza oilasko eta curryarekin,Barazki eta txipiroi risotoa,,
Arroza oilasko eta curryarekin,Barazki eta txipiroi risottoa,,
Arroza oilasko eta curryarekin,Barazki eta zapo risotoa,,
Arroza oilasko eta curryarekin,Fideua barazki eta muskuiluekin,,
Arroza oilasko eta curryarekin,Fideua barazki eta otarrainxkekin,,
Arroza oilasko eta curryarekin,Fideua otarrainxka eta barazkiekin,,
Arroza oilasko eta curryarekin,Marrubi eta kremazko hostopilak,,
Arroza oilasko eta curryarekin,Oilasko eta arrautza kroketak,,
Arroza oilasko eta curryarekin,Otarrainxka eta onddo milorria,,
Arroza oilasko eta curryarekin,Porru eta otarrainxka entsalada,,
Arroza oilasko eta curryarekin,Tagliatelleak otarrainxka eta txirlekin,,
Askotariko paella,Bakailao tortilla,,
Askotariko paella,Barazki tortilla,,
Askotariko paella,Itsaski paella,,
Askotariko paella,Paella valentziarra,,
Askotariko paella,Patata tortilla,,
Baba egosia,Babak ilarrekin,,
Baba egosia,Babak urdaiazpikoarekin,,
Babak ilarrekin,Babak urdaiazpikoarekin,,
Bakailao carpaccioa ziza eta pinaziekin,Barazki eta txekor azpizun erregosia,,
Bakailao carpaccioa ziza eta pinaziekin,Frantziar lekak perretxiko eta otarrainxkekin,,
Bakailao carpaccioa ziza eta pinaziekin,Hostopila odolki eta barazkiz beteta,,
Bakailao carpaccioa ziza eta pinaziekin,Kardua urdaiazpiko eta arrautza eskalfatuarekin,,
Bakailao carpaccioa ziza eta pinaziekin,Legatza otarrainxka saldarekin eta txirlekin,,
Bakailao carpaccioa ziza eta pinaziekin,Lupia sagardo eta itsaski lurrinekin,,
Bakailao carpaccioa ziza eta pinaziekin,Orburuak urdaiazpiko eta arrautza galdarraztatuekin,,
Bakailao carpaccioa ziza eta pinaziekin,Orburuak urdaiazpikoarekin eta beasaingo odolkiarekin,,
Bakailao carpaccioa ziza eta pinaziekin,Otarrainxkak ziza kremarekin eta arrautzekin,,
Bakailao carpaccioa ziza eta pinaziekin,Otarrainxkaz eta barazkiz beteriko kirriskatsuak,,
Bakailao carpaccioa ziza eta pinaziekin,Tagliatelle freskoak barazki eta curryarekin,,
Bakailao carpaccioa ziza eta pinaziekin,Txekor azpizuna txanpiñoi eta curryarekin,,
Bakailao carpaccioa ziza eta pinaziekin,Txekor masailak onddoekin eta arrozarekin,,
Bakailao carpaccioa ziza eta pinaziekin,Txokolatezko bizkotxo eta marrubi kopa,,
Bakailao edo legatz kroketak,Ganbak plantxan edo parrilan,,
Bakailao edo legatz kroketak,Ganbak plantxan edo zartaginean,,
Bakailao edo legatz kroketak,Hegaluze edo arrain betegaia,,
Bakailao edo legatz kroketak,Hegaluze edo hegalaburra ontziratua,,
Bakailao edo legatz kroketak,Hegaluze edo hegalaburra tipularekin,,
Bakailao edo legatz kroketak,Hegaluze edo hegalaburra tomatearekin,,
Bakailao edo legatz kroketak,Izokin kanape edo pintxoa,,
Bakailao edo legatz kroketak,Otarrainxka plantxan edo zartaginean,,
Bakailao tortilla,Barazki tortilla,,
Bakailao tortilla,Itsaski paella,,
Bakailao tortilla,Paella valentziarra,,
Bakailao tortilla,Patata tortilla,,
Bakailo piper beteak,Haragizko piper beteak,,
Barazki eta otarrainxka risottoa,Barazki eta txipiroi entsalada,,
Barazki eta otarrainxka risottoa,Barazki eta txipiroi risotoa,,
Barazki eta otarrainxka risottoa,Barazki eta txipiroi risottoa,,
Barazki eta otarrainxka risottoa,Barazki eta zapo risotoa,,
Barazki eta otarrainxka risottoa,Fideua barazki eta muskuiluekin,,
Barazki eta otarrainxka risottoa,Fideua barazki eta otarrainxkekin,,
Barazki eta otarrainxka risottoa,Fideua otarrainxka eta barazkiekin,,
Barazki eta otarrainxka risottoa,Marrubi eta kremazko hostopilak,,
Barazki eta otarrainxka risottoa,Oilasko eta arrautza kroketak,,
Barazki eta otarrainxka risottoa,Otarrainxka eta onddo milorria,,
Barazki eta otarrainxka risottoa,Porru eta otarrainxka entsalada,,
Barazki eta otarrainxka risottoa,Tagliatelleak otarrainxka eta txirlekin,,
Barazki eta txekor azpizun erregosia,Frantziar lekak perretxiko eta otarrainxkekin,,
Barazki eta txekor azpizun erregosia,Hostopila odolki eta barazkiz beteta,,
Barazki eta txekor azpizun erregosia,Kardua urdaiazpiko eta arrautza eskalfatuarekin,,
Barazki eta txekor azpizun erregosia,Legatza otarrainxka saldarekin eta txirlekin,,
Barazki eta txekor azpizun erregosia,Lupia sagardo eta itsaski lurrinekin,,
Barazki eta txekor azpizun erregosia,Orburuak urdaiazpiko eta arrautza galdarraztatuekin,,
Barazki eta txekor azpizun erregosia,Orburuak urdaiazpikoarekin eta beasaingo odolkiarekin,,
Barazki eta txekor azpizun erregosia,Otarrainxkak ziza kremarekin eta arrautzekin,,
Barazki eta txekor azpizun erregosia,Otarrainxkaz eta barazkiz beteriko kirriskatsuak,,
Barazki eta txekor azpizun erregosia,Tagliatelle freskoak barazki eta curryarekin,,
Barazki eta txekor azpizun erregosia,Txekor azpizuna txanpiñoi eta curryarekin,,
Barazki eta txekor azpizun erregosia,Txekor masailak onddoekin eta arrozarekin,,
Barazki eta txekor azpizun erregosia,Txokolatezko bizkotxo eta marrubi kopa,,
Barazki eta txipiroi entsalada,Barazki eta txipiroi risotoa,,
Barazki eta txipiroi entsalada,Barazki eta txipiroi risottoa,,
Barazki eta txipiroi entsalada,Barazki eta zapo risotoa,,
Barazki eta txipiroi entsalada,Fideua barazki eta muskuiluekin,,
Barazki eta txipiroi entsalada,Fideua barazki eta otarrainxkekin,,
Barazki eta txipiroi entsalada,Fideua otarrainxka eta barazkiekin,,
Barazki eta txipiroi entsalada,Marrubi eta kremazko hostopilak,,
Barazki eta txipiroi entsalada,Oilasko eta arrautza kroketak,,
Barazki eta txipiroi entsalada,Otarrainxka eta onddo milorria,,
Barazki eta txipiroi entsalada,Porru eta otarrainxka entsalada,,
Barazki eta txipiroi entsalada,Tagliatelleak otarrainxka eta txirlekin,,
Barazki eta txipiroi risotoa,Barazki eta txipiroi risottoa,,
Barazki eta txipiroi risotoa,Barazki eta zapo risotoa,,
Barazki eta txipiroi risotoa,Fideua barazki eta muskuiluekin,,
Barazki eta txipiroi risotoa,Fideua barazki eta otarrainxkekin,,
Barazki eta txipiroi risotoa,Fideua otarrainxka eta barazkiekin,,
Barazki eta txipiroi risotoa,Marrubi eta kremazko hostopilak,,
Barazki eta txipiroi risotoa,Oilasko eta arrautza kroketak,,
Barazki eta txipiroi risotoa,Otarrainxka eta onddo milorria,,
Barazki eta txipiroi risotoa,Porru eta otarrainxka entsalada,,
Barazki eta txipiroi risotoa,Tagliatelleak otarrainxka eta txirlekin,,
Barazki eta txipiroi risottoa,Barazki eta zapo risotoa,,
Barazki eta txipiroi risottoa,Fideua barazki eta muskuiluekin,,
Barazki eta txipiroi risottoa,Fideua barazki eta otarrainxkekin,,
Barazki eta txipiroi risottoa,Fideua otarrainxka eta barazkiekin,,
Barazki eta txipiroi risottoa,Marrubi eta kremazko hostopilak,,
Barazki eta txipiroi risottoa,Oilasko eta arrautza kroketak,,
Barazki eta txipiroi risottoa,Otarrainxka eta onddo milorria,,
Barazki eta txipiroi risottoa,Porru eta otarrainxka entsalada,,
Barazki eta txipiroi risottoa,Tagliatelleak otarrainxka eta txirlekin,,
Barazki eta zapo risotoa,Fideua barazki eta muskuiluekin,,
Barazki eta zapo risotoa,Fideua barazki eta otarrainxkekin,,
Barazki eta zapo risotoa,Fideua otarrainxka eta barazkiekin,,
Barazki eta zapo risotoa,Marrubi eta kremazko hostopilak,,
Barazki eta zapo risotoa,Oilasko eta arrautza kroketak,,
Barazki eta zapo risotoa,Otarrainxka eta onddo milorria,,
Barazki eta zapo risotoa,Porru eta otarrainxka entsalada,,
Barazki eta zapo risotoa,Tagliatelleak otarrainxka eta txirlekin,,
Barazki lasagna,Haragi lasagna,,
Barazki moussaka,Marrubi tarta,,
Barazki moussaka,Txokolate tarta,,
Barazki tortilla,Itsaski paella,,
Barazki tortilla,Paella valentziarra,,
Barazki tortilla,Patata tortilla,,
Etxeko bizkotxoa marrubiekin eta esne gainarekin,Haragi egosiz eta txanpinoiz beteriko piperrak,,
Etxeko bizkotxoa marrubiekin eta esne gainarekin,Kalabazin txalupak otarrainxka eta ziazerbaz beteak,,
Etxeko bizkotxoa marrubiekin eta esne gainarekin,Legatza plantxan kuia txikiarekin eta pipermorroekin,,
Etxeko bizkotxoa marrubiekin eta esne gainarekin,Legatza saltsa berdean txirla eta kokotxekin,,
Etxeko bizkotxoa marrubiekin eta esne gainarekin,Odolki kurruskatsuak pikillo piperrekin eta azarekin,,
Etxeko bizkotxoa marrubiekin eta esne gainarekin,Oilasko izterrak txanpinoi krema eta curryarekin,,
Etxeko bizkotxoa marrubiekin eta esne gainarekin,Orburuak urdaiazpiko ziazerba eta beasaingo odolkiarekin,,
Etxeko bizkotxoa marrubiekin eta esne gainarekin,Porru entsalada guakamole eta izokin ketuarekin,,
Etxeko bizkotxoa marrubiekin eta esne gainarekin,Txanpinoi txapelak orburu eta ziazerbaz beteak,,
Etxeko bizkotxoa marrubiekin eta esne gainarekin,Txekor tripaki eta muturrak bizkaiko saltsan,,
Etxeko bizkotxoa marrubiekin eta esne gainarekin,Txipiroiak plantxan tipula goxatu eta letxugarekin,,
Fideua barazki eta muskuiluekin,Fideua barazki eta otarrainxkekin,,
Fideua barazki eta muskuiluekin,Fideua otarrainxka eta barazkiekin,,
Fideua barazki eta muskuiluekin,Marrubi eta kremazko hostopilak,,
Fideua barazki eta muskuiluekin,Oilasko eta arrautza kroketak,,
Fideua barazki eta muskuiluekin,Otarrainxka eta onddo milorria,,
Fideua barazki eta muskuiluekin,Porru eta otarrainxka entsalada,,
Fideua barazki eta muskuiluekin,Tagliatelleak otarrainxka eta txirlekin,,
Fideua barazki eta otarrainxkekin,Fideua otarrainxka eta barazkiekin,,
Fideua barazki eta otarrainxkekin,Marrubi eta kremazko hostopilak,,
Fideua barazki eta otarrainxkekin,Oilasko eta arrautza kroketak,,
Fideua barazki eta otarrainxkekin,Otarrainxka eta onddo milorria,,
Fideua barazki eta otarrainxkekin,Porru eta otarrainxka entsalada,,
Fideua barazki eta otarrainxkekin,Tagliatelleak otarrainxka eta txirlekin,,
Fideua otarrainxka eta barazkiekin,Marrubi eta kremazko hostopilak,,
Fideua otarrainxka eta barazkiekin,Oilasko eta arrautza kroketak,,
Fideua otarrainxka eta barazkiekin,Otarrainxka eta onddo milorria,,
Fideua otarrainxka eta barazkiekin,Porru eta otarrainxka entsalada,,
Fideua otarrainxka eta barazkiekin,Tagliatelleak otarrainxka eta txirlekin,,
Frantziar lekak perretxiko eta otarrainxkekin,Hostopila odolki eta barazkiz beteta,,
Frantziar lekak perretxiko eta otarrainxkekin,Kardua urdaiazpiko eta arrautza eskalfatuarekin,,
Frantziar lekak perretxiko eta otarrainxkekin,Legatza otarrainxka saldarekin eta txirlekin,,
Frantziar lekak perretxiko eta otarrainxkekin,Lupia sagardo eta itsaski lurrinekin,,
Frantziar lekak perretxiko eta otarrainxkekin,Orburuak urdaiazpiko eta arrautza galdarraztatuekin,,
Frantziar lekak perretxiko eta otarrainxkekin,Orburuak urdaiazpikoarekin eta beasaingo odolkiarekin,,
Frantziar lekak perretxiko eta otarrainxkekin,Otarrainxkak ziza kremarekin eta arrautzekin,,
Frantziar lekak perretxiko eta otarrainxkekin,Otarrainxkaz eta barazkiz beteriko kirriskatsuak,,
Frantziar lekak perretxiko eta otarrainxkekin,Tagliatelle freskoak barazki eta curryarekin,,
Frantziar lekak perretxiko eta otarrainxkekin,Txekor azpizuna txanpiñoi eta curryarekin,,
Frantziar lekak perretxiko eta otarrainxkekin,Txekor masailak onddoekin eta arrozarekin,,
Frantziar lekak perretxiko eta otarrainxkekin,Txokolatezko bizkotxo eta marrubi kopa,,
Fruta mazedonia,Fruta moussea,,
Ganbak plantxan edo parrilan,Ganbak plantxan edo zartaginean,,
Ganbak plantxan edo parrilan,Hegaluze edo arrain betegaia,,
Ganbak plantxan edo parrilan,Hegaluze edo hegalaburra ontziratua,,
Ganbak plantxan edo parrilan,Hegaluze edo hegalaburra tipularekin,,
Ganbak plantxan edo parrilan,Hegaluze edo hegalaburra tomatearekin,,
Ganbak plantxan edo parrilan,Izokin kanape edo pintxoa,,
Ganbak plantxan edo parrilan,Otarrainxka plantxan edo zartaginean,,
Ganbak plantxan edo zartaginean,Hegaluze edo arrain betegaia,,
Ganbak plantxan edo zartaginean,Hegaluze edo hegalaburra ontziratua,,
Ganbak plantxan edo zartaginean,Hegaluze edo hegalaburra tipularekin,,
Ganbak plantxan edo zartaginean,Hegaluze edo hegalaburra tomatearekin,,
Ganbak plantxan edo zartaginean,Izokin kanape edo pintxoa,,
Ganbak plantxan edo zartaginean,Otarrainxka plantxan edo zartaginean,,
Gazta izozkia,Gazta krema,,
Gazta izozkia,Gazta kroketak,,
Gazta izozkia,Itsas zapoa,,
Gazta krema,Gazta kroketak,,
Gazta krema,Itsas zapoa,,
Gazta kroketak,Itsas zapoa,,
Gaztaz beteriko ravioliak txanpiñoi eta txirla kremarekin,Legatz xerrak plantxan barazki eta baratxuri freskoekin,,
Gaztaz beteriko ravioliak txanpiñoi eta txirla kremarekin,Patata berri zainzuri eta izokin ketu entsalada,,
Gaztaz beteriko ravioliak txanpiñoi eta txirla kremarekin,Tuterako orburuak txerri solomo kalabazin eta curryarekin,,
Gaztaz beteriko ravioliak txanpiñoi eta txirla kremarekin,Txekor azpizuna orburuekin eta idiazabalgo gaztaren saltsarekin,,
Haragi bolak tomate saltsan,Orburuak entsaladan raf tomateekin,,
Haragi egosiz eta txanpinoiz beteriko piperrak,Kalabazin txalupak otarrainxka eta ziazerbaz beteak,,
Haragi egosiz eta txanpinoiz beteriko piperrak,Legatza plantxan kuia txikiarekin eta pipermorroekin,,
Haragi egosiz eta txanpinoiz beteriko piperrak,Legatza saltsa berdean txirla eta kokotxekin,,
Haragi egosiz eta txanpinoiz beteriko piperrak,Odolki kurruskatsuak pikillo piperrekin eta azarekin,,
Haragi egosiz eta txanpinoiz beteriko piperrak,Oilasko izterrak txanpinoi krema eta curryarekin,,
Haragi egosiz eta txanpinoiz beteriko piperrak,Orburuak urdaiazpiko ziazerba eta beasaingo odolkiarekin,,
Haragi egosiz eta txanpinoiz beteriko piperrak,Porru entsalada guakamole eta izokin ketuarekin,,
Haragi egosiz eta txanpinoiz beteriko piperrak,Txanpinoi txapelak orburu eta ziazerbaz beteak,,
Haragi egosiz eta txanpinoiz beteriko piperrak,Txekor tripaki eta muturrak bizkaiko saltsan,,
Haragi egosiz eta txanpinoiz beteriko piperrak,Txipiroiak plantxan tipula goxatu eta letxugarekin,,
Haragia tartar eran,Hegalaburra papillote eran,,
Haragia tartar eran,Txitxardinak betiko eran,,
Hegalaburra papillote eran,Txitxardinak betiko eran,,
Hegaluze ahuakate eta piper tartarra,Hegaluze eta ibarrako piper pintxoa,,
Hegaluze edo arrain betegaia,Hegaluze edo hegalaburra ontziratua,,
Hegaluze edo arrain betegaia,Hegaluze edo hegalaburra tipularekin,,
Hegaluze edo arrain betegaia,Hegaluze edo hegalaburra tomatearekin,,
Hegaluze edo arrain betegaia,Izokin kanape edo pintxoa,,
Hegaluze edo arrain betegaia,Otarrainxka plantxan edo zartaginean,,
Hegaluze edo hegalaburra ontziratua,Hegaluze edo hegalaburra tipularekin,,
Hegaluze edo hegalaburra ontziratua,Hegaluze edo hegalaburra tomatearekin,,
Hegaluze edo hegalaburra ontziratua,Izokin kanape edo pintxoa,,
Hegaluze edo hegalaburra ontziratua,Otarrainxka plantxan edo zartaginean,,
Hegaluze edo hegalaburra tipularekin,Hegaluze edo hegalaburra tomatearekin,,
Hegaluze edo hegalaburra tipularekin,Izokin kanape edo pintxoa,,
Hegaluze edo hegalaburra tipularekin,Otarrainxka plantxan edo zartaginean,,
Hegaluze edo hegalaburra tomatearekin,Izokin kanape edo pintxoa,,
Hegaluze edo hegalaburra tomatearekin,Otarrainxka plantxan edo zartaginean,,
Hegaluzea tomate konpotarekin,Tomate entsalada bakailaoarekin,,
Hostopila odolki eta barazkiz beteta,Kardua urdaiazpiko eta arrautza eskalfatuarekin,,
Hostopila odolki eta barazkiz beteta,Legatza otarrainxka saldarekin eta txirlekin,,
Hostopila odolki eta barazkiz beteta,Lupia sagardo eta itsaski lurrinekin,,
Hostopila odolki eta barazkiz beteta,Orburuak urdaiazpiko eta arrautza galdarraztatuekin,,
Hostopila odolki eta barazkiz beteta,Orburuak urdaiazpikoarekin eta beasaingo odolkiarekin,,
Hostopila odolki eta barazkiz beteta,Otarrainxkak ziza kremarekin eta arrautzekin,,
Hostopila odolki eta barazkiz beteta,Otarrainxkaz eta barazkiz beteriko kirriskatsuak,,
Hostopila odolki eta barazkiz beteta,Tagliatelle freskoak barazki eta curryarekin,,
Hostopila odolki eta barazkiz beteta,Txekor azpizuna txanpiñoi eta curryarekin,,
Hostopila odolki eta barazkiz beteta,Txekor masailak onddoekin eta arrozarekin,,
Hostopila odolki eta barazkiz beteta,Txokolatezko bizkotxo eta marrubi kopa,,
Itsaski paella,Paella valentziarra,,
Itsaski paella,Patata tortilla,,
Izokin kanape edo pintxoa,Otarrainxka plantxan edo zartaginean,,
Kalabazin txalupak otarrainxka eta ziazerbaz beteak,Legatza plantxan kuia txikiarekin eta pipermorroekin,,
Kalabazin txalupak otarrainxka eta ziazerbaz beteak,Legatza saltsa berdean txirla eta kokotxekin,,
Kalabazin txalupak otarrainxka eta ziazerbaz beteak,Odolki kurruskatsuak pikillo piperrekin eta azarekin,,
Kalabazin txalupak otarrainxka eta ziazerbaz beteak,Oilasko izterrak txanpinoi krema eta curryarekin,,
Kalabazin txalupak otarrainxka eta ziazerbaz beteak,Orburuak urdaiazpiko ziazerba eta beasaingo odolkiarekin,,
Kalabazin txalupak otarrainxka eta ziazerbaz beteak,Porru entsalada guakamole eta izokin ketuarekin,,
Kalabazin txalupak otarrainxka eta ziazerbaz beteak,Txanpinoi txapelak orburu eta ziazerbaz beteak,,
Kalabazin txalupak otarrainxka eta ziazerbaz beteak,Txekor tripaki eta muturrak bizkaiko saltsan,,
Kalabazin txalupak otarrainxka eta ziazerbaz beteak,Txipiroiak plantxan tipula goxatu eta letxugarekin,,
Kardua urdaiazpiko eta arrautza eskalfatuarekin,Legatza otarrainxka saldarekin eta txirlekin,,
Kardua urdaiazpiko eta arrautza eskalfatuarekin,Lupia sagardo eta itsaski lurrinekin,,
Kardua urdaiazpiko eta arrautza eskalfatuarekin,Orburuak urdaiazpiko eta arrautza galdarraztatuekin,,
Kardua urdaiazpiko eta arrautza eskalfatuarekin,Orburuak urdaiazpikoarekin eta beasaingo odolkiarekin,,
Kardua urdaiazpiko eta arrautza eskalfatuarekin,Otarrainxkak ziza kremarekin eta arrautzekin,,
Kardua urdaiazpiko eta arrautza eskalfatuarekin,Otarrainxkaz eta barazkiz beteriko kirriskatsuak,,
Kardua urdaiazpiko eta arrautza eskalfatuarekin,Tagliatelle freskoak barazki eta curryarekin,,
Kardua urdaiazpiko eta arrautza eskalfatuarekin,Txekor azpizuna txanpiñoi eta curryarekin,,
Kardua urdaiazpiko eta arrautza eskalfatuarekin,Txekor masailak onddoekin eta arrozarekin,,
Kardua urdaiazpiko eta arrautza eskalfatuarekin,Txokolatezko bizkotxo eta marrubi kopa,,
Kokotxak leka eta tomate konpotarekin,Tagliateliak antxoa eta cherry tomateekin,,
Kuia tomate eta kantauriko antxoa lasagna,Tomate mozzarella barrengorri eta urdaiazpiko pizza,,
Legatz xerrak plantxan barazki eta baratxuri freskoekin,Patata berri zainzuri eta izokin ketu entsalada,,
Legatz xerrak plantxan barazki eta baratxuri freskoekin,Tuterako orburuak txerri solomo kalabazin eta curryarekin,,
Legatz xerrak plantxan barazki eta baratxuri freskoekin,Txekor azpizuna orburuekin eta idiazabalgo gaztaren saltsarekin,,
Legatza otarrainxka saldarekin eta txirlekin,Lupia sagardo eta itsaski lurrinekin,,
Legatza otarrainxka saldarekin eta txirlekin,Orburuak urdaiazpiko eta arrautza galdarraztatuekin,,
Legatza otarrainxka saldarekin eta txirlekin,Orburuak urdaiazpikoarekin eta beasaingo odolkiarekin,,
Legatza otarrainxka saldarekin eta txirlekin,Otarrainxkak ziza kremarekin eta arrautzekin,,
Legatza otarrainxka saldarekin eta txirlekin,Otarrainxkaz eta barazkiz beteriko kirriskatsuak,,
Legatza otarrainxka saldarekin eta txirlekin,Tagliatelle freskoak barazki eta curryarekin,,
Legatza otarrainxka saldarekin eta txirlekin,Txekor azpizuna txanpiñoi eta curryarekin,,
Legatza otarrainxka saldarekin eta txirlekin,Txekor masailak onddoekin eta arrozarekin,,
Legatza otarrainxka saldarekin eta txirlekin,Txokolatezko bizkotxo eta marrubi kopa,,
Legatza plantxan kuia txikiarekin eta pipermorroekin,Legatza saltsa berdean txirla eta kokotxekin,,
Legatza plantxan kuia txikiarekin eta pipermorroekin,Odolki kurruskatsuak pikillo piperrekin eta azarekin,,
Legatza plantxan kuia txikiarekin eta pipermorroekin,Oilasko izterrak txanpinoi krema eta curryarekin,,
Legatza plantxan kuia txikiarekin eta pipermorroekin,Orburuak urdaiazpiko ziazerba eta beasaingo odolkiarekin,,
Legatza plantxan kuia txikiarekin eta pipermorroekin,Porru entsalada guakamole eta izokin ketuarekin,,
Legatza plantxan kuia txikiarekin eta pipermorroekin,Txanpinoi txapelak orburu eta ziazerbaz beteak,,
Legatza plantxan kuia txikiarekin eta pipermorroekin,Txekor tripaki eta muturrak bizkaiko saltsan,,
Legatza plantxan kuia txikiarekin eta pipermorroekin,Txipiroiak plantxan tipula goxatu eta letxugarekin,,
Legatza saltsa berdean txirla eta kokotxekin,Odolki kurruskatsuak pikillo piperrekin eta azarekin,,
Legatza saltsa berdean txirla eta kokotxekin,Oilasko izterrak txanpinoi krema eta curryarekin,,
Legatza saltsa berdean txirla eta kokotxekin,Orburuak urdaiazpiko ziazerba eta beasaingo odolkiarekin,,
Legatza saltsa berdean txirla eta kokotxekin,Porru entsalada guakamole eta izokin ketuarekin,,
Legatza saltsa berdean txirla eta kokotxekin,Txanpinoi txapelak orburu eta ziazerbaz beteak,,
Legatza saltsa berdean txirla eta kokotxekin,Txekor tripaki eta muturrak bizkaiko saltsan,,
Legatza saltsa berdean txirla eta kokotxekin,Txipiroiak plantxan tipula goxatu eta letxugarekin,,
Lupia sagardo eta itsaski lurrinekin,Orburuak urdaiazpiko eta arrautza galdarraztatuekin,,
Lupia sagardo eta itsaski lurrinekin,Orburuak urdaiazpikoarekin eta beasaingo odolkiarekin,,
Lupia sagardo eta itsaski lurrinekin,Otarrainxkak ziza kremarekin eta arrautzekin,,
Lupia sagardo eta itsaski lurrinekin,Otarrainxkaz eta barazkiz beteriko kirriskatsuak,,
Lupia sagardo eta itsaski lurrinekin,Tagliatelle freskoak barazki eta curryarekin,,
Lupia sagardo eta itsaski lurrinekin,Txekor azpizuna txanpiñoi eta curryarekin,,
Lupia sagardo eta itsaski lurrinekin,Txekor masailak onddoekin eta arrozarekin,,
Lupia sagardo eta itsaski lurrinekin,Txokolatezko bizkotxo eta marrubi kopa,,
Marrubi eta kremazko hostopilak,Oilasko eta arrautza kroketak,,
Marrubi eta kremazko hostopilak,Otarrainxka eta onddo milorria,,
Marrubi eta kremazko hostopilak,Porru eta otarrainxka entsalada,,
Marrubi eta kremazko hostopilak,Tagliatelleak otarrainxka eta txirlekin,,
Marrubi tarta,Txokolate tarta,,
Nafarroako zainzuriak bakailao kokotxekin,Nafarroako zainzuriak onddoz beteak,,
Odolki kurruskatsuak pikillo piperrekin eta azarekin,Oilasko izterrak txanpinoi krema eta curryarekin,,
Odolki kurruskatsuak pikillo piperrekin eta azarekin,Orburuak urdaiazpiko ziazerba eta beasaingo odolkiarekin,,
Odolki kurruskatsuak pikillo piperrekin eta azarekin,Porru entsalada guakamole eta izokin ketuarekin,,
Odolki kurruskatsuak pikillo piperrekin eta azarekin,Txanpinoi txapelak orburu eta ziazerbaz beteak,,
Odolki kurruskatsuak pikillo piperrekin eta azarekin,Txekor tripaki eta muturrak bizkaiko saltsan,,
Odolki kurruskatsuak pikillo piperrekin eta azarekin,Txipiroiak plantxan tipula goxatu eta letxugarekin,,
Oilasko eta arrautza kroketak,Otarrainxka eta onddo milorria,,
Oilasko eta arrautza kroketak,Porru eta otarrainxka entsalada,,
Oilasko eta arrautza kroketak,Tagliatelleak otarrainxka eta txirlekin,,
Oilasko izterrak txanpinoi krema eta curryarekin,Orburuak urdaiazpiko ziazerba eta beasaingo odolkiarekin,,
Oilasko izterrak txanpinoi krema eta curryarekin,Porru entsalada guakamole eta izokin ketuarekin,,
Oilasko izterrak txanpinoi krema eta curryarekin,Txanpinoi txapelak orburu eta ziazerbaz beteak,,
Oilasko izterrak txanpinoi krema eta curryarekin,Txekor tripaki eta muturrak bizkaiko saltsan,,
Oilasko izterrak txanpinoi krema eta curryarekin,Txipiroiak plantxan tipula goxatu eta letxugarekin,,
Orburuak urdaiazpiko eta arrautza galdarraztatuekin,Orburuak urdaiazpikoarekin eta beasaingo odolkiarekin,,
Orburuak urdaiazpiko eta arrautza galdarraztatuekin,Otarrainxkak ziza kremarekin eta arrautzekin,,
Orburuak urdaiazpiko eta arrautza galdarraztatuekin,Otarrainxkaz eta barazkiz beteriko kirriskatsuak,,
Orburuak urdaiazpiko eta arrautza galdarraztatuekin,Tagliatelle freskoak barazki eta curryarekin,,
Orburuak urdaiazpiko eta arrautza galdarraztatuekin,Txekor azpizuna txanpiñoi eta curryarekin,,
Orburuak urdaiazpiko eta arrautza galdarraztatuekin,Txekor masailak onddoekin eta arrozarekin,,
Orburuak urdaiazpiko eta arrautza galdarraztatuekin,Txokolatezko bizkotxo eta marrubi kopa,,
Orburuak urdaiazpiko ziazerba eta beasaingo odolkiarekin,Porru entsalada guakamole eta izokin ketuarekin,,
Orburuak urdaiazpiko ziazerba eta beasaingo odolkiarekin,Txanpinoi txapelak orburu eta ziazerbaz beteak,,
Orburuak urdaiazpiko ziazerba eta beasaingo odolkiarekin,Txekor tripaki eta muturrak bizkaiko saltsan,,
Orburuak urdaiazpiko ziazerba eta beasaingo odolkiarekin,Txipiroiak plantxan tipula goxatu eta letxugarekin,,
Orburuak urdaiazpikoarekin eta beasaingo odolkiarekin,Otarrainxkak ziza kremarekin eta arrautzekin,,
Orburuak urdaiazpikoarekin eta beasaingo odolkiarekin,Otarrainxkaz eta barazkiz beteriko kirriskatsuak,,
Orburuak urdaiazpikoarekin eta beasaingo odolkiarekin,Tagliatelle freskoak barazki eta curryarekin,,
Orburuak urdaiazpikoarekin eta beasaingo odolkiarekin,Txekor azpizuna txanpiñoi eta curryarekin,,
Orburuak urdaiazpikoarekin eta beasaingo odolkiarekin,Txekor masailak onddoekin eta arrozarekin,,
Orburuak urdaiazpikoarekin eta beasaingo odolkiarekin,Txokolatezko bizkotxo eta marrubi kopa,,
Otarrainxka eta onddo milorria,Porru eta otarrainxka entsalada,,
Otarrainxka eta onddo milorria,Tagliatelleak otarrainxka eta txirlekin,,
Otarrainxkak ziza kremarekin eta arrautzekin,Otarrainxkaz eta barazkiz beteriko kirriskatsuak,,
Otarrainxkak ziza kremarekin eta arrautzekin,Tagliatelle freskoak barazki eta curryarekin,,
Otarrainxkak ziza kremarekin eta arrautzekin,Txekor azpizuna txanpiñoi eta curryarekin,,
Otarrainxkak ziza kremarekin eta arrautzekin,Txekor masailak onddoekin eta arrozarekin,,
Otarrainxkak ziza kremarekin eta arrautzekin,Txokolatezko bizkotxo eta marrubi kopa,,
Otarrainxkaz eta barazkiz beteriko kirriskatsuak,Tagliatelle freskoak barazki eta curryarekin,,
Otarrainxkaz eta barazkiz beteriko kirriskatsuak,Txekor azpizuna txanpiñoi eta curryarekin,,
Otarrainxkaz eta barazkiz beteriko kirriskatsuak,Txekor masailak onddoekin eta arrozarekin,,
Otarrainxkaz eta barazkiz beteriko kirriskatsuak,Txokolatezko bizkotxo eta marrubi kopa,,
Paella valentziarra,Patata tortilla,,
Pasta barazkiekin,Pasta carbonara,,
Pasta barazkiekin,Pasta entsalada,,
Pasta barazkiekin,Pasta freskoa,,
Pasta barazkiekin,Pasta freskoa2,,
Pasta barazkiekin,Pasta perretxikoekin,,
Pasta carbonara,Pasta entsalada,,
Pasta carbonara,Pasta freskoa,,
Pasta carbonara,Pasta freskoa2,,
Pasta carbonara,Pasta perretxikoekin,,
Pasta entsalada,Pasta freskoa,,
Pasta entsalada,Pasta freskoa2,,
Pasta entsalada,Pasta perretxikoekin,,
Pasta freskoa,Pasta freskoa2,,
Pasta freskoa,Pasta perretxikoekin,,
Pasta freskoa2,Pasta perretxikoekin,,
Patata berri zainzuri eta izokin ketu entsalada,Tuterako orburuak txerri solomo kalabazin eta curryarekin,,
Patata berri zainzuri eta izokin ketu entsalada,Txekor azpizuna orburuekin eta idiazabalgo gaztaren saltsarekin,,
Patata tortila,Patata tortilla,,
Patata tortila,Txokolate trufa,,
Patata tortilla,Txokolate trufa,,
Porru entsalada guakamole eta izokin ketuarekin,Txanpinoi txapelak orburu eta ziazerbaz beteak,,
Porru entsalada guakamole eta izokin ketuarekin,Txekor tripaki eta muturrak bizkaiko saltsan,,
Porru entsalada guakamole eta izokin ketuarekin,Txipiroiak plantxan tipula goxatu eta letxugarekin,,
Porru eta otarrainxka entsalada,Tagliatelleak otarrainxka eta txirlekin,,
Tagliatelle freskoak barazki eta curryarekin,Txekor azpizuna txanpiñoi eta curryarekin,,
Tagliatelle freskoak barazki eta curryarekin,Txekor masailak onddoekin eta arrozarekin,,
Tagliatelle freskoak barazki eta curryarekin,Txokolatezko bizkotxo eta marrubi kopa,,
Tiramisu moussea arroz esne kremarekin,Txanpinoi txapelak plantxan arroz odolkiarekin,,
Trufazko txokolate tarta,Txokolatezko boilur tarta,,
Tuterako kukuluak brie gazta eta txipiroiekin,Txerri azpizuna txanpinoi eta roquefort gaztarekin,,
Tuterako orburuak txerri solomo kalabazin eta curryarekin,Txekor azpizuna orburuekin eta idiazabalgo gaztaren saltsarekin,,
Txanpinoi txapelak orburu eta ziazerbaz beteak,Txekor tripaki eta muturrak bizkaiko saltsan,,
Txanpinoi txapelak orburu eta ziazerbaz beteak,Txipiroiak plantxan tipula goxatu eta letxugarekin,,
Txekor azpizuna txanpiñoi eta curryarekin,Txekor masailak onddoekin eta arrozarekin,,
Txekor azpizuna txanpiñoi eta curryarekin,Txokolatezko bizkotxo eta marrubi kopa,,
Txekor masailak onddoekin eta arrozarekin,Txokolatezko bizkotxo eta marrubi kopa,,
Txekor tripaki eta muturrak bizkaiko saltsan,Txipiroiak plantxan tipula goxatu eta letxugarekin,,
Txokolate trufa bonboia,Txokolate trufa bonboiak,,
Txokolate trufa bonboia,Txokolate trufa krema,,
Txokolate trufa bonboiak,Txokolate trufa krema,,
